ligand,target,best_energy,best_seed,seed_energies,status,timestamp
14-BIS(3-PYRAZOLYLAMINO)BENZO[G]PHTHALAZINE,TDP43_v2,-11.2,42,-11.2000;-11.2000;-11.2000,ok,2026-09-05 00:17:58
2-MERCAPTOETHANESULFONIC_ACID,TDP43_v2,-3.4,42,-3.4000;-3.4000;-3.4000,ok,2026-09-05 00:18:05
"3,3',4',5-TETRACHLOROSALICYLANILIDE",TDP43_v2,-6.4,2026,-6.0000;-6.4000;-6.4000,ok,2026-09-05 00:18:11
5-HYDROXYFLAVONE,TDP43_v2,-7.1,42,-7.1000;-7.0000;-7.0000,ok,2026-09-05 00:18:17
ABACAVIR,TDP43_v2,-5.5,42,-5.5000;-5.5000;-5.5000,ok,2026-09-05 00:18:24
ABACAVIR_SULFATE,TDP43_v2,,,,"error:returncode=1 asive_als_tdp43v4/ligandos/ABACAVIR_SULFATE_out.pdbqt
Reading input ... done.


Parse error on line 67 in file ""/kaggle/working/masive_als_tdp43v4/ligandos/ABACAVIR_SULFATE.pdbqt"": Unknown or inappropriate tag
No valid ligands in the input directory
 | returncode=1 asive_als_tdp43v4/ligandos/ABACAVIR_SULFATE_out.pdbqt
Reading input ... done.


Parse error on line 67 in file ""/kaggle/working/masive_als_tdp43v4/ligandos/ABACAVIR_SULFATE.pdbqt"": Unknown or inappropriate tag
No valid ligands in the input directory
 | returncode=1 asive_als_tdp43v4/ligandos/ABACAVIR_SULFATE_out.pdbqt
Reading input ... done.


Parse error on line 67 in file ""/kaggle/working/masive_als_tdp43v4/ligandos/ABACAVIR_SULFATE.pdbqt"": Unknown or inappropriate tag
No valid ligands in the input directory
",2026-09-05 00:18:24
ABAMETAPIR,TDP43_v2,-6.2,42,-6.2000;-6.0000;-6.1000,ok,2026-09-05 00:18:30
ABEMACICLIB,TDP43_v2,-7.0,2026,-6.9000;-7.0000;-6.8000,ok,2026-09-05 00:18:46
ABROCITINIB,TDP43_v2,-5.7,42,-5.7000;-5.7000;-5.5000,ok,2026-09-05 00:18:55
ACALABRUTINIB,TDP43_v2,-8.3,42,-8.3000;-8.3000;-8.2000,ok,2026-09-05 00:19:11
ACALABRUTINIB_MALEATE,TDP43_v2,,,,"error:returncode=1 tdp43v4/ligandos/ACALABRUTINIB_MALEATE_out.pdbqt
Reading input ... done.


Parse error on line 78 in file ""/kaggle/working/masive_als_tdp43v4/ligandos/ACALABRUTINIB_MALEATE.pdbqt"": Unknown or inappropriate tag
No valid ligands in the input directory
 | returncode=1 tdp43v4/ligandos/ACALABRUTINIB_MALEATE_out.pdbqt
Reading input ... done.


Parse error on line 78 in file ""/kaggle/working/masive_als_tdp43v4/ligandos/ACALABRUTINIB_MALEATE.pdbqt"": Unknown or inappropriate tag
No valid ligands in the input directory
 | returncode=1 tdp43v4/ligandos/ACALABRUTINIB_MALEATE_out.pdbqt
Reading input ... done.


Parse error on line 78 in file ""/kaggle/working/masive_als_tdp43v4/ligandos/ACALABRUTINIB_MALEATE.pdbqt"": Unknown or inappropriate tag
No valid ligands in the input directory
",2026-09-05 00:19:11
ACAMPROSATE,TDP43_v2,-4.4,2026,-4.3000;-4.4000;-4.3000,ok,2026-09-05 00:19:17
ACAMPROSATE_CALCIUM,TDP43_v2,,,,"error:returncode=1 als_tdp43v4/ligandos/ACAMPROSATE_CALCIUM_out.pdbqt
Reading input ... done.


Parse error on line 54 in file ""/kaggle/working/masive_als_tdp43v4/ligandos/ACAMPROSATE_CALCIUM.pdbqt"": Unknown or inappropriate tag
No valid ligands in the input directory
 | returncode=1 als_tdp43v4/ligandos/ACAMPROSATE_CALCIUM_out.pdbqt
Reading input ... done.


Parse error on line 54 in file ""/kaggle/working/masive_als_tdp43v4/ligandos/ACAMPROSATE_CALCIUM.pdbqt"": Unknown or inappropriate tag
No valid ligands in the input directory
 | returncode=1 als_tdp43v4/ligandos/ACAMPROSATE_CALCIUM_out.pdbqt
Reading input ... done.


Parse error on line 54 in file ""/kaggle/working/masive_als_tdp43v4/ligandos/ACAMPROSATE_CALCIUM.pdbqt"": Unknown or inappropriate tag
No valid ligands in the input directory
",2026-09-05 00:19:17
ACEBUTOLOL,TDP43_v2,-5.1,2026,-4.8000;-5.1000;-5.0000,ok,2026-09-05 00:19:30
ACEBUTOLOL_HYDROCHLORIDE,TDP43_v2,,,,"error:returncode=1 4/ligandos/ACEBUTOLOL_HYDROCHLORIDE_out.pdbqt
Reading input ... done.


Parse error on line 93 in file ""/kaggle/working/masive_als_tdp43v4/ligandos/ACEBUTOLOL_HYDROCHLORIDE.pdbqt"": Unknown or inappropriate tag
No valid ligands in the input directory
 | returncode=1 4/ligandos/ACEBUTOLOL_HYDROCHLORIDE_out.pdbqt
Reading input ... done.


Parse error on line 93 in file ""/kaggle/working/masive_als_tdp43v4/ligandos/ACEBUTOLOL_HYDROCHLORIDE.pdbqt"": Unknown or inappropriate tag
No valid ligands in the input directory
 | returncode=1 4/ligandos/ACEBUTOLOL_HYDROCHLORIDE_out.pdbqt
Reading input ... done.


Parse error on line 93 in file ""/kaggle/working/masive_als_tdp43v4/ligandos/ACEBUTOLOL_HYDROCHLORIDE.pdbqt"": Unknown or inappropriate tag
No valid ligands in the input directory
",2026-09-05 00:19:30
ACEFYLLINE,TDP43_v2,-6.0,42,-6.0000;-6.0000;-6.0000,ok,2026-09-05 00:19:36
ACEFYLLINE_PIPERAZINE,TDP43_v2,,,,"error:returncode=1 tdp43v4/ligandos/ACEFYLLINE_PIPERAZINE_out.pdbqt
Reading input ... done.


Parse error on line 42 in file ""/kaggle/working/masive_als_tdp43v4/ligandos/ACEFYLLINE_PIPERAZINE.pdbqt"": Unknown or inappropriate tag
No valid ligands in the input directory
 | returncode=1 tdp43v4/ligandos/ACEFYLLINE_PIPERAZINE_out.pdbqt
Reading input ... done.


Parse error on line 42 in file ""/kaggle/working/masive_als_tdp43v4/ligandos/ACEFYLLINE_PIPERAZINE.pdbqt"": Unknown or inappropriate tag
No valid ligands in the input directory
 | returncode=1 tdp43v4/ligandos/ACEFYLLINE_PIPERAZINE_out.pdbqt
Reading input ... done.


Parse error on line 42 in file ""/kaggle/working/masive_als_tdp43v4/ligandos/ACEFYLLINE_PIPERAZINE.pdbqt"": Unknown or inappropriate tag
No valid ligands in the input directory
",2026-09-05 00:19:36
ACEMETACIN,TDP43_v2,-6.2,777,-5.9000;-5.8000;-6.2000,ok,2026-09-05 00:19:49
ACENOCOUMAROL,TDP43_v2,-6.6,2026,-6.3000;-6.6000;-6.3000,ok,2026-09-05 00:19:58
ACETAMINOPHEN,TDP43_v2,-4.9,2026,-4.8000;-4.9000;-4.8000,ok,2026-09-05 00:20:05
ACETANILIDE,TDP43_v2,-4.8,42,-4.8000;-4.8000;-4.8000,ok,2026-09-05 00:20:11
ACETARSONE,TDP43_v2,,,,"error:returncode=1 one.


Parse error on line 28 in file ""/kaggle/working/masive_als_tdp43v4/ligandos/ACETARSONE.pdbqt"": ATOM syntax incorrect: ""As"" is not a valid AutoDock type. Note that AutoDock atom types are case-sensitive.
No valid ligands in the input directory
 | returncode=1 one.


Parse error on line 28 in file ""/kaggle/working/masive_als_tdp43v4/ligandos/ACETARSONE.pdbqt"": ATOM syntax incorrect: ""As"" is not a valid AutoDock type. Note that AutoDock atom types are case-sensitive.
No valid ligands in the input directory
 | returncode=1 one.


Parse error on line 28 in file ""/kaggle/working/masive_als_tdp43v4/ligandos/ACETARSONE.pdbqt"": ATOM syntax incorrect: ""As"" is not a valid AutoDock type. Note that AutoDock atom types are case-sensitive.
No valid ligands in the input directory
",2026-09-05 00:20:11
ACETAZOLAMIDE,TDP43_v2,-5.3,2026,-5.2000;-5.3000;-5.2000,ok,2026-09-05 00:20:18
ACETAZOLAMIDE_SODIUM,TDP43_v2,,,,"error:returncode=1 s_tdp43v4/ligandos/ACETAZOLAMIDE_SODIUM_out.pdbqt
Reading input ... done.


Parse error on line 39 in file ""/kaggle/working/masive_als_tdp43v4/ligandos/ACETAZOLAMIDE_SODIUM.pdbqt"": Unknown or inappropriate tag
No valid ligands in the input directory
 | returncode=1 s_tdp43v4/ligandos/ACETAZOLAMIDE_SODIUM_out.pdbqt
Reading input ... done.


Parse error on line 39 in file ""/kaggle/working/masive_als_tdp43v4/ligandos/ACETAZOLAMIDE_SODIUM.pdbqt"": Unknown or inappropriate tag
No valid ligands in the input directory
 | returncode=1 s_tdp43v4/ligandos/ACETAZOLAMIDE_SODIUM_out.pdbqt
Reading input ... done.


Parse error on line 39 in file ""/kaggle/working/masive_als_tdp43v4/ligandos/ACETAZOLAMIDE_SODIUM.pdbqt"": Unknown or inappropriate tag
No valid ligands in the input directory
",2026-09-05 00:20:18
ACETIC_ACID,TDP43_v2,-3.1,42,-3.1000;-3.1000;-3.1000,ok,2026-09-05 00:20:24
ACETOHEXAMIDE,TDP43_v2,-7.2,42,-7.2000;-7.2000;-7.1000,ok,2026-09-05 00:20:30
ACETOHYDROXAMIC_ACID,TDP43_v2,-4.1,42,-4.1000;-4.1000;-4.1000,ok,2026-09-05 00:20:37
ACETOPHENAZINE,TDP43_v2,-6.4,2026,-6.2000;-6.4000;-6.2000,ok,2026-09-05 00:20:49
ACETOPHENAZINE_MALEATE,TDP43_v2,,,,"error:returncode=1 p43v4/ligandos/ACETOPHENAZINE_MALEATE_out.pdbqt
Reading input ... done.


Parse error on line 94 in file ""/kaggle/working/masive_als_tdp43v4/ligandos/ACETOPHENAZINE_MALEATE.pdbqt"": Unknown or inappropriate tag
No valid ligands in the input directory
 | returncode=1 p43v4/ligandos/ACETOPHENAZINE_MALEATE_out.pdbqt
Reading input ... done.


Parse error on line 94 in file ""/kaggle/working/masive_als_tdp43v4/ligandos/ACETOPHENAZINE_MALEATE.pdbqt"": Unknown or inappropriate tag
No valid ligands in the input directory
 | returncode=1 p43v4/ligandos/ACETOPHENAZINE_MALEATE_out.pdbqt
Reading input ... done.


Parse error on line 94 in file ""/kaggle/working/masive_als_tdp43v4/ligandos/ACETOPHENAZINE_MALEATE.pdbqt"": Unknown or inappropriate tag
No valid ligands in the input directory
",2026-09-05 00:20:49
ACETRIZOATE_SODIUM,TDP43_v2,,,,"error:returncode=1 e_als_tdp43v4/ligandos/ACETRIZOATE_SODIUM_out.pdbqt
Reading input ... done.


Parse error on line 41 in file ""/kaggle/working/masive_als_tdp43v4/ligandos/ACETRIZOATE_SODIUM.pdbqt"": Unknown or inappropriate tag
No valid ligands in the input directory
 | returncode=1 e_als_tdp43v4/ligandos/ACETRIZOATE_SODIUM_out.pdbqt
Reading input ... done.


Parse error on line 41 in file ""/kaggle/working/masive_als_tdp43v4/ligandos/ACETRIZOATE_SODIUM.pdbqt"": Unknown or inappropriate tag
No valid ligands in the input directory
 | returncode=1 e_als_tdp43v4/ligandos/ACETRIZOATE_SODIUM_out.pdbqt
Reading input ... done.


Parse error on line 41 in file ""/kaggle/working/masive_als_tdp43v4/ligandos/ACETRIZOATE_SODIUM.pdbqt"": Unknown or inappropriate tag
No valid ligands in the input directory
",2026-09-05 00:20:49
ACETRIZOIC_ACID,TDP43_v2,-4.4,42,-4.4000;-4.4000;-4.4000,ok,2026-09-05 00:20:56
ACETYLCHOLINE,TDP43_v2,-3.6,777,-3.5000;-3.5000;-3.6000,ok,2026-09-05 00:21:02
ACETYLCHOLINE_CHLORIDE,TDP43_v2,,,,"error:returncode=1 p43v4/ligandos/ACETYLCHOLINE_CHLORIDE_out.pdbqt
Reading input ... done.


Parse error on line 48 in file ""/kaggle/working/masive_als_tdp43v4/ligandos/ACETYLCHOLINE_CHLORIDE.pdbqt"": Unknown or inappropriate tag
No valid ligands in the input directory
 | returncode=1 p43v4/ligandos/ACETYLCHOLINE_CHLORIDE_out.pdbqt
Reading input ... done.


Parse error on line 48 in file ""/kaggle/working/masive_als_tdp43v4/ligandos/ACETYLCHOLINE_CHLORIDE.pdbqt"": Unknown or inappropriate tag
No valid ligands in the input directory
 | returncode=1 p43v4/ligandos/ACETYLCHOLINE_CHLORIDE_out.pdbqt
Reading input ... done.


Parse error on line 48 in file ""/kaggle/working/masive_als_tdp43v4/ligandos/ACETYLCHOLINE_CHLORIDE.pdbqt"": Unknown or inappropriate tag
No valid ligands in the input directory
",2026-09-05 00:21:02
ACETYLCYSTEINE,TDP43_v2,-4.4,42,-4.4000;-4.3000;-4.3000,ok,2026-09-05 00:21:09
ACETYLCYSTEINE_LYSINE,TDP43_v2,,,,"error:returncode=1 tdp43v4/ligandos/ACETYLCYSTEINE_LYSINE_out.pdbqt
Reading input ... done.


Parse error on line 65 in file ""/kaggle/working/masive_als_tdp43v4/ligandos/ACETYLCYSTEINE_LYSINE.pdbqt"": Unknown or inappropriate tag
No valid ligands in the input directory
 | returncode=1 tdp43v4/ligandos/ACETYLCYSTEINE_LYSINE_out.pdbqt
Reading input ... done.


Parse error on line 65 in file ""/kaggle/working/masive_als_tdp43v4/ligandos/ACETYLCYSTEINE_LYSINE.pdbqt"": Unknown or inappropriate tag
No valid ligands in the input directory
 | returncode=1 tdp43v4/ligandos/ACETYLCYSTEINE_LYSINE_out.pdbqt
Reading input ... done.


Parse error on line 65 in file ""/kaggle/working/masive_als_tdp43v4/ligandos/ACETYLCYSTEINE_LYSINE.pdbqt"": Unknown or inappropriate tag
No valid ligands in the input directory
",2026-09-05 00:21:09
ACIPIMOX,TDP43_v2,-5.1,42,-5.1000;-5.1000;-5.1000,ok,2026-09-05 00:21:31
ACITRETIN,TDP43_v2,-6.4,777,-6.2000;-6.3000;-6.4000,ok,2026-09-05 00:21:40
ACLIDINIUM,TDP43_v2,-5.7,2026,-5.0000;-5.7000;-5.7000,ok,2026-09-05 00:21:59
ACLIDINIUM_BROMIDE,TDP43_v2,,,,"error:returncode=1 e_als_tdp43v4/ligandos/ACLIDINIUM_BROMIDE_out.pdbqt
Reading input ... done.


Parse error on line 92 in file ""/kaggle/working/masive_als_tdp43v4/ligandos/ACLIDINIUM_BROMIDE.pdbqt"": Unknown or inappropriate tag
No valid ligands in the input directory
 | returncode=1 e_als_tdp43v4/ligandos/ACLIDINIUM_BROMIDE_out.pdbqt
Reading input ... done.


Parse error on line 92 in file ""/kaggle/working/masive_als_tdp43v4/ligandos/ACLIDINIUM_BROMIDE.pdbqt"": Unknown or inappropriate tag
No valid ligands in the input directory
 | returncode=1 e_als_tdp43v4/ligandos/ACLIDINIUM_BROMIDE_out.pdbqt
Reading input ... done.


Parse error on line 92 in file ""/kaggle/working/masive_als_tdp43v4/ligandos/ACLIDINIUM_BROMIDE.pdbqt"": Unknown or inappropriate tag
No valid ligands in the input directory
",2026-09-05 00:21:59
ACORAMIDIS,TDP43_v2,-7.4,42,-7.4000;-6.7000;-6.9000,ok,2026-09-05 00:22:08
ACORAMIDIS_HYDROCHLORIDE,TDP43_v2,,,,"error:returncode=1 4/ligandos/ACORAMIDIS_HYDROCHLORIDE_out.pdbqt
Reading input ... done.


Parse error on line 69 in file ""/kaggle/working/masive_als_tdp43v4/ligandos/ACORAMIDIS_HYDROCHLORIDE.pdbqt"": Unknown or inappropriate tag
No valid ligands in the input directory
 | returncode=1 4/ligandos/ACORAMIDIS_HYDROCHLORIDE_out.pdbqt
Reading input ... done.


Parse error on line 69 in file ""/kaggle/working/masive_als_tdp43v4/ligandos/ACORAMIDIS_HYDROCHLORIDE.pdbqt"": Unknown or inappropriate tag
No valid ligands in the input directory
 | returncode=1 4/ligandos/ACORAMIDIS_HYDROCHLORIDE_out.pdbqt
Reading input ... done.


Parse error on line 69 in file ""/kaggle/working/masive_als_tdp43v4/ligandos/ACORAMIDIS_HYDROCHLORIDE.pdbqt"": Unknown or inappropriate tag
No valid ligands in the input directory
",2026-09-05 00:22:08
ACRISORCIN,TDP43_v2,,,,"error:returncode=1 le/working/masive_als_tdp43v4/ligandos/ACRISORCIN_out.pdbqt
Reading input ... done.


Parse error on line 62 in file ""/kaggle/working/masive_als_tdp43v4/ligandos/ACRISORCIN.pdbqt"": Unknown or inappropriate tag
No valid ligands in the input directory
 | returncode=1 le/working/masive_als_tdp43v4/ligandos/ACRISORCIN_out.pdbqt
Reading input ... done.


Parse error on line 62 in file ""/kaggle/working/masive_als_tdp43v4/ligandos/ACRISORCIN.pdbqt"": Unknown or inappropriate tag
No valid ligands in the input directory
 | returncode=1 le/working/masive_als_tdp43v4/ligandos/ACRISORCIN_out.pdbqt
Reading input ... done.


Parse error on line 62 in file ""/kaggle/working/masive_als_tdp43v4/ligandos/ACRISORCIN.pdbqt"": Unknown or inappropriate tag
No valid ligands in the input directory
",2026-09-05 00:22:08
ACRIVASTINE,TDP43_v2,-6.3,2026,-5.1000;-6.3000;-5.8000,ok,2026-09-05 00:22:18
ACYCLOVIR,TDP43_v2,-5.6,42,-5.6000;-5.5000;-5.6000,ok,2026-09-05 00:22:24
ACYCLOVIR_SODIUM,TDP43_v2,,,,"error:returncode=1 asive_als_tdp43v4/ligandos/ACYCLOVIR_SODIUM_out.pdbqt
Reading input ... done.


Parse error on line 53 in file ""/kaggle/working/masive_als_tdp43v4/ligandos/ACYCLOVIR_SODIUM.pdbqt"": Unknown or inappropriate tag
No valid ligands in the input directory
 | returncode=1 asive_als_tdp43v4/ligandos/ACYCLOVIR_SODIUM_out.pdbqt
Reading input ... done.


Parse error on line 53 in file ""/kaggle/working/masive_als_tdp43v4/ligandos/ACYCLOVIR_SODIUM.pdbqt"": Unknown or inappropriate tag
No valid ligands in the input directory
 | returncode=1 asive_als_tdp43v4/ligandos/ACYCLOVIR_SODIUM_out.pdbqt
Reading input ... done.


Parse error on line 53 in file ""/kaggle/working/masive_als_tdp43v4/ligandos/ACYCLOVIR_SODIUM.pdbqt"": Unknown or inappropriate tag
No valid ligands in the input directory
",2026-09-05 00:22:24
ADAGRASIB,TDP43_v2,-6.4,777,-6.1000;-6.1000;-6.4000,ok,2026-09-05 00:22:49
ADAPALENE,TDP43_v2,-7.4,42,-7.4000;-6.9000;-6.8000,ok,2026-09-05 00:22:59
ADEFOVIR_DIPIVOXIL,TDP43_v2,-5.4,777,-5.1000;-5.1000;-5.4000,ok,2026-09-05 00:23:23
ADENOSINE,TDP43_v2,-5.3,42,-5.3000;-5.3000;-5.3000,ok,2026-09-05 00:23:30
ADENOSINE_PHOSPHATE,TDP43_v2,-5.7,42,-5.7000;-5.7000;-5.7000,ok,2026-09-05 00:23:39
AFATINIB,TDP43_v2,-6.2,42,-6.2000;-6.2000;-6.1000,ok,2026-09-05 00:23:55
AFATINIB_DIMALEATE,TDP43_v2,,,,"error:returncode=1 e_als_tdp43v4/ligandos/AFATINIB_DIMALEATE_out.pdbqt
Reading input ... done.


Parse error on line 98 in file ""/kaggle/working/masive_als_tdp43v4/ligandos/AFATINIB_DIMALEATE.pdbqt"": Unknown or inappropriate tag
No valid ligands in the input directory
 | returncode=1 e_als_tdp43v4/ligandos/AFATINIB_DIMALEATE_out.pdbqt
Reading input ... done.


Parse error on line 98 in file ""/kaggle/working/masive_als_tdp43v4/ligandos/AFATINIB_DIMALEATE.pdbqt"": Unknown or inappropriate tag
No valid ligands in the input directory
 | returncode=1 e_als_tdp43v4/ligandos/AFATINIB_DIMALEATE_out.pdbqt
Reading input ... done.


Parse error on line 98 in file ""/kaggle/working/masive_als_tdp43v4/ligandos/AFATINIB_DIMALEATE.pdbqt"": Unknown or inappropriate tag
No valid ligands in the input directory
",2026-09-05 00:23:55
AGOMELATINE,TDP43_v2,-6.6,777,-6.5000;-6.5000;-6.6000,ok,2026-09-05 00:24:02
ALBENDAZOLE,TDP43_v2,-5.4,42,-5.4000;-5.4000;-5.3000,ok,2026-09-05 00:24:08
ALBUTEROL,TDP43_v2,-6.1,42,-6.1000;-5.9000;-6.1000,ok,2026-09-05 00:24:15
ALBUTEROL_SULFATE,TDP43_v2,,,,"error:returncode=1 ive_als_tdp43v4/ligandos/ALBUTEROL_SULFATE_out.pdbqt
Reading input ... done.


Parse error on line 99 in file ""/kaggle/working/masive_als_tdp43v4/ligandos/ALBUTEROL_SULFATE.pdbqt"": Unknown or inappropriate tag
No valid ligands in the input directory
 | returncode=1 ive_als_tdp43v4/ligandos/ALBUTEROL_SULFATE_out.pdbqt
Reading input ... done.


Parse error on line 99 in file ""/kaggle/working/masive_als_tdp43v4/ligandos/ALBUTEROL_SULFATE.pdbqt"": Unknown or inappropriate tag
No valid ligands in the input directory
 | returncode=1 ive_als_tdp43v4/ligandos/ALBUTEROL_SULFATE_out.pdbqt
Reading input ... done.


Parse error on line 99 in file ""/kaggle/working/masive_als_tdp43v4/ligandos/ALBUTEROL_SULFATE.pdbqt"": Unknown or inappropriate tag
No valid ligands in the input directory
",2026-09-05 00:24:15
ALCAFTADINE,TDP43_v2,-6.6,42,-6.6000;-6.5000;-6.5000,ok,2026-09-05 00:24:21
ALCLOFENAC,TDP43_v2,-5.9,2026,-5.6000;-5.9000;-5.9000,ok,2026-09-05 00:24:28
ALCOHOL,TDP43_v2,-2.6,42,-2.6000;-2.6000;-2.6000,ok,2026-09-05 00:24:34
ALECTINIB,TDP43_v2,-7.2,42,-7.2000;-7.2000;-7.1000,ok,2026-09-05 00:24:46
ALECTINIB_HYDROCHLORIDE,TDP43_v2,,,,"error:returncode=1 3v4/ligandos/ALECTINIB_HYDROCHLORIDE_out.pdbqt
Reading input ... done.


Parse error on line 73 in file ""/kaggle/working/masive_als_tdp43v4/ligandos/ALECTINIB_HYDROCHLORIDE.pdbqt"": Unknown or inappropriate tag
No valid ligands in the input directory
 | returncode=1 3v4/ligandos/ALECTINIB_HYDROCHLORIDE_out.pdbqt
Reading input ... done.


Parse error on line 73 in file ""/kaggle/working/masive_als_tdp43v4/ligandos/ALECTINIB_HYDROCHLORIDE.pdbqt"": Unknown or inappropriate tag
No valid ligands in the input directory
 | returncode=1 3v4/ligandos/ALECTINIB_HYDROCHLORIDE_out.pdbqt
Reading input ... done.


Parse error on line 73 in file ""/kaggle/working/masive_als_tdp43v4/ligandos/ALECTINIB_HYDROCHLORIDE.pdbqt"": Unknown or inappropriate tag
No valid ligands in the input directory
",2026-09-05 00:24:47
ALENDRONATE_SODIUM,TDP43_v2,,,,"error:returncode=1 e_als_tdp43v4/ligandos/ALENDRONATE_SODIUM_out.pdbqt
Reading input ... done.


Parse error on line 74 in file ""/kaggle/working/masive_als_tdp43v4/ligandos/ALENDRONATE_SODIUM.pdbqt"": Unknown or inappropriate tag
No valid ligands in the input directory
 | returncode=1 e_als_tdp43v4/ligandos/ALENDRONATE_SODIUM_out.pdbqt
Reading input ... done.


Parse error on line 74 in file ""/kaggle/working/masive_als_tdp43v4/ligandos/ALENDRONATE_SODIUM.pdbqt"": Unknown or inappropriate tag
No valid ligands in the input directory
 | returncode=1 e_als_tdp43v4/ligandos/ALENDRONATE_SODIUM_out.pdbqt
Reading input ... done.


Parse error on line 74 in file ""/kaggle/working/masive_als_tdp43v4/ligandos/ALENDRONATE_SODIUM.pdbqt"": Unknown or inappropriate tag
No valid ligands in the input directory
",2026-09-05 00:24:47
ALENDRONIC_ACID,TDP43_v2,-4.4,2026,-4.1000;-4.4000;-4.3000,ok,2026-09-05 00:24:53
ALFENTANIL,TDP43_v2,-5.0,42,-5.0000;-4.7000;-4.9000,ok,2026-09-05 00:25:06
ALFENTANIL_HYDROCHLORIDE,TDP43_v2,,,,"error:returncode=1 4/ligandos/ALFENTANIL_HYDROCHLORIDE_out.pdbqt
Reading input ... done.


Parse error on line 86 in file ""/kaggle/working/masive_als_tdp43v4/ligandos/ALFENTANIL_HYDROCHLORIDE.pdbqt"": Unknown or inappropriate tag
No valid ligands in the input directory
 | returncode=1 4/ligandos/ALFENTANIL_HYDROCHLORIDE_out.pdbqt
Reading input ... done.


Parse error on line 86 in file ""/kaggle/working/masive_als_tdp43v4/ligandos/ALFENTANIL_HYDROCHLORIDE.pdbqt"": Unknown or inappropriate tag
No valid ligands in the input directory
 | returncode=1 4/ligandos/ALFENTANIL_HYDROCHLORIDE_out.pdbqt
Reading input ... done.


Parse error on line 86 in file ""/kaggle/working/masive_als_tdp43v4/ligandos/ALFENTANIL_HYDROCHLORIDE.pdbqt"": Unknown or inappropriate tag
No valid ligands in the input directory
",2026-09-05 00:25:06
ALFUZOSIN,TDP43_v2,-5.5,777,-5.4000;-5.4000;-5.5000,ok,2026-09-05 00:25:18
ALFUZOSIN_HYDROCHLORIDE,TDP43_v2,,,,"error:returncode=1 3v4/ligandos/ALFUZOSIN_HYDROCHLORIDE_out.pdbqt
Reading input ... done.


Parse error on line 79 in file ""/kaggle/working/masive_als_tdp43v4/ligandos/ALFUZOSIN_HYDROCHLORIDE.pdbqt"": Unknown or inappropriate tag
No valid ligands in the input directory
 | returncode=1 3v4/ligandos/ALFUZOSIN_HYDROCHLORIDE_out.pdbqt
Reading input ... done.


Parse error on line 79 in file ""/kaggle/working/masive_als_tdp43v4/ligandos/ALFUZOSIN_HYDROCHLORIDE.pdbqt"": Unknown or inappropriate tag
No valid ligands in the input directory
 | returncode=1 3v4/ligandos/ALFUZOSIN_HYDROCHLORIDE_out.pdbqt
Reading input ... done.


Parse error on line 79 in file ""/kaggle/working/masive_als_tdp43v4/ligandos/ALFUZOSIN_HYDROCHLORIDE.pdbqt"": Unknown or inappropriate tag
No valid ligands in the input directory
",2026-09-05 00:25:18
ALISKIREN,TDP43_v2,-5.5,2026,-4.9000;-5.5000;-5.1000,ok,2026-09-05 00:26:02
ALISKIREN_FUMARATE,TDP43_v2,,,,"error:returncode=1 _als_tdp43v4/ligandos/ALISKIREN_FUMARATE_out.pdbqt
Reading input ... done.


Parse error on line 225 in file ""/kaggle/working/masive_als_tdp43v4/ligandos/ALISKIREN_FUMARATE.pdbqt"": Unknown or inappropriate tag
No valid ligands in the input directory
 | returncode=1 _als_tdp43v4/ligandos/ALISKIREN_FUMARATE_out.pdbqt
Reading input ... done.


Parse error on line 225 in file ""/kaggle/working/masive_als_tdp43v4/ligandos/ALISKIREN_FUMARATE.pdbqt"": Unknown or inappropriate tag
No valid ligands in the input directory
 | returncode=1 _als_tdp43v4/ligandos/ALISKIREN_FUMARATE_out.pdbqt
Reading input ... done.


Parse error on line 225 in file ""/kaggle/working/masive_als_tdp43v4/ligandos/ALISKIREN_FUMARATE.pdbqt"": Unknown or inappropriate tag
No valid ligands in the input directory
",2026-09-05 00:26:02
ALITRETINOIN,TDP43_v2,-8.1,2026,-7.5000;-8.1000;-7.7000,ok,2026-09-05 00:26:08
ALLOPURINOL,TDP43_v2,-5.2,42,-5.2000;-5.2000;-5.2000,ok,2026-09-05 00:26:15
ALLOPURINOL_SODIUM,TDP43_v2,,,,"error:returncode=1 e_als_tdp43v4/ligandos/ALLOPURINOL_SODIUM_out.pdbqt
Reading input ... done.


Parse error on line 25 in file ""/kaggle/working/masive_als_tdp43v4/ligandos/ALLOPURINOL_SODIUM.pdbqt"": Unknown or inappropriate tag
No valid ligands in the input directory
 | returncode=1 e_als_tdp43v4/ligandos/ALLOPURINOL_SODIUM_out.pdbqt
Reading input ... done.


Parse error on line 25 in file ""/kaggle/working/masive_als_tdp43v4/ligandos/ALLOPURINOL_SODIUM.pdbqt"": Unknown or inappropriate tag
No valid ligands in the input directory
 | returncode=1 e_als_tdp43v4/ligandos/ALLOPURINOL_SODIUM_out.pdbqt
Reading input ... done.


Parse error on line 25 in file ""/kaggle/working/masive_als_tdp43v4/ligandos/ALLOPURINOL_SODIUM.pdbqt"": Unknown or inappropriate tag
No valid ligands in the input directory
",2026-09-05 00:26:15
ALMITRINE,TDP43_v2,-6.2,777,-5.9000;-5.8000;-6.2000,ok,2026-09-05 00:26:31
ALMOTRIPTAN,TDP43_v2,-5.7,2026,-5.4000;-5.7000;-5.5000,ok,2026-09-05 00:26:40
ALMOTRIPTAN_MALATE,TDP43_v2,,,,"error:returncode=1 e_als_tdp43v4/ligandos/ALMOTRIPTAN_MALATE_out.pdbqt
Reading input ... done.


Parse error on line 78 in file ""/kaggle/working/masive_als_tdp43v4/ligandos/ALMOTRIPTAN_MALATE.pdbqt"": Unknown or inappropriate tag
No valid ligands in the input directory
 | returncode=1 e_als_tdp43v4/ligandos/ALMOTRIPTAN_MALATE_out.pdbqt
Reading input ... done.


Parse error on line 78 in file ""/kaggle/working/masive_als_tdp43v4/ligandos/ALMOTRIPTAN_MALATE.pdbqt"": Unknown or inappropriate tag
No valid ligands in the input directory
 | returncode=1 e_als_tdp43v4/ligandos/ALMOTRIPTAN_MALATE_out.pdbqt
Reading input ... done.


Parse error on line 78 in file ""/kaggle/working/masive_als_tdp43v4/ligandos/ALMOTRIPTAN_MALATE.pdbqt"": Unknown or inappropriate tag
No valid ligands in the input directory
",2026-09-05 00:26:40
ALOGLIPTIN,TDP43_v2,-5.1,2026,-5.0000;-5.1000;-5.1000,ok,2026-09-05 00:26:50
ALOGLIPTIN_BENZOATE,TDP43_v2,,,,"error:returncode=1 als_tdp43v4/ligandos/ALOGLIPTIN_BENZOATE_out.pdbqt
Reading input ... done.


Parse error on line 67 in file ""/kaggle/working/masive_als_tdp43v4/ligandos/ALOGLIPTIN_BENZOATE.pdbqt"": Unknown or inappropriate tag
No valid ligands in the input directory
 | returncode=1 als_tdp43v4/ligandos/ALOGLIPTIN_BENZOATE_out.pdbqt
Reading input ... done.


Parse error on line 67 in file ""/kaggle/working/masive_als_tdp43v4/ligandos/ALOGLIPTIN_BENZOATE.pdbqt"": Unknown or inappropriate tag
No valid ligands in the input directory
 | returncode=1 als_tdp43v4/ligandos/ALOGLIPTIN_BENZOATE_out.pdbqt
Reading input ... done.


Parse error on line 67 in file ""/kaggle/working/masive_als_tdp43v4/ligandos/ALOGLIPTIN_BENZOATE.pdbqt"": Unknown or inappropriate tag
No valid ligands in the input directory
",2026-09-05 00:26:50
ALOSETRON,TDP43_v2,-5.4,42,-5.4000;-5.2000;-5.4000,ok,2026-09-05 00:26:56
ALOSETRON_HYDROCHLORIDE,TDP43_v2,,,,"error:returncode=1 3v4/ligandos/ALOSETRON_HYDROCHLORIDE_out.pdbqt
Reading input ... done.


Parse error on line 49 in file ""/kaggle/working/masive_als_tdp43v4/ligandos/ALOSETRON_HYDROCHLORIDE.pdbqt"": Unknown or inappropriate tag
No valid ligands in the input directory
 | returncode=1 3v4/ligandos/ALOSETRON_HYDROCHLORIDE_out.pdbqt
Reading input ... done.


Parse error on line 49 in file ""/kaggle/working/masive_als_tdp43v4/ligandos/ALOSETRON_HYDROCHLORIDE.pdbqt"": Unknown or inappropriate tag
No valid ligands in the input directory
 | returncode=1 3v4/ligandos/ALOSETRON_HYDROCHLORIDE_out.pdbqt
Reading input ... done.


Parse error on line 49 in file ""/kaggle/working/masive_als_tdp43v4/ligandos/ALOSETRON_HYDROCHLORIDE.pdbqt"": Unknown or inappropriate tag
No valid ligands in the input directory
",2026-09-05 00:26:56
ALPELISIB,TDP43_v2,-6.5,42,-6.5000;-6.5000;-6.3000,ok,2026-09-05 00:27:06
ALPIDEM,TDP43_v2,-6.1,42,-6.1000;-5.8000;-5.6000,ok,2026-09-05 00:27:15
ALPRAZOLAM,TDP43_v2,-6.3,42,-6.3000;-6.2000;-6.3000,ok,2026-09-05 00:27:22
ALPROSTADIL,TDP43_v2,-5.6,42,-5.6000;-5.5000;-5.5000,ok,2026-09-05 00:27:37
ALTRETAMINE,TDP43_v2,-4.8,42,-4.8000;-4.7000;-4.8000,ok,2026-09-05 00:27:44
ALUMINUM_ACETATE,TDP43_v2,,,,"error:returncode=1 asive_als_tdp43v4/ligandos/ALUMINUM_ACETATE_out.pdbqt
Reading input ... done.


Parse error on line 24 in file ""/kaggle/working/masive_als_tdp43v4/ligandos/ALUMINUM_ACETATE.pdbqt"": Unknown or inappropriate tag
No valid ligands in the input directory
 | returncode=1 asive_als_tdp43v4/ligandos/ALUMINUM_ACETATE_out.pdbqt
Reading input ... done.


Parse error on line 24 in file ""/kaggle/working/masive_als_tdp43v4/ligandos/ALUMINUM_ACETATE.pdbqt"": Unknown or inappropriate tag
No valid ligands in the input directory
 | returncode=1 asive_als_tdp43v4/ligandos/ALUMINUM_ACETATE_out.pdbqt
Reading input ... done.


Parse error on line 24 in file ""/kaggle/working/masive_als_tdp43v4/ligandos/ALUMINUM_ACETATE.pdbqt"": Unknown or inappropriate tag
No valid ligands in the input directory
",2026-09-05 00:27:44
ALUMINUM_CHLORIDE,TDP43_v2,,,,"error:returncode=1 ive_als_tdp43v4/ligandos/ALUMINUM_CHLORIDE_out.pdbqt
Reading input ... done.


Parse error on line 17 in file ""/kaggle/working/masive_als_tdp43v4/ligandos/ALUMINUM_CHLORIDE.pdbqt"": Unknown or inappropriate tag
No valid ligands in the input directory
 | returncode=1 ive_als_tdp43v4/ligandos/ALUMINUM_CHLORIDE_out.pdbqt
Reading input ... done.


Parse error on line 17 in file ""/kaggle/working/masive_als_tdp43v4/ligandos/ALUMINUM_CHLORIDE.pdbqt"": Unknown or inappropriate tag
No valid ligands in the input directory
 | returncode=1 ive_als_tdp43v4/ligandos/ALUMINUM_CHLORIDE_out.pdbqt
Reading input ... done.


Parse error on line 17 in file ""/kaggle/working/masive_als_tdp43v4/ligandos/ALUMINUM_CHLORIDE.pdbqt"": Unknown or inappropriate tag
No valid ligands in the input directory
",2026-09-05 00:27:44
ALUMINUM_CHLORIDE_ANHYDROUS,TDP43_v2,,,,"error:returncode=1 or on line 8 in file ""/kaggle/working/masive_als_tdp43v4/ligandos/ALUMINUM_CHLORIDE_ANHYDROUS.pdbqt"": ATOM syntax incorrect: ""Al"" is not a valid AutoDock type. Note that AutoDock atom types are case-sensitive.
No valid ligands in the input directory
 | returncode=1 or on line 8 in file ""/kaggle/working/masive_als_tdp43v4/ligandos/ALUMINUM_CHLORIDE_ANHYDROUS.pdbqt"": ATOM syntax incorrect: ""Al"" is not a valid AutoDock type. Note that AutoDock atom types are case-sensitive.
No valid ligands in the input directory
 | returncode=1 or on line 8 in file ""/kaggle/working/masive_als_tdp43v4/ligandos/ALUMINUM_CHLORIDE_ANHYDROUS.pdbqt"": ATOM syntax incorrect: ""Al"" is not a valid AutoDock type. Note that AutoDock atom types are case-sensitive.
No valid ligands in the input directory
",2026-09-05 00:27:44
ALUMINUM_HYDROXIDE,TDP43_v2,,,,"error:returncode=1 arse error on line 10 in file ""/kaggle/working/masive_als_tdp43v4/ligandos/ALUMINUM_HYDROXIDE.pdbqt"": ATOM syntax incorrect: ""Al"" is not a valid AutoDock type. Note that AutoDock atom types are case-sensitive.
No valid ligands in the input directory
 | returncode=1 arse error on line 10 in file ""/kaggle/working/masive_als_tdp43v4/ligandos/ALUMINUM_HYDROXIDE.pdbqt"": ATOM syntax incorrect: ""Al"" is not a valid AutoDock type. Note that AutoDock atom types are case-sensitive.
No valid ligands in the input directory
 | returncode=1 arse error on line 10 in file ""/kaggle/working/masive_als_tdp43v4/ligandos/ALUMINUM_HYDROXIDE.pdbqt"": ATOM syntax incorrect: ""Al"" is not a valid AutoDock type. Note that AutoDock atom types are case-sensitive.
No valid ligands in the input directory
",2026-09-05 00:27:44
ALVIMOPAN,TDP43_v2,-6.2,42,-6.2000;-5.3000;-5.5000,ok,2026-09-05 00:27:59
AMANTADINE,TDP43_v2,-4.7,2026,-4.6000;-4.7000;-4.6000,ok,2026-09-05 00:28:06
AMANTADINE_HYDROCHLORIDE,TDP43_v2,,,,"error:returncode=1 4/ligandos/AMANTADINE_HYDROCHLORIDE_out.pdbqt
Reading input ... done.


Parse error on line 18 in file ""/kaggle/working/masive_als_tdp43v4/ligandos/AMANTADINE_HYDROCHLORIDE.pdbqt"": Unknown or inappropriate tag
No valid ligands in the input directory
 | returncode=1 4/ligandos/AMANTADINE_HYDROCHLORIDE_out.pdbqt
Reading input ... done.


Parse error on line 18 in file ""/kaggle/working/masive_als_tdp43v4/ligandos/AMANTADINE_HYDROCHLORIDE.pdbqt"": Unknown or inappropriate tag
No valid ligands in the input directory
 | returncode=1 4/ligandos/AMANTADINE_HYDROCHLORIDE_out.pdbqt
Reading input ... done.


Parse error on line 18 in file ""/kaggle/working/masive_als_tdp43v4/ligandos/AMANTADINE_HYDROCHLORIDE.pdbqt"": Unknown or inappropriate tag
No valid ligands in the input directory
",2026-09-05 00:28:06
AMBENONIUM,TDP43_v2,-5.9,2026,-5.2000;-5.9000;-5.2000,ok,2026-09-05 00:28:33
AMBENONIUM_CHLORIDE,TDP43_v2,,,,"error:returncode=1 ls_tdp43v4/ligandos/AMBENONIUM_CHLORIDE_out.pdbqt
Reading input ... done.


Parse error on line 120 in file ""/kaggle/working/masive_als_tdp43v4/ligandos/AMBENONIUM_CHLORIDE.pdbqt"": Unknown or inappropriate tag
No valid ligands in the input directory
 | returncode=1 ls_tdp43v4/ligandos/AMBENONIUM_CHLORIDE_out.pdbqt
Reading input ... done.


Parse error on line 120 in file ""/kaggle/working/masive_als_tdp43v4/ligandos/AMBENONIUM_CHLORIDE.pdbqt"": Unknown or inappropriate tag
No valid ligands in the input directory
 | returncode=1 ls_tdp43v4/ligandos/AMBENONIUM_CHLORIDE_out.pdbqt
Reading input ... done.


Parse error on line 120 in file ""/kaggle/working/masive_als_tdp43v4/ligandos/AMBENONIUM_CHLORIDE.pdbqt"": Unknown or inappropriate tag
No valid ligands in the input directory
",2026-09-05 00:28:33
AMBRISENTAN,TDP43_v2,-6.7,42,-6.7000;-6.3000;-6.0000,ok,2026-09-05 00:28:46
AMDINOCILLIN,TDP43_v2,-5.8,42,-5.8000;-5.8000;-5.8000,ok,2026-09-05 00:28:52
AMDINOCILLIN_PIVOXIL,TDP43_v2,-6.2,42,-6.2000;-6.2000;-6.1000,ok,2026-09-05 00:29:05
AMENAMEVIR,TDP43_v2,-5.9,42,-5.9000;-5.8000;-5.9000,ok,2026-09-05 00:29:21
AMIFAMPRIDINE,TDP43_v2,-4.8,42,-4.8000;-4.8000;-4.8000,ok,2026-09-05 00:29:27
AMIFAMPRIDINE_PHOSPHATE,TDP43_v2,,,,"error:returncode=1 3v4/ligandos/AMIFAMPRIDINE_PHOSPHATE_out.pdbqt
Reading input ... done.


Parse error on line 40 in file ""/kaggle/working/masive_als_tdp43v4/ligandos/AMIFAMPRIDINE_PHOSPHATE.pdbqt"": Unknown or inappropriate tag
No valid ligands in the input directory
 | returncode=1 3v4/ligandos/AMIFAMPRIDINE_PHOSPHATE_out.pdbqt
Reading input ... done.


Parse error on line 40 in file ""/kaggle/working/masive_als_tdp43v4/ligandos/AMIFAMPRIDINE_PHOSPHATE.pdbqt"": Unknown or inappropriate tag
No valid ligands in the input directory
 | returncode=1 3v4/ligandos/AMIFAMPRIDINE_PHOSPHATE_out.pdbqt
Reading input ... done.


Parse error on line 40 in file ""/kaggle/working/masive_als_tdp43v4/ligandos/AMIFAMPRIDINE_PHOSPHATE.pdbqt"": Unknown or inappropriate tag
No valid ligands in the input directory
",2026-09-05 00:29:27
AMIFOSTINE,TDP43_v2,-4.5,2026,-3.9000;-4.5000;-4.2000,ok,2026-09-05 00:29:33
AMIKACIN,TDP43_v2,-5.3,42,-5.3000;-4.9000;-5.2000,ok,2026-09-05 00:30:22
AMIKACIN_SULFATE,TDP43_v2,,,,"error:returncode=1 sive_als_tdp43v4/ligandos/AMIKACIN_SULFATE_out.pdbqt
Reading input ... done.


Parse error on line 167 in file ""/kaggle/working/masive_als_tdp43v4/ligandos/AMIKACIN_SULFATE.pdbqt"": Unknown or inappropriate tag
No valid ligands in the input directory
 | returncode=1 sive_als_tdp43v4/ligandos/AMIKACIN_SULFATE_out.pdbqt
Reading input ... done.


Parse error on line 167 in file ""/kaggle/working/masive_als_tdp43v4/ligandos/AMIKACIN_SULFATE.pdbqt"": Unknown or inappropriate tag
No valid ligands in the input directory
 | returncode=1 sive_als_tdp43v4/ligandos/AMIKACIN_SULFATE_out.pdbqt
Reading input ... done.


Parse error on line 167 in file ""/kaggle/working/masive_als_tdp43v4/ligandos/AMIKACIN_SULFATE.pdbqt"": Unknown or inappropriate tag
No valid ligands in the input directory
",2026-09-05 00:30:22
AMILORIDE,TDP43_v2,-5.8,42,-5.8000;-5.8000;-5.8000,ok,2026-09-05 00:30:29
AMILORIDE_HYDROCHLORIDE,TDP43_v2,,,,"error:returncode=1 3v4/ligandos/AMILORIDE_HYDROCHLORIDE_out.pdbqt
Reading input ... done.


Parse error on line 20 in file ""/kaggle/working/masive_als_tdp43v4/ligandos/AMILORIDE_HYDROCHLORIDE.pdbqt"": Unknown or inappropriate tag
No valid ligands in the input directory
 | returncode=1 3v4/ligandos/AMILORIDE_HYDROCHLORIDE_out.pdbqt
Reading input ... done.


Parse error on line 20 in file ""/kaggle/working/masive_als_tdp43v4/ligandos/AMILORIDE_HYDROCHLORIDE.pdbqt"": Unknown or inappropriate tag
No valid ligands in the input directory
 | returncode=1 3v4/ligandos/AMILORIDE_HYDROCHLORIDE_out.pdbqt
Reading input ... done.


Parse error on line 20 in file ""/kaggle/working/masive_als_tdp43v4/ligandos/AMILORIDE_HYDROCHLORIDE.pdbqt"": Unknown or inappropriate tag
No valid ligands in the input directory
",2026-09-05 00:30:29
AMINEPTINE,TDP43_v2,-7.1,777,-6.7000;-6.8000;-7.1000,ok,2026-09-05 00:30:38
AMINOCAPROIC_ACID,TDP43_v2,-5.0,777,-4.9000;-4.9000;-5.0000,ok,2026-09-05 00:30:44
AMINOGLUTETHIMIDE,TDP43_v2,-5.1,42,-5.1000;-5.1000;-4.8000,ok,2026-09-05 00:30:51
AMINOHIPPURATE_SODIUM,TDP43_v2,,,,"error:returncode=1 tdp43v4/ligandos/AMINOHIPPURATE_SODIUM_out.pdbqt
Reading input ... done.


Parse error on line 47 in file ""/kaggle/working/masive_als_tdp43v4/ligandos/AMINOHIPPURATE_SODIUM.pdbqt"": Unknown or inappropriate tag
No valid ligands in the input directory
 | returncode=1 tdp43v4/ligandos/AMINOHIPPURATE_SODIUM_out.pdbqt
Reading input ... done.


Parse error on line 47 in file ""/kaggle/working/masive_als_tdp43v4/ligandos/AMINOHIPPURATE_SODIUM.pdbqt"": Unknown or inappropriate tag
No valid ligands in the input directory
 | returncode=1 tdp43v4/ligandos/AMINOHIPPURATE_SODIUM_out.pdbqt
Reading input ... done.


Parse error on line 47 in file ""/kaggle/working/masive_als_tdp43v4/ligandos/AMINOHIPPURATE_SODIUM.pdbqt"": Unknown or inappropriate tag
No valid ligands in the input directory
",2026-09-05 00:30:51
AMINOHIPPURIC_ACID,TDP43_v2,-6.5,42,-6.5000;-6.5000;-6.2000,ok,2026-09-05 00:30:57
AMINOLEVULINIC_ACID,TDP43_v2,-4.8,777,-4.7000;-4.7000;-4.8000,ok,2026-09-05 00:31:04
AMINOLEVULINIC_ACID_HYDROCHLORIDE,TDP43_v2,,,,"error:returncode=1 VULINIC_ACID_HYDROCHLORIDE_out.pdbqt
Reading input ... done.


Parse error on line 28 in file ""/kaggle/working/masive_als_tdp43v4/ligandos/AMINOLEVULINIC_ACID_HYDROCHLORIDE.pdbqt"": Unknown or inappropriate tag
No valid ligands in the input directory
 | returncode=1 VULINIC_ACID_HYDROCHLORIDE_out.pdbqt
Reading input ... done.


Parse error on line 28 in file ""/kaggle/working/masive_als_tdp43v4/ligandos/AMINOLEVULINIC_ACID_HYDROCHLORIDE.pdbqt"": Unknown or inappropriate tag
No valid ligands in the input directory
 | returncode=1 VULINIC_ACID_HYDROCHLORIDE_out.pdbqt
Reading input ... done.


Parse error on line 28 in file ""/kaggle/working/masive_als_tdp43v4/ligandos/AMINOLEVULINIC_ACID_HYDROCHLORIDE.pdbqt"": Unknown or inappropriate tag
No valid ligands in the input directory
",2026-09-05 00:31:04
AMINOPYRINE,TDP43_v2,-4.7,777,-4.5000;-4.6000;-4.7000,ok,2026-09-05 00:31:10
AMINOREX,TDP43_v2,-6.1,2026,-6.0000;-6.1000;-5.3000,ok,2026-09-05 00:31:16
AMINOSALICYLATE_POTASSIUM,TDP43_v2,,,,"error:returncode=1 ligandos/AMINOSALICYLATE_POTASSIUM_out.pdbqt
Reading input ... done.


Parse error on line 40 in file ""/kaggle/working/masive_als_tdp43v4/ligandos/AMINOSALICYLATE_POTASSIUM.pdbqt"": Unknown or inappropriate tag
No valid ligands in the input directory
 | returncode=1 ligandos/AMINOSALICYLATE_POTASSIUM_out.pdbqt
Reading input ... done.


Parse error on line 40 in file ""/kaggle/working/masive_als_tdp43v4/ligandos/AMINOSALICYLATE_POTASSIUM.pdbqt"": Unknown or inappropriate tag
No valid ligands in the input directory
 | returncode=1 ligandos/AMINOSALICYLATE_POTASSIUM_out.pdbqt
Reading input ... done.


Parse error on line 40 in file ""/kaggle/working/masive_als_tdp43v4/ligandos/AMINOSALICYLATE_POTASSIUM.pdbqt"": Unknown or inappropriate tag
No valid ligands in the input directory
",2026-09-05 00:31:16
AMINOSALICYLATE_SODIUM,TDP43_v2,,,,"error:returncode=1 p43v4/ligandos/AMINOSALICYLATE_SODIUM_out.pdbqt
Reading input ... done.


Parse error on line 40 in file ""/kaggle/working/masive_als_tdp43v4/ligandos/AMINOSALICYLATE_SODIUM.pdbqt"": Unknown or inappropriate tag
No valid ligands in the input directory
 | returncode=1 p43v4/ligandos/AMINOSALICYLATE_SODIUM_out.pdbqt
Reading input ... done.


Parse error on line 40 in file ""/kaggle/working/masive_als_tdp43v4/ligandos/AMINOSALICYLATE_SODIUM.pdbqt"": Unknown or inappropriate tag
No valid ligands in the input directory
 | returncode=1 p43v4/ligandos/AMINOSALICYLATE_SODIUM_out.pdbqt
Reading input ... done.


Parse error on line 40 in file ""/kaggle/working/masive_als_tdp43v4/ligandos/AMINOSALICYLATE_SODIUM.pdbqt"": Unknown or inappropriate tag
No valid ligands in the input directory
",2026-09-05 00:31:17
AMINOSALICYLIC_ACID,TDP43_v2,-6.2,42,-6.2000;-6.2000;-6.2000,ok,2026-09-05 00:31:23
AMIODARONE,TDP43_v2,-5.8,777,-5.6000;-5.1000;-5.8000,ok,2026-09-05 00:31:38
AMIODARONE_HYDROCHLORIDE,TDP43_v2,,,,"error:returncode=1 4/ligandos/AMIODARONE_HYDROCHLORIDE_out.pdbqt
Reading input ... done.


Parse error on line 95 in file ""/kaggle/working/masive_als_tdp43v4/ligandos/AMIODARONE_HYDROCHLORIDE.pdbqt"": Unknown or inappropriate tag
No valid ligands in the input directory
 | returncode=1 4/ligandos/AMIODARONE_HYDROCHLORIDE_out.pdbqt
Reading input ... done.


Parse error on line 95 in file ""/kaggle/working/masive_als_tdp43v4/ligandos/AMIODARONE_HYDROCHLORIDE.pdbqt"": Unknown or inappropriate tag
No valid ligands in the input directory
 | returncode=1 4/ligandos/AMIODARONE_HYDROCHLORIDE_out.pdbqt
Reading input ... done.


Parse error on line 95 in file ""/kaggle/working/masive_als_tdp43v4/ligandos/AMIODARONE_HYDROCHLORIDE.pdbqt"": Unknown or inappropriate tag
No valid ligands in the input directory
",2026-09-05 00:31:38
AMISULPRIDE,TDP43_v2,-5.2,777,-5.0000;-5.0000;-5.2000,ok,2026-09-05 00:31:48
AMITRIPTYLINE,TDP43_v2,-6.6,42,-6.6000;-6.6000;-6.6000,ok,2026-09-05 00:31:54
AMITRIPTYLINE_HYDROCHLORIDE,TDP43_v2,,,,"error:returncode=1 ndos/AMITRIPTYLINE_HYDROCHLORIDE_out.pdbqt
Reading input ... done.


Parse error on line 51 in file ""/kaggle/working/masive_als_tdp43v4/ligandos/AMITRIPTYLINE_HYDROCHLORIDE.pdbqt"": Unknown or inappropriate tag
No valid ligands in the input directory
 | returncode=1 ndos/AMITRIPTYLINE_HYDROCHLORIDE_out.pdbqt
Reading input ... done.


Parse error on line 51 in file ""/kaggle/working/masive_als_tdp43v4/ligandos/AMITRIPTYLINE_HYDROCHLORIDE.pdbqt"": Unknown or inappropriate tag
No valid ligands in the input directory
 | returncode=1 ndos/AMITRIPTYLINE_HYDROCHLORIDE_out.pdbqt
Reading input ... done.


Parse error on line 51 in file ""/kaggle/working/masive_als_tdp43v4/ligandos/AMITRIPTYLINE_HYDROCHLORIDE.pdbqt"": Unknown or inappropriate tag
No valid ligands in the input directory
",2026-09-05 00:31:54
AMLEXANOX,TDP43_v2,-7.3,777,-7.2000;-7.2000;-7.3000,ok,2026-09-05 00:32:01
AMLODIPINE,TDP43_v2,-5.4,2026,-5.1000;-5.4000;-5.3000,ok,2026-09-05 00:32:13
AMLODIPINE_BENZOATE,TDP43_v2,,,,"error:returncode=1 als_tdp43v4/ligandos/AMLODIPINE_BENZOATE_out.pdbqt
Reading input ... done.


Parse error on line 99 in file ""/kaggle/working/masive_als_tdp43v4/ligandos/AMLODIPINE_BENZOATE.pdbqt"": Unknown or inappropriate tag
No valid ligands in the input directory
 | returncode=1 als_tdp43v4/ligandos/AMLODIPINE_BENZOATE_out.pdbqt
Reading input ... done.


Parse error on line 99 in file ""/kaggle/working/masive_als_tdp43v4/ligandos/AMLODIPINE_BENZOATE.pdbqt"": Unknown or inappropriate tag
No valid ligands in the input directory
 | returncode=1 als_tdp43v4/ligandos/AMLODIPINE_BENZOATE_out.pdbqt
Reading input ... done.


Parse error on line 99 in file ""/kaggle/working/masive_als_tdp43v4/ligandos/AMLODIPINE_BENZOATE.pdbqt"": Unknown or inappropriate tag
No valid ligands in the input directory
",2026-09-05 00:32:13
AMLODIPINE_BESYLATE,TDP43_v2,,,,"error:returncode=1 als_tdp43v4/ligandos/AMLODIPINE_BESYLATE_out.pdbqt
Reading input ... done.


Parse error on line 99 in file ""/kaggle/working/masive_als_tdp43v4/ligandos/AMLODIPINE_BESYLATE.pdbqt"": Unknown or inappropriate tag
No valid ligands in the input directory
 | returncode=1 als_tdp43v4/ligandos/AMLODIPINE_BESYLATE_out.pdbqt
Reading input ... done.


Parse error on line 99 in file ""/kaggle/working/masive_als_tdp43v4/ligandos/AMLODIPINE_BESYLATE.pdbqt"": Unknown or inappropriate tag
No valid ligands in the input directory
 | returncode=1 als_tdp43v4/ligandos/AMLODIPINE_BESYLATE_out.pdbqt
Reading input ... done.


Parse error on line 99 in file ""/kaggle/working/masive_als_tdp43v4/ligandos/AMLODIPINE_BESYLATE.pdbqt"": Unknown or inappropriate tag
No valid ligands in the input directory
",2026-09-05 00:32:13
AMLODIPINE_MALEATE,TDP43_v2,,,,"error:returncode=1 _als_tdp43v4/ligandos/AMLODIPINE_MALEATE_out.pdbqt
Reading input ... done.


Parse error on line 103 in file ""/kaggle/working/masive_als_tdp43v4/ligandos/AMLODIPINE_MALEATE.pdbqt"": Unknown or inappropriate tag
No valid ligands in the input directory
 | returncode=1 _als_tdp43v4/ligandos/AMLODIPINE_MALEATE_out.pdbqt
Reading input ... done.


Parse error on line 103 in file ""/kaggle/working/masive_als_tdp43v4/ligandos/AMLODIPINE_MALEATE.pdbqt"": Unknown or inappropriate tag
No valid ligands in the input directory
 | returncode=1 _als_tdp43v4/ligandos/AMLODIPINE_MALEATE_out.pdbqt
Reading input ... done.


Parse error on line 103 in file ""/kaggle/working/masive_als_tdp43v4/ligandos/AMLODIPINE_MALEATE.pdbqt"": Unknown or inappropriate tag
No valid ligands in the input directory
",2026-09-05 00:32:13
AMMONIA_N_13,TDP43_v2,-1.5,42,-1.5000;-1.5000;-1.5000,ok,2026-09-05 00:32:20
"AMMONIA_SOLUTION,_STRONG",TDP43_v2,-1.5,42,-1.5000;-1.5000;-1.5000,ok,2026-09-05 00:32:26
AMMONIUM_CHLORIDE,TDP43_v2,,,,"error:returncode=1 ive_als_tdp43v4/ligandos/AMMONIUM_CHLORIDE_out.pdbqt
Reading input ... done.


Parse error on line 16 in file ""/kaggle/working/masive_als_tdp43v4/ligandos/AMMONIUM_CHLORIDE.pdbqt"": Unknown or inappropriate tag
No valid ligands in the input directory
 | returncode=1 ive_als_tdp43v4/ligandos/AMMONIUM_CHLORIDE_out.pdbqt
Reading input ... done.


Parse error on line 16 in file ""/kaggle/working/masive_als_tdp43v4/ligandos/AMMONIUM_CHLORIDE.pdbqt"": Unknown or inappropriate tag
No valid ligands in the input directory
 | returncode=1 ive_als_tdp43v4/ligandos/AMMONIUM_CHLORIDE_out.pdbqt
Reading input ... done.


Parse error on line 16 in file ""/kaggle/working/masive_als_tdp43v4/ligandos/AMMONIUM_CHLORIDE.pdbqt"": Unknown or inappropriate tag
No valid ligands in the input directory
",2026-09-05 00:32:26
AMMONIUM_LACTATE,TDP43_v2,,,,"error:returncode=1 asive_als_tdp43v4/ligandos/AMMONIUM_LACTATE_out.pdbqt
Reading input ... done.


Parse error on line 36 in file ""/kaggle/working/masive_als_tdp43v4/ligandos/AMMONIUM_LACTATE.pdbqt"": Unknown or inappropriate tag
No valid ligands in the input directory
 | returncode=1 asive_als_tdp43v4/ligandos/AMMONIUM_LACTATE_out.pdbqt
Reading input ... done.


Parse error on line 36 in file ""/kaggle/working/masive_als_tdp43v4/ligandos/AMMONIUM_LACTATE.pdbqt"": Unknown or inappropriate tag
No valid ligands in the input directory
 | returncode=1 asive_als_tdp43v4/ligandos/AMMONIUM_LACTATE_out.pdbqt
Reading input ... done.


Parse error on line 36 in file ""/kaggle/working/masive_als_tdp43v4/ligandos/AMMONIUM_LACTATE.pdbqt"": Unknown or inappropriate tag
No valid ligands in the input directory
",2026-09-05 00:32:26
AMOBARBITAL,TDP43_v2,-5.0,42,-5.0000;-4.6000;-5.0000,ok,2026-09-05 00:32:32
AMOBARBITAL_SODIUM,TDP43_v2,,,,"error:returncode=1 e_als_tdp43v4/ligandos/AMOBARBITAL_SODIUM_out.pdbqt
Reading input ... done.


Parse error on line 53 in file ""/kaggle/working/masive_als_tdp43v4/ligandos/AMOBARBITAL_SODIUM.pdbqt"": Unknown or inappropriate tag
No valid ligands in the input directory
 | returncode=1 e_als_tdp43v4/ligandos/AMOBARBITAL_SODIUM_out.pdbqt
Reading input ... done.


Parse error on line 53 in file ""/kaggle/working/masive_als_tdp43v4/ligandos/AMOBARBITAL_SODIUM.pdbqt"": Unknown or inappropriate tag
No valid ligands in the input directory
 | returncode=1 e_als_tdp43v4/ligandos/AMOBARBITAL_SODIUM_out.pdbqt
Reading input ... done.


Parse error on line 53 in file ""/kaggle/working/masive_als_tdp43v4/ligandos/AMOBARBITAL_SODIUM.pdbqt"": Unknown or inappropriate tag
No valid ligands in the input directory
",2026-09-05 00:32:33
AMODIAQUINE,TDP43_v2,-5.6,777,-5.4000;-5.5000;-5.6000,ok,2026-09-05 00:32:42
AMODIAQUINE_HYDROCHLORIDE,TDP43_v2,,,,"error:returncode=1 ligandos/AMODIAQUINE_HYDROCHLORIDE_out.pdbqt
Reading input ... done.


Parse error on line 73 in file ""/kaggle/working/masive_als_tdp43v4/ligandos/AMODIAQUINE_HYDROCHLORIDE.pdbqt"": Unknown or inappropriate tag
No valid ligands in the input directory
 | returncode=1 ligandos/AMODIAQUINE_HYDROCHLORIDE_out.pdbqt
Reading input ... done.


Parse error on line 73 in file ""/kaggle/working/masive_als_tdp43v4/ligandos/AMODIAQUINE_HYDROCHLORIDE.pdbqt"": Unknown or inappropriate tag
No valid ligands in the input directory
 | returncode=1 ligandos/AMODIAQUINE_HYDROCHLORIDE_out.pdbqt
Reading input ... done.


Parse error on line 73 in file ""/kaggle/working/masive_als_tdp43v4/ligandos/AMODIAQUINE_HYDROCHLORIDE.pdbqt"": Unknown or inappropriate tag
No valid ligands in the input directory
",2026-09-05 00:32:42
AMOPROXAN,TDP43_v2,-6.2,42,-6.2000;-6.1000;-5.9000,ok,2026-09-05 00:32:58
AMOROLFINE,TDP43_v2,-6.7,777,-5.4000;-6.1000;-6.7000,ok,2026-09-05 00:33:04
AMOXAPINE,TDP43_v2,-7.0,42,-7.0000;-7.0000;-7.0000,ok,2026-09-05 00:33:11
AMOXICILLIN,TDP43_v2,-6.3,777,-6.2000;-6.2000;-6.3000,ok,2026-09-05 00:33:20
AMPHETAMINE,TDP43_v2,-5.9,42,-5.9000;-5.8000;-5.6000,ok,2026-09-05 00:33:27
AMPHETAMINE_ADIPATE,TDP43_v2,,,,"error:returncode=1 als_tdp43v4/ligandos/AMPHETAMINE_ADIPATE_out.pdbqt
Reading input ... done.


Parse error on line 54 in file ""/kaggle/working/masive_als_tdp43v4/ligandos/AMPHETAMINE_ADIPATE.pdbqt"": Unknown or inappropriate tag
No valid ligands in the input directory
 | returncode=1 als_tdp43v4/ligandos/AMPHETAMINE_ADIPATE_out.pdbqt
Reading input ... done.


Parse error on line 54 in file ""/kaggle/working/masive_als_tdp43v4/ligandos/AMPHETAMINE_ADIPATE.pdbqt"": Unknown or inappropriate tag
No valid ligands in the input directory
 | returncode=1 als_tdp43v4/ligandos/AMPHETAMINE_ADIPATE_out.pdbqt
Reading input ... done.


Parse error on line 54 in file ""/kaggle/working/masive_als_tdp43v4/ligandos/AMPHETAMINE_ADIPATE.pdbqt"": Unknown or inappropriate tag
No valid ligands in the input directory
",2026-09-05 00:33:27
AMPHETAMINE_ASPARTATE,TDP43_v2,,,,"error:returncode=1 tdp43v4/ligandos/AMPHETAMINE_ASPARTATE_out.pdbqt
Reading input ... done.


Parse error on line 52 in file ""/kaggle/working/masive_als_tdp43v4/ligandos/AMPHETAMINE_ASPARTATE.pdbqt"": Unknown or inappropriate tag
No valid ligands in the input directory
 | returncode=1 tdp43v4/ligandos/AMPHETAMINE_ASPARTATE_out.pdbqt
Reading input ... done.


Parse error on line 52 in file ""/kaggle/working/masive_als_tdp43v4/ligandos/AMPHETAMINE_ASPARTATE.pdbqt"": Unknown or inappropriate tag
No valid ligands in the input directory
 | returncode=1 tdp43v4/ligandos/AMPHETAMINE_ASPARTATE_out.pdbqt
Reading input ... done.


Parse error on line 52 in file ""/kaggle/working/masive_als_tdp43v4/ligandos/AMPHETAMINE_ASPARTATE.pdbqt"": Unknown or inappropriate tag
No valid ligands in the input directory
",2026-09-05 00:33:27
AMPHETAMINE_ASPARTATE_DEXTROAMPHETAMINE_SULFATE,TDP43_v2,,,,"error:returncode=1 MINE_SULFATE_out.pdbqt
Reading input ... done.


Parse error on line 72 in file ""/kaggle/working/masive_als_tdp43v4/ligandos/AMPHETAMINE_ASPARTATE_DEXTROAMPHETAMINE_SULFATE.pdbqt"": Unknown or inappropriate tag
No valid ligands in the input directory
 | returncode=1 MINE_SULFATE_out.pdbqt
Reading input ... done.


Parse error on line 72 in file ""/kaggle/working/masive_als_tdp43v4/ligandos/AMPHETAMINE_ASPARTATE_DEXTROAMPHETAMINE_SULFATE.pdbqt"": Unknown or inappropriate tag
No valid ligands in the input directory
 | returncode=1 MINE_SULFATE_out.pdbqt
Reading input ... done.


Parse error on line 72 in file ""/kaggle/working/masive_als_tdp43v4/ligandos/AMPHETAMINE_ASPARTATE_DEXTROAMPHETAMINE_SULFATE.pdbqt"": Unknown or inappropriate tag
No valid ligands in the input directory
",2026-09-05 00:33:27
AMPHETAMINE_DEXTROAMPHETAMINE,TDP43_v2,,,,"error:returncode=1 /AMPHETAMINE_DEXTROAMPHETAMINE_out.pdbqt
Reading input ... done.


Parse error on line 56 in file ""/kaggle/working/masive_als_tdp43v4/ligandos/AMPHETAMINE_DEXTROAMPHETAMINE.pdbqt"": Unknown or inappropriate tag
No valid ligands in the input directory
 | returncode=1 /AMPHETAMINE_DEXTROAMPHETAMINE_out.pdbqt
Reading input ... done.


Parse error on line 56 in file ""/kaggle/working/masive_als_tdp43v4/ligandos/AMPHETAMINE_DEXTROAMPHETAMINE.pdbqt"": Unknown or inappropriate tag
No valid ligands in the input directory
 | returncode=1 /AMPHETAMINE_DEXTROAMPHETAMINE_out.pdbqt
Reading input ... done.


Parse error on line 56 in file ""/kaggle/working/masive_als_tdp43v4/ligandos/AMPHETAMINE_DEXTROAMPHETAMINE.pdbqt"": Unknown or inappropriate tag
No valid ligands in the input directory
",2026-09-05 00:33:27
AMPHETAMINE_SULFATE,TDP43_v2,,,,"error:returncode=1 als_tdp43v4/ligandos/AMPHETAMINE_SULFATE_out.pdbqt
Reading input ... done.


Parse error on line 44 in file ""/kaggle/working/masive_als_tdp43v4/ligandos/AMPHETAMINE_SULFATE.pdbqt"": Unknown or inappropriate tag
No valid ligands in the input directory
 | returncode=1 als_tdp43v4/ligandos/AMPHETAMINE_SULFATE_out.pdbqt
Reading input ... done.


Parse error on line 44 in file ""/kaggle/working/masive_als_tdp43v4/ligandos/AMPHETAMINE_SULFATE.pdbqt"": Unknown or inappropriate tag
No valid ligands in the input directory
 | returncode=1 als_tdp43v4/ligandos/AMPHETAMINE_SULFATE_out.pdbqt
Reading input ... done.


Parse error on line 44 in file ""/kaggle/working/masive_als_tdp43v4/ligandos/AMPHETAMINE_SULFATE.pdbqt"": Unknown or inappropriate tag
No valid ligands in the input directory
",2026-09-05 00:33:27
AMPHOTERICIN_B,TDP43_v2,-5.5,777,-3.4000;-2.7000;-5.5000,ok,2026-09-05 00:34:03
AMPICILLIN,TDP43_v2,-6.0,2026,-5.7000;-6.0000;-5.8000,ok,2026-09-05 00:34:12
AMPICILLIN_SODIUM,TDP43_v2,,,,"error:returncode=1 ive_als_tdp43v4/ligandos/AMPICILLIN_SODIUM_out.pdbqt
Reading input ... done.


Parse error on line 65 in file ""/kaggle/working/masive_als_tdp43v4/ligandos/AMPICILLIN_SODIUM.pdbqt"": Unknown or inappropriate tag
No valid ligands in the input directory
 | returncode=1 ive_als_tdp43v4/ligandos/AMPICILLIN_SODIUM_out.pdbqt
Reading input ... done.


Parse error on line 65 in file ""/kaggle/working/masive_als_tdp43v4/ligandos/AMPICILLIN_SODIUM.pdbqt"": Unknown or inappropriate tag
No valid ligands in the input directory
 | returncode=1 ive_als_tdp43v4/ligandos/AMPICILLIN_SODIUM_out.pdbqt
Reading input ... done.


Parse error on line 65 in file ""/kaggle/working/masive_als_tdp43v4/ligandos/AMPICILLIN_SODIUM.pdbqt"": Unknown or inappropriate tag
No valid ligands in the input directory
",2026-09-05 00:34:12
AMPRENAVIR,TDP43_v2,-5.8,42,-5.8000;-5.2000;-5.6000,ok,2026-09-05 00:34:40
AMSACRINE,TDP43_v2,-6.1,42,-6.1000;-6.0000;-5.8000,ok,2026-09-05 00:34:49
AMX0035,TDP43_v2,-5.6,42,-5.6000;-5.6000;-5.6000,ok,2026-09-05 00:34:56
ANAGLIPTIN,TDP43_v2,-6.0,2026,-5.9000;-6.0000;-5.9000,ok,2026-09-05 00:35:08
ANAGRELIDE,TDP43_v2,-5.2,777,-5.0000;-5.1000;-5.2000,ok,2026-09-05 00:35:15
ANAGRELIDE_HYDROCHLORIDE,TDP43_v2,,,,"error:returncode=1 4/ligandos/ANAGRELIDE_HYDROCHLORIDE_out.pdbqt
Reading input ... done.


Parse error on line 16 in file ""/kaggle/working/masive_als_tdp43v4/ligandos/ANAGRELIDE_HYDROCHLORIDE.pdbqt"": Unknown or inappropriate tag
No valid ligands in the input directory
 | returncode=1 4/ligandos/ANAGRELIDE_HYDROCHLORIDE_out.pdbqt
Reading input ... done.


Parse error on line 16 in file ""/kaggle/working/masive_als_tdp43v4/ligandos/ANAGRELIDE_HYDROCHLORIDE.pdbqt"": Unknown or inappropriate tag
No valid ligands in the input directory
 | returncode=1 4/ligandos/ANAGRELIDE_HYDROCHLORIDE_out.pdbqt
Reading input ... done.


Parse error on line 16 in file ""/kaggle/working/masive_als_tdp43v4/ligandos/ANAGRELIDE_HYDROCHLORIDE.pdbqt"": Unknown or inappropriate tag
No valid ligands in the input directory
",2026-09-05 00:35:15
ANASTROZOLE,TDP43_v2,-5.9,42,-5.9000;-5.8000;-5.7000,ok,2026-09-05 00:35:21
ANIDULAFUNGIN,TDP43_v2,-3.4,42,-3.4000;-1.8000;-2.1000,ok,2026-09-05 00:37:53
ANILERIDINE,TDP43_v2,-6.1,42,-6.1000;-6.0000;-5.7000,ok,2026-09-05 00:38:02
ANILERIDINE_HYDROCHLORIDE,TDP43_v2,,,,"error:returncode=1 ligandos/ANILERIDINE_HYDROCHLORIDE_out.pdbqt
Reading input ... done.


Parse error on line 76 in file ""/kaggle/working/masive_als_tdp43v4/ligandos/ANILERIDINE_HYDROCHLORIDE.pdbqt"": Unknown or inappropriate tag
No valid ligands in the input directory
 | returncode=1 ligandos/ANILERIDINE_HYDROCHLORIDE_out.pdbqt
Reading input ... done.


Parse error on line 76 in file ""/kaggle/working/masive_als_tdp43v4/ligandos/ANILERIDINE_HYDROCHLORIDE.pdbqt"": Unknown or inappropriate tag
No valid ligands in the input directory
 | returncode=1 ligandos/ANILERIDINE_HYDROCHLORIDE_out.pdbqt
Reading input ... done.


Parse error on line 76 in file ""/kaggle/working/masive_als_tdp43v4/ligandos/ANILERIDINE_HYDROCHLORIDE.pdbqt"": Unknown or inappropriate tag
No valid ligands in the input directory
",2026-09-05 00:38:02
ANILERIDINE_PHOSPHATE,TDP43_v2,,,,"error:returncode=1 tdp43v4/ligandos/ANILERIDINE_PHOSPHATE_out.pdbqt
Reading input ... done.


Parse error on line 82 in file ""/kaggle/working/masive_als_tdp43v4/ligandos/ANILERIDINE_PHOSPHATE.pdbqt"": Unknown or inappropriate tag
No valid ligands in the input directory
 | returncode=1 tdp43v4/ligandos/ANILERIDINE_PHOSPHATE_out.pdbqt
Reading input ... done.


Parse error on line 82 in file ""/kaggle/working/masive_als_tdp43v4/ligandos/ANILERIDINE_PHOSPHATE.pdbqt"": Unknown or inappropriate tag
No valid ligands in the input directory
 | returncode=1 tdp43v4/ligandos/ANILERIDINE_PHOSPHATE_out.pdbqt
Reading input ... done.


Parse error on line 82 in file ""/kaggle/working/masive_als_tdp43v4/ligandos/ANILERIDINE_PHOSPHATE.pdbqt"": Unknown or inappropriate tag
No valid ligands in the input directory
",2026-09-05 00:38:02
ANISINDIONE,TDP43_v2,-5.6,42,-5.6000;-5.6000;-5.6000,ok,2026-09-05 00:38:08
ANTAZOLINE,TDP43_v2,-5.8,777,-5.7000;-5.5000;-5.8000,ok,2026-09-05 00:38:15
ANTAZOLINE_PHOSPHATE,TDP43_v2,,,,"error:returncode=1 s_tdp43v4/ligandos/ANTAZOLINE_PHOSPHATE_out.pdbqt
Reading input ... done.


Parse error on line 44 in file ""/kaggle/working/masive_als_tdp43v4/ligandos/ANTAZOLINE_PHOSPHATE.pdbqt"": Unknown or inappropriate tag
No valid ligands in the input directory
 | returncode=1 s_tdp43v4/ligandos/ANTAZOLINE_PHOSPHATE_out.pdbqt
Reading input ... done.


Parse error on line 44 in file ""/kaggle/working/masive_als_tdp43v4/ligandos/ANTAZOLINE_PHOSPHATE.pdbqt"": Unknown or inappropriate tag
No valid ligands in the input directory
 | returncode=1 s_tdp43v4/ligandos/ANTAZOLINE_PHOSPHATE_out.pdbqt
Reading input ... done.


Parse error on line 44 in file ""/kaggle/working/masive_als_tdp43v4/ligandos/ANTAZOLINE_PHOSPHATE.pdbqt"": Unknown or inappropriate tag
No valid ligands in the input directory
",2026-09-05 00:38:15
ANTRAFENINE,TDP43_v2,-7.7,2026,-6.1000;-7.7000;-7.4000,ok,2026-09-05 00:38:44
APALUTAMIDE,TDP43_v2,-6.0,42,-6.0000;-5.9000;-6.0000,ok,2026-09-05 00:38:59
APIXABAN,TDP43_v2,-6.5,42,-6.5000;-6.4000;-6.4000,ok,2026-09-05 00:39:15
APOMORPHINE,TDP43_v2,-6.3,42,-6.3000;-6.2000;-6.3000,ok,2026-09-05 00:39:21
APOMORPHINE_HYDROCHLORIDE,TDP43_v2,,,,"error:returncode=1 ligandos/APOMORPHINE_HYDROCHLORIDE_out.pdbqt
Reading input ... done.


Parse error on line 52 in file ""/kaggle/working/masive_als_tdp43v4/ligandos/APOMORPHINE_HYDROCHLORIDE.pdbqt"": Unknown or inappropriate tag
No valid ligands in the input directory
 | returncode=1 ligandos/APOMORPHINE_HYDROCHLORIDE_out.pdbqt
Reading input ... done.


Parse error on line 52 in file ""/kaggle/working/masive_als_tdp43v4/ligandos/APOMORPHINE_HYDROCHLORIDE.pdbqt"": Unknown or inappropriate tag
No valid ligands in the input directory
 | returncode=1 ligandos/APOMORPHINE_HYDROCHLORIDE_out.pdbqt
Reading input ... done.


Parse error on line 52 in file ""/kaggle/working/masive_als_tdp43v4/ligandos/APOMORPHINE_HYDROCHLORIDE.pdbqt"": Unknown or inappropriate tag
No valid ligands in the input directory
",2026-09-05 00:39:21
APRACLONIDINE,TDP43_v2,-4.7,42,-4.7000;-4.7000;-4.7000,ok,2026-09-05 00:39:28
APRACLONIDINE_HYDROCHLORIDE,TDP43_v2,,,,"error:returncode=1 ndos/APRACLONIDINE_HYDROCHLORIDE_out.pdbqt
Reading input ... done.


Parse error on line 20 in file ""/kaggle/working/masive_als_tdp43v4/ligandos/APRACLONIDINE_HYDROCHLORIDE.pdbqt"": Unknown or inappropriate tag
No valid ligands in the input directory
 | returncode=1 ndos/APRACLONIDINE_HYDROCHLORIDE_out.pdbqt
Reading input ... done.


Parse error on line 20 in file ""/kaggle/working/masive_als_tdp43v4/ligandos/APRACLONIDINE_HYDROCHLORIDE.pdbqt"": Unknown or inappropriate tag
No valid ligands in the input directory
 | returncode=1 ndos/APRACLONIDINE_HYDROCHLORIDE_out.pdbqt
Reading input ... done.


Parse error on line 20 in file ""/kaggle/working/masive_als_tdp43v4/ligandos/APRACLONIDINE_HYDROCHLORIDE.pdbqt"": Unknown or inappropriate tag
No valid ligands in the input directory
",2026-09-05 00:39:28
APREMILAST,TDP43_v2,-6.6,777,-6.5000;-6.5000;-6.6000,ok,2026-09-05 00:39:43
APREPITANT,TDP43_v2,-7.7,2026,-6.8000;-7.7000;-7.7000,ok,2026-09-05 00:40:05
APROBARBITAL,TDP43_v2,-4.9,777,-4.8000;-4.7000;-4.9000,ok,2026-09-05 00:40:12
APROCITENTAN,TDP43_v2,-5.5,42,-5.5000;-5.5000;-5.5000,ok,2026-09-05 00:40:27
ARBUTAMINE,TDP43_v2,-6.6,2026,-5.9000;-6.6000;-5.8000,ok,2026-09-05 00:40:40
ARBUTAMINE_HYDROCHLORIDE,TDP43_v2,,,,"error:returncode=1 4/ligandos/ARBUTAMINE_HYDROCHLORIDE_out.pdbqt
Reading input ... done.


Parse error on line 40 in file ""/kaggle/working/masive_als_tdp43v4/ligandos/ARBUTAMINE_HYDROCHLORIDE.pdbqt"": Unknown or inappropriate tag
No valid ligands in the input directory
 | returncode=1 4/ligandos/ARBUTAMINE_HYDROCHLORIDE_out.pdbqt
Reading input ... done.


Parse error on line 40 in file ""/kaggle/working/masive_als_tdp43v4/ligandos/ARBUTAMINE_HYDROCHLORIDE.pdbqt"": Unknown or inappropriate tag
No valid ligands in the input directory
 | returncode=1 4/ligandos/ARBUTAMINE_HYDROCHLORIDE_out.pdbqt
Reading input ... done.


Parse error on line 40 in file ""/kaggle/working/masive_als_tdp43v4/ligandos/ARBUTAMINE_HYDROCHLORIDE.pdbqt"": Unknown or inappropriate tag
No valid ligands in the input directory
",2026-09-05 00:40:40
ARFORMOTEROL,TDP43_v2,-5.8,2026,-5.3000;-5.8000;-5.7000,ok,2026-09-05 00:40:52
ARFORMOTEROL_TARTRATE,TDP43_v2,,,,"error:returncode=1 dp43v4/ligandos/ARFORMOTEROL_TARTRATE_out.pdbqt
Reading input ... done.


Parse error on line 101 in file ""/kaggle/working/masive_als_tdp43v4/ligandos/ARFORMOTEROL_TARTRATE.pdbqt"": Unknown or inappropriate tag
No valid ligands in the input directory
 | returncode=1 dp43v4/ligandos/ARFORMOTEROL_TARTRATE_out.pdbqt
Reading input ... done.


Parse error on line 101 in file ""/kaggle/working/masive_als_tdp43v4/ligandos/ARFORMOTEROL_TARTRATE.pdbqt"": Unknown or inappropriate tag
No valid ligands in the input directory
 | returncode=1 dp43v4/ligandos/ARFORMOTEROL_TARTRATE_out.pdbqt
Reading input ... done.


Parse error on line 101 in file ""/kaggle/working/masive_als_tdp43v4/ligandos/ARFORMOTEROL_TARTRATE.pdbqt"": Unknown or inappropriate tag
No valid ligands in the input directory
",2026-09-05 00:40:52
ARGATROBAN,TDP43_v2,-7.1,777,-6.8000;-6.7000;-7.1000,ok,2026-09-05 00:41:17
ARGININE_HYDROCHLORIDE,TDP43_v2,,,,"error:returncode=1 p43v4/ligandos/ARGININE_HYDROCHLORIDE_out.pdbqt
Reading input ... done.


Parse error on line 30 in file ""/kaggle/working/masive_als_tdp43v4/ligandos/ARGININE_HYDROCHLORIDE.pdbqt"": Unknown or inappropriate tag
No valid ligands in the input directory
 | returncode=1 p43v4/ligandos/ARGININE_HYDROCHLORIDE_out.pdbqt
Reading input ... done.


Parse error on line 30 in file ""/kaggle/working/masive_als_tdp43v4/ligandos/ARGININE_HYDROCHLORIDE.pdbqt"": Unknown or inappropriate tag
No valid ligands in the input directory
 | returncode=1 p43v4/ligandos/ARGININE_HYDROCHLORIDE_out.pdbqt
Reading input ... done.


Parse error on line 30 in file ""/kaggle/working/masive_als_tdp43v4/ligandos/ARGININE_HYDROCHLORIDE.pdbqt"": Unknown or inappropriate tag
No valid ligands in the input directory
",2026-09-05 00:41:17
ARIMOCLOMOL,TDP43_v2,-6.1,777,-5.5000;-5.1000;-6.1000,ok,2026-09-05 00:41:23
ARIMOCLOMOL_CITRATE,TDP43_v2,,,,"error:returncode=1 als_tdp43v4/ligandos/ARIMOCLOMOL_CITRATE_out.pdbqt
Reading input ... done.


Parse error on line 81 in file ""/kaggle/working/masive_als_tdp43v4/ligandos/ARIMOCLOMOL_CITRATE.pdbqt"": Unknown or inappropriate tag
No valid ligands in the input directory
 | returncode=1 als_tdp43v4/ligandos/ARIMOCLOMOL_CITRATE_out.pdbqt
Reading input ... done.


Parse error on line 81 in file ""/kaggle/working/masive_als_tdp43v4/ligandos/ARIMOCLOMOL_CITRATE.pdbqt"": Unknown or inappropriate tag
No valid ligands in the input directory
 | returncode=1 als_tdp43v4/ligandos/ARIMOCLOMOL_CITRATE_out.pdbqt
Reading input ... done.


Parse error on line 81 in file ""/kaggle/working/masive_als_tdp43v4/ligandos/ARIMOCLOMOL_CITRATE.pdbqt"": Unknown or inappropriate tag
No valid ligands in the input directory
",2026-09-05 00:41:23
ARIPIPRAZOLE,TDP43_v2,-6.5,42,-6.5000;-5.8000;-6.1000,ok,2026-09-05 00:41:36
ARIPIPRAZOLE_LAUROXIL,TDP43_v2,-5.3,2026,-5.2000;-5.3000;-4.1000,ok,2026-09-05 00:42:24
ARMODAFINIL,TDP43_v2,-5.9,42,-5.9000;-5.8000;-5.7000,ok,2026-09-05 00:42:31
ARSENIC_TRIOXIDE,TDP43_v2,,,,"error:returncode=1 

Parse error on line 8 in file ""/kaggle/working/masive_als_tdp43v4/ligandos/ARSENIC_TRIOXIDE.pdbqt"": ATOM syntax incorrect: ""As"" is not a valid AutoDock type. Note that AutoDock atom types are case-sensitive.
No valid ligands in the input directory
 | returncode=1 

Parse error on line 8 in file ""/kaggle/working/masive_als_tdp43v4/ligandos/ARSENIC_TRIOXIDE.pdbqt"": ATOM syntax incorrect: ""As"" is not a valid AutoDock type. Note that AutoDock atom types are case-sensitive.
No valid ligands in the input directory
 | returncode=1 

Parse error on line 8 in file ""/kaggle/working/masive_als_tdp43v4/ligandos/ARSENIC_TRIOXIDE.pdbqt"": ATOM syntax incorrect: ""As"" is not a valid AutoDock type. Note that AutoDock atom types are case-sensitive.
No valid ligands in the input directory
",2026-09-05 00:42:31
ARTICAINE,TDP43_v2,-4.5,42,-4.5000;-4.1000;-4.5000,ok,2026-09-05 00:42:37
ARTICAINE_HYDROCHLORIDE,TDP43_v2,,,,"error:returncode=1 3v4/ligandos/ARTICAINE_HYDROCHLORIDE_out.pdbqt
Reading input ... done.


Parse error on line 71 in file ""/kaggle/working/masive_als_tdp43v4/ligandos/ARTICAINE_HYDROCHLORIDE.pdbqt"": Unknown or inappropriate tag
No valid ligands in the input directory
 | returncode=1 3v4/ligandos/ARTICAINE_HYDROCHLORIDE_out.pdbqt
Reading input ... done.


Parse error on line 71 in file ""/kaggle/working/masive_als_tdp43v4/ligandos/ARTICAINE_HYDROCHLORIDE.pdbqt"": Unknown or inappropriate tag
No valid ligands in the input directory
 | returncode=1 3v4/ligandos/ARTICAINE_HYDROCHLORIDE_out.pdbqt
Reading input ... done.


Parse error on line 71 in file ""/kaggle/working/masive_als_tdp43v4/ligandos/ARTICAINE_HYDROCHLORIDE.pdbqt"": Unknown or inappropriate tag
No valid ligands in the input directory
",2026-09-05 00:42:37
ASCIMINIB,TDP43_v2,-6.6,777,-6.2000;-6.4000;-6.6000,ok,2026-09-05 00:42:53
ASCIMINIB_HYDROCHLORIDE,TDP43_v2,,,,"error:returncode=1 3v4/ligandos/ASCIMINIB_HYDROCHLORIDE_out.pdbqt
Reading input ... done.


Parse error on line 30 in file ""/kaggle/working/masive_als_tdp43v4/ligandos/ASCIMINIB_HYDROCHLORIDE.pdbqt"": Unknown or inappropriate tag
No valid ligands in the input directory
 | returncode=1 3v4/ligandos/ASCIMINIB_HYDROCHLORIDE_out.pdbqt
Reading input ... done.


Parse error on line 30 in file ""/kaggle/working/masive_als_tdp43v4/ligandos/ASCIMINIB_HYDROCHLORIDE.pdbqt"": Unknown or inappropriate tag
No valid ligands in the input directory
 | returncode=1 3v4/ligandos/ASCIMINIB_HYDROCHLORIDE_out.pdbqt
Reading input ... done.


Parse error on line 30 in file ""/kaggle/working/masive_als_tdp43v4/ligandos/ASCIMINIB_HYDROCHLORIDE.pdbqt"": Unknown or inappropriate tag
No valid ligands in the input directory
",2026-09-05 00:42:53
ASCORBIC_ACID,TDP43_v2,-5.3,777,-5.2000;-4.9000;-5.3000,ok,2026-09-05 00:42:59
ASENAPINE,TDP43_v2,-6.6,42,-6.6000;-6.1000;-6.3000,ok,2026-09-05 00:43:06
ASENAPINE_MALEATE,TDP43_v2,,,,"error:returncode=1 ive_als_tdp43v4/ligandos/ASENAPINE_MALEATE_out.pdbqt
Reading input ... done.


Parse error on line 44 in file ""/kaggle/working/masive_als_tdp43v4/ligandos/ASENAPINE_MALEATE.pdbqt"": Unknown or inappropriate tag
No valid ligands in the input directory
 | returncode=1 ive_als_tdp43v4/ligandos/ASENAPINE_MALEATE_out.pdbqt
Reading input ... done.


Parse error on line 44 in file ""/kaggle/working/masive_als_tdp43v4/ligandos/ASENAPINE_MALEATE.pdbqt"": Unknown or inappropriate tag
No valid ligands in the input directory
 | returncode=1 ive_als_tdp43v4/ligandos/ASENAPINE_MALEATE_out.pdbqt
Reading input ... done.


Parse error on line 44 in file ""/kaggle/working/masive_als_tdp43v4/ligandos/ASENAPINE_MALEATE.pdbqt"": Unknown or inappropriate tag
No valid ligands in the input directory
",2026-09-05 00:43:06
ASPIRIN,TDP43_v2,-5.8,42,-5.8000;-5.8000;-5.2000,ok,2026-09-05 00:43:12
ASTEMIZOLE,TDP43_v2,-6.6,2026,-5.8000;-6.6000;-5.9000,ok,2026-09-05 00:43:28
ASUNAPREVIR,TDP43_v2,-5.9,2026,-5.8000;-5.9000;-5.4000,ok,2026-09-05 00:44:22
ATALUREN,TDP43_v2,-6.7,42,-6.7000;-6.7000;-6.5000,ok,2026-09-05 00:44:28
ATAZANAVIR,TDP43_v2,-5.2,42,-5.2000;-4.8000;-4.2000,ok,2026-09-05 00:45:38
ATAZANAVIR_SULFATE,TDP43_v2,,,,"error:returncode=1 _als_tdp43v4/ligandos/ATAZANAVIR_SULFATE_out.pdbqt
Reading input ... done.


Parse error on line 166 in file ""/kaggle/working/masive_als_tdp43v4/ligandos/ATAZANAVIR_SULFATE.pdbqt"": Unknown or inappropriate tag
No valid ligands in the input directory
 | returncode=1 _als_tdp43v4/ligandos/ATAZANAVIR_SULFATE_out.pdbqt
Reading input ... done.


Parse error on line 166 in file ""/kaggle/working/masive_als_tdp43v4/ligandos/ATAZANAVIR_SULFATE.pdbqt"": Unknown or inappropriate tag
No valid ligands in the input directory
 | returncode=1 _als_tdp43v4/ligandos/ATAZANAVIR_SULFATE_out.pdbqt
Reading input ... done.


Parse error on line 166 in file ""/kaggle/working/masive_als_tdp43v4/ligandos/ATAZANAVIR_SULFATE.pdbqt"": Unknown or inappropriate tag
No valid ligands in the input directory
",2026-09-05 00:45:38
ATENOLOL,TDP43_v2,-6.2,777,-5.9000;-6.0000;-6.2000,ok,2026-09-05 00:45:47
ATOGEPANT,TDP43_v2,-6.8,42,-6.8000;-6.7000;-6.7000,ok,2026-09-05 00:46:12
ATOMOXETINE,TDP43_v2,-6.3,2026,-6.2000;-6.3000;-6.1000,ok,2026-09-05 00:46:19
ATOMOXETINE_HYDROCHLORIDE,TDP43_v2,,,,"error:returncode=1 ligandos/ATOMOXETINE_HYDROCHLORIDE_out.pdbqt
Reading input ... done.


Parse error on line 62 in file ""/kaggle/working/masive_als_tdp43v4/ligandos/ATOMOXETINE_HYDROCHLORIDE.pdbqt"": Unknown or inappropriate tag
No valid ligands in the input directory
 | returncode=1 ligandos/ATOMOXETINE_HYDROCHLORIDE_out.pdbqt
Reading input ... done.


Parse error on line 62 in file ""/kaggle/working/masive_als_tdp43v4/ligandos/ATOMOXETINE_HYDROCHLORIDE.pdbqt"": Unknown or inappropriate tag
No valid ligands in the input directory
 | returncode=1 ligandos/ATOMOXETINE_HYDROCHLORIDE_out.pdbqt
Reading input ... done.


Parse error on line 62 in file ""/kaggle/working/masive_als_tdp43v4/ligandos/ATOMOXETINE_HYDROCHLORIDE.pdbqt"": Unknown or inappropriate tag
No valid ligands in the input directory
",2026-09-05 00:46:19
ATORVASTATIN,TDP43_v2,-5.5,2026,-5.2000;-5.5000;-5.4000,ok,2026-09-05 00:46:54
ATORVASTATIN_CALCIUM,TDP43_v2,,,,"error:returncode=1 _tdp43v4/ligandos/ATORVASTATIN_CALCIUM_out.pdbqt
Reading input ... done.


Parse error on line 150 in file ""/kaggle/working/masive_als_tdp43v4/ligandos/ATORVASTATIN_CALCIUM.pdbqt"": Unknown or inappropriate tag
No valid ligands in the input directory
 | returncode=1 _tdp43v4/ligandos/ATORVASTATIN_CALCIUM_out.pdbqt
Reading input ... done.


Parse error on line 150 in file ""/kaggle/working/masive_als_tdp43v4/ligandos/ATORVASTATIN_CALCIUM.pdbqt"": Unknown or inappropriate tag
No valid ligands in the input directory
 | returncode=1 _tdp43v4/ligandos/ATORVASTATIN_CALCIUM_out.pdbqt
Reading input ... done.


Parse error on line 150 in file ""/kaggle/working/masive_als_tdp43v4/ligandos/ATORVASTATIN_CALCIUM.pdbqt"": Unknown or inappropriate tag
No valid ligands in the input directory
",2026-09-05 00:46:54
ATOVAQUONE,TDP43_v2,-6.9,42,-6.9000;-6.9000;-6.9000,ok,2026-09-05 00:47:01
ATRACURIUM,TDP43_v2,-5.5,2026,-4.2000;-5.5000;-4.3000,ok,2026-09-05 00:49:03
ATRACURIUM_BESYLATE,TDP43_v2,,,,"error:returncode=1 ls_tdp43v4/ligandos/ATRACURIUM_BESYLATE_out.pdbqt
Reading input ... done.


Parse error on line 209 in file ""/kaggle/working/masive_als_tdp43v4/ligandos/ATRACURIUM_BESYLATE.pdbqt"": Unknown or inappropriate tag
No valid ligands in the input directory
 | returncode=1 ls_tdp43v4/ligandos/ATRACURIUM_BESYLATE_out.pdbqt
Reading input ... done.


Parse error on line 209 in file ""/kaggle/working/masive_als_tdp43v4/ligandos/ATRACURIUM_BESYLATE.pdbqt"": Unknown or inappropriate tag
No valid ligands in the input directory
 | returncode=1 ls_tdp43v4/ligandos/ATRACURIUM_BESYLATE_out.pdbqt
Reading input ... done.


Parse error on line 209 in file ""/kaggle/working/masive_als_tdp43v4/ligandos/ATRACURIUM_BESYLATE.pdbqt"": Unknown or inappropriate tag
No valid ligands in the input directory
",2026-09-05 00:49:03
AVACOPAN,TDP43_v2,-8.5,2026,-6.7000;-8.5000;-6.6000,ok,2026-09-05 00:49:31
AVANAFIL,TDP43_v2,-6.6,42,-6.6000;-6.1000;-6.0000,ok,2026-09-05 00:49:50
AVAPRITINIB,TDP43_v2,-8.5,42,-8.5000;-8.5000;-8.5000,ok,2026-09-05 00:50:05
AVATROMBOPAG,TDP43_v2,-6.0,2026,-5.6000;-6.0000;-5.8000,ok,2026-09-05 00:50:31
AVATROMBOPAG_MALEATE,TDP43_v2,,,,"error:returncode=1 s_tdp43v4/ligandos/AVATROMBOPAG_MALEATE_out.pdbqt
Reading input ... done.


Parse error on line 94 in file ""/kaggle/working/masive_als_tdp43v4/ligandos/AVATROMBOPAG_MALEATE.pdbqt"": Unknown or inappropriate tag
No valid ligands in the input directory
 | returncode=1 s_tdp43v4/ligandos/AVATROMBOPAG_MALEATE_out.pdbqt
Reading input ... done.


Parse error on line 94 in file ""/kaggle/working/masive_als_tdp43v4/ligandos/AVATROMBOPAG_MALEATE.pdbqt"": Unknown or inappropriate tag
No valid ligands in the input directory
 | returncode=1 s_tdp43v4/ligandos/AVATROMBOPAG_MALEATE_out.pdbqt
Reading input ... done.


Parse error on line 94 in file ""/kaggle/working/masive_als_tdp43v4/ligandos/AVATROMBOPAG_MALEATE.pdbqt"": Unknown or inappropriate tag
No valid ligands in the input directory
",2026-09-05 00:50:31
AVIBACTAM,TDP43_v2,-4.9,42,-4.9000;-4.9000;-4.9000,ok,2026-09-05 00:50:38
AVIBACTAM_SODIUM,TDP43_v2,,,,"error:returncode=1 asive_als_tdp43v4/ligandos/AVIBACTAM_SODIUM_out.pdbqt
Reading input ... done.


Parse error on line 45 in file ""/kaggle/working/masive_als_tdp43v4/ligandos/AVIBACTAM_SODIUM.pdbqt"": Unknown or inappropriate tag
No valid ligands in the input directory
 | returncode=1 asive_als_tdp43v4/ligandos/AVIBACTAM_SODIUM_out.pdbqt
Reading input ... done.


Parse error on line 45 in file ""/kaggle/working/masive_als_tdp43v4/ligandos/AVIBACTAM_SODIUM.pdbqt"": Unknown or inappropriate tag
No valid ligands in the input directory
 | returncode=1 asive_als_tdp43v4/ligandos/AVIBACTAM_SODIUM_out.pdbqt
Reading input ... done.


Parse error on line 45 in file ""/kaggle/working/masive_als_tdp43v4/ligandos/AVIBACTAM_SODIUM.pdbqt"": Unknown or inappropriate tag
No valid ligands in the input directory
",2026-09-05 00:50:38
AVOBENZONE,TDP43_v2,-6.4,2026,-6.1000;-6.4000;-6.1000,ok,2026-09-05 00:50:47
AXITINIB,TDP43_v2,-6.7,42,-6.7000;-6.7000;-6.4000,ok,2026-09-05 00:50:57
AZACITIDINE,TDP43_v2,-4.8,42,-4.8000;-4.8000;-4.8000,ok,2026-09-05 00:51:03
AZARIBINE,TDP43_v2,-5.0,42,-5.0000;-5.0000;-4.9000,ok,2026-09-05 00:51:12
AZATADINE,TDP43_v2,-6.9,42,-6.9000;-6.8000;-6.9000,ok,2026-09-05 00:51:19
AZATADINE_MALEATE,TDP43_v2,,,,"error:returncode=1 ive_als_tdp43v4/ligandos/AZATADINE_MALEATE_out.pdbqt
Reading input ... done.


Parse error on line 54 in file ""/kaggle/working/masive_als_tdp43v4/ligandos/AZATADINE_MALEATE.pdbqt"": Unknown or inappropriate tag
No valid ligands in the input directory
 | returncode=1 ive_als_tdp43v4/ligandos/AZATADINE_MALEATE_out.pdbqt
Reading input ... done.


Parse error on line 54 in file ""/kaggle/working/masive_als_tdp43v4/ligandos/AZATADINE_MALEATE.pdbqt"": Unknown or inappropriate tag
No valid ligands in the input directory
 | returncode=1 ive_als_tdp43v4/ligandos/AZATADINE_MALEATE_out.pdbqt
Reading input ... done.


Parse error on line 54 in file ""/kaggle/working/masive_als_tdp43v4/ligandos/AZATADINE_MALEATE.pdbqt"": Unknown or inappropriate tag
No valid ligands in the input directory
",2026-09-05 00:51:19
AZATHIOPRINE,TDP43_v2,-5.2,777,-4.9000;-4.9000;-5.2000,ok,2026-09-05 00:51:25
AZATHIOPRINE_SODIUM,TDP43_v2,,,,"error:returncode=1 als_tdp43v4/ligandos/AZATHIOPRINE_SODIUM_out.pdbqt
Reading input ... done.


Parse error on line 47 in file ""/kaggle/working/masive_als_tdp43v4/ligandos/AZATHIOPRINE_SODIUM.pdbqt"": Unknown or inappropriate tag
No valid ligands in the input directory
 | returncode=1 als_tdp43v4/ligandos/AZATHIOPRINE_SODIUM_out.pdbqt
Reading input ... done.


Parse error on line 47 in file ""/kaggle/working/masive_als_tdp43v4/ligandos/AZATHIOPRINE_SODIUM.pdbqt"": Unknown or inappropriate tag
No valid ligands in the input directory
 | returncode=1 als_tdp43v4/ligandos/AZATHIOPRINE_SODIUM_out.pdbqt
Reading input ... done.


Parse error on line 47 in file ""/kaggle/working/masive_als_tdp43v4/ligandos/AZATHIOPRINE_SODIUM.pdbqt"": Unknown or inappropriate tag
No valid ligands in the input directory
",2026-09-05 00:51:25
AZELAIC_ACID,TDP43_v2,-5.3,777,-5.2000;-5.1000;-5.3000,ok,2026-09-05 00:51:32
AZELASTINE,TDP43_v2,-5.6,42,-5.6000;-5.5000;-5.5000,ok,2026-09-05 00:51:41
AZELASTINE_HYDROCHLORIDE,TDP43_v2,,,,"error:returncode=1 4/ligandos/AZELASTINE_HYDROCHLORIDE_out.pdbqt
Reading input ... done.


Parse error on line 55 in file ""/kaggle/working/masive_als_tdp43v4/ligandos/AZELASTINE_HYDROCHLORIDE.pdbqt"": Unknown or inappropriate tag
No valid ligands in the input directory
 | returncode=1 4/ligandos/AZELASTINE_HYDROCHLORIDE_out.pdbqt
Reading input ... done.


Parse error on line 55 in file ""/kaggle/working/masive_als_tdp43v4/ligandos/AZELASTINE_HYDROCHLORIDE.pdbqt"": Unknown or inappropriate tag
No valid ligands in the input directory
 | returncode=1 4/ligandos/AZELASTINE_HYDROCHLORIDE_out.pdbqt
Reading input ... done.


Parse error on line 55 in file ""/kaggle/working/masive_als_tdp43v4/ligandos/AZELASTINE_HYDROCHLORIDE.pdbqt"": Unknown or inappropriate tag
No valid ligands in the input directory
",2026-09-05 00:51:41
AZILSARTAN_KAMEDOXOMIL,TDP43_v2,,,,"error:returncode=1 43v4/ligandos/AZILSARTAN_KAMEDOXOMIL_out.pdbqt
Reading input ... done.


Parse error on line 100 in file ""/kaggle/working/masive_als_tdp43v4/ligandos/AZILSARTAN_KAMEDOXOMIL.pdbqt"": Unknown or inappropriate tag
No valid ligands in the input directory
 | returncode=1 43v4/ligandos/AZILSARTAN_KAMEDOXOMIL_out.pdbqt
Reading input ... done.


Parse error on line 100 in file ""/kaggle/working/masive_als_tdp43v4/ligandos/AZILSARTAN_KAMEDOXOMIL.pdbqt"": Unknown or inappropriate tag
No valid ligands in the input directory
 | returncode=1 43v4/ligandos/AZILSARTAN_KAMEDOXOMIL_out.pdbqt
Reading input ... done.


Parse error on line 100 in file ""/kaggle/working/masive_als_tdp43v4/ligandos/AZILSARTAN_KAMEDOXOMIL.pdbqt"": Unknown or inappropriate tag
No valid ligands in the input directory
",2026-09-05 00:51:41
AZILSARTAN_MEDOXOMIL,TDP43_v2,-6.8,777,-6.2000;-6.7000;-6.8000,ok,2026-09-05 00:52:09
AZITHROMYCIN,TDP43_v2,-5.3,2026,-5.1000;-5.3000;-5.1000,ok,2026-09-05 00:52:49
AZLOCILLIN,TDP43_v2,-6.4,777,-5.7000;-5.7000;-6.4000,ok,2026-09-05 00:53:05
AZLOCILLIN_SODIUM,TDP43_v2,,,,"error:returncode=1 ive_als_tdp43v4/ligandos/AZLOCILLIN_SODIUM_out.pdbqt
Reading input ... done.


Parse error on line 73 in file ""/kaggle/working/masive_als_tdp43v4/ligandos/AZLOCILLIN_SODIUM.pdbqt"": Unknown or inappropriate tag
No valid ligands in the input directory
 | returncode=1 ive_als_tdp43v4/ligandos/AZLOCILLIN_SODIUM_out.pdbqt
Reading input ... done.


Parse error on line 73 in file ""/kaggle/working/masive_als_tdp43v4/ligandos/AZLOCILLIN_SODIUM.pdbqt"": Unknown or inappropriate tag
No valid ligands in the input directory
 | returncode=1 ive_als_tdp43v4/ligandos/AZLOCILLIN_SODIUM_out.pdbqt
Reading input ... done.


Parse error on line 73 in file ""/kaggle/working/masive_als_tdp43v4/ligandos/AZLOCILLIN_SODIUM.pdbqt"": Unknown or inappropriate tag
No valid ligands in the input directory
",2026-09-05 00:53:05
AZTREONAM,TDP43_v2,-6.1,42,-6.1000;-5.8000;-6.0000,ok,2026-09-05 00:53:20
AZTREONAM_LYSINE,TDP43_v2,,,,"error:returncode=1 sive_als_tdp43v4/ligandos/AZTREONAM_LYSINE_out.pdbqt
Reading input ... done.


Parse error on line 105 in file ""/kaggle/working/masive_als_tdp43v4/ligandos/AZTREONAM_LYSINE.pdbqt"": Unknown or inappropriate tag
No valid ligands in the input directory
 | returncode=1 sive_als_tdp43v4/ligandos/AZTREONAM_LYSINE_out.pdbqt
Reading input ... done.


Parse error on line 105 in file ""/kaggle/working/masive_als_tdp43v4/ligandos/AZTREONAM_LYSINE.pdbqt"": Unknown or inappropriate tag
No valid ligands in the input directory
 | returncode=1 sive_als_tdp43v4/ligandos/AZTREONAM_LYSINE_out.pdbqt
Reading input ... done.


Parse error on line 105 in file ""/kaggle/working/masive_als_tdp43v4/ligandos/AZTREONAM_LYSINE.pdbqt"": Unknown or inappropriate tag
No valid ligands in the input directory
",2026-09-05 00:53:20
Alpha-Lipoic_Acid,TDP43_v2,-5.1,2026,-5.0000;-5.1000;-5.1000,ok,2026-09-05 00:53:27
Amlodipine,TDP43_v2,-5.6,42,-5.6000;-4.9000;-5.2000,ok,2026-09-05 00:53:39
Apigenin,TDP43_v2,-7.1,42,-7.1000;-7.1000;-7.1000,ok,2026-09-05 00:53:45
Arimoclomol,TDP43_v2,-6.4,42,-6.4000;-6.4000;-6.4000,ok,2026-09-05 00:53:52
Ascorbic_Acid,TDP43_v2,-5.1,42,-5.1000;-5.1000;-5.1000,ok,2026-09-05 00:53:58
Aspirin,TDP43_v2,-5.8,2026,-5.1000;-5.8000;-5.8000,ok,2026-09-05 00:54:05
Atorvastatin,TDP43_v2,-6.2,777,-5.6000;-4.9000;-6.2000,ok,2026-09-05 00:54:42
BACAMPICILLIN,TDP43_v2,-5.5,2026,-5.2000;-5.5000;-5.5000,ok,2026-09-05 00:55:00
BACAMPICILLIN_HYDROCHLORIDE,TDP43_v2,,,,"error:returncode=1 dos/BACAMPICILLIN_HYDROCHLORIDE_out.pdbqt
Reading input ... done.


Parse error on line 101 in file ""/kaggle/working/masive_als_tdp43v4/ligandos/BACAMPICILLIN_HYDROCHLORIDE.pdbqt"": Unknown or inappropriate tag
No valid ligands in the input directory
 | returncode=1 dos/BACAMPICILLIN_HYDROCHLORIDE_out.pdbqt
Reading input ... done.


Parse error on line 101 in file ""/kaggle/working/masive_als_tdp43v4/ligandos/BACAMPICILLIN_HYDROCHLORIDE.pdbqt"": Unknown or inappropriate tag
No valid ligands in the input directory
 | returncode=1 dos/BACAMPICILLIN_HYDROCHLORIDE_out.pdbqt
Reading input ... done.


Parse error on line 101 in file ""/kaggle/working/masive_als_tdp43v4/ligandos/BACAMPICILLIN_HYDROCHLORIDE.pdbqt"": Unknown or inappropriate tag
No valid ligands in the input directory
",2026-09-05 00:55:00
BACLOFEN,TDP43_v2,-5.3,42,-5.3000;-5.3000;-5.3000,ok,2026-09-05 00:55:07
BALOXAVIR_MARBOXIL,TDP43_v2,-5.5,2026,-5.3000;-5.5000;-5.2000,ok,2026-09-05 00:55:25
BALSALAZIDE,TDP43_v2,-5.9,42,-5.9000;-5.5000;-5.8000,ok,2026-09-05 00:55:38
BALSALAZIDE_DISODIUM,TDP43_v2,,,,"error:returncode=1 s_tdp43v4/ligandos/BALSALAZIDE_DISODIUM_out.pdbqt
Reading input ... done.


Parse error on line 74 in file ""/kaggle/working/masive_als_tdp43v4/ligandos/BALSALAZIDE_DISODIUM.pdbqt"": Unknown or inappropriate tag
No valid ligands in the input directory
 | returncode=1 s_tdp43v4/ligandos/BALSALAZIDE_DISODIUM_out.pdbqt
Reading input ... done.


Parse error on line 74 in file ""/kaggle/working/masive_als_tdp43v4/ligandos/BALSALAZIDE_DISODIUM.pdbqt"": Unknown or inappropriate tag
No valid ligands in the input directory
 | returncode=1 s_tdp43v4/ligandos/BALSALAZIDE_DISODIUM_out.pdbqt
Reading input ... done.


Parse error on line 74 in file ""/kaggle/working/masive_als_tdp43v4/ligandos/BALSALAZIDE_DISODIUM.pdbqt"": Unknown or inappropriate tag
No valid ligands in the input directory
",2026-09-05 00:55:38
BARBEXACLONE,TDP43_v2,,,,"error:returncode=1 orking/masive_als_tdp43v4/ligandos/BARBEXACLONE_out.pdbqt
Reading input ... done.


Parse error on line 53 in file ""/kaggle/working/masive_als_tdp43v4/ligandos/BARBEXACLONE.pdbqt"": Unknown or inappropriate tag
No valid ligands in the input directory
 | returncode=1 orking/masive_als_tdp43v4/ligandos/BARBEXACLONE_out.pdbqt
Reading input ... done.


Parse error on line 53 in file ""/kaggle/working/masive_als_tdp43v4/ligandos/BARBEXACLONE.pdbqt"": Unknown or inappropriate tag
No valid ligands in the input directory
 | returncode=1 orking/masive_als_tdp43v4/ligandos/BARBEXACLONE_out.pdbqt
Reading input ... done.


Parse error on line 53 in file ""/kaggle/working/masive_als_tdp43v4/ligandos/BARBEXACLONE.pdbqt"": Unknown or inappropriate tag
No valid ligands in the input directory
",2026-09-05 00:55:38
BARBITAL,TDP43_v2,-4.2,42,-4.2000;-4.2000;-4.1000,ok,2026-09-05 00:55:44
BARBITAL_SODIUM,TDP43_v2,,,,"error:returncode=1 /masive_als_tdp43v4/ligandos/BARBITAL_SODIUM_out.pdbqt
Reading input ... done.


Parse error on line 40 in file ""/kaggle/working/masive_als_tdp43v4/ligandos/BARBITAL_SODIUM.pdbqt"": Unknown or inappropriate tag
No valid ligands in the input directory
 | returncode=1 /masive_als_tdp43v4/ligandos/BARBITAL_SODIUM_out.pdbqt
Reading input ... done.


Parse error on line 40 in file ""/kaggle/working/masive_als_tdp43v4/ligandos/BARBITAL_SODIUM.pdbqt"": Unknown or inappropriate tag
No valid ligands in the input directory
 | returncode=1 /masive_als_tdp43v4/ligandos/BARBITAL_SODIUM_out.pdbqt
Reading input ... done.


Parse error on line 40 in file ""/kaggle/working/masive_als_tdp43v4/ligandos/BARBITAL_SODIUM.pdbqt"": Unknown or inappropriate tag
No valid ligands in the input directory
",2026-09-05 00:55:44
BARICITINIB,TDP43_v2,-5.4,777,-5.1000;-5.2000;-5.4000,ok,2026-09-05 00:55:54
BARIUM_SULFATE,TDP43_v2,,,,"error:returncode=1 ng/masive_als_tdp43v4/ligandos/BARIUM_SULFATE_out.pdbqt
Reading input ... done.


Parse error on line 19 in file ""/kaggle/working/masive_als_tdp43v4/ligandos/BARIUM_SULFATE.pdbqt"": Unknown or inappropriate tag
No valid ligands in the input directory
 | returncode=1 ng/masive_als_tdp43v4/ligandos/BARIUM_SULFATE_out.pdbqt
Reading input ... done.


Parse error on line 19 in file ""/kaggle/working/masive_als_tdp43v4/ligandos/BARIUM_SULFATE.pdbqt"": Unknown or inappropriate tag
No valid ligands in the input directory
 | returncode=1 ng/masive_als_tdp43v4/ligandos/BARIUM_SULFATE_out.pdbqt
Reading input ... done.


Parse error on line 19 in file ""/kaggle/working/masive_als_tdp43v4/ligandos/BARIUM_SULFATE.pdbqt"": Unknown or inappropriate tag
No valid ligands in the input directory
",2026-09-05 00:55:54
BAZEDOXIFENE,TDP43_v2,-6.8,777,-6.7000;-6.6000;-6.8000,ok,2026-09-05 00:56:13
BAZEDOXIFENE_ACETATE,TDP43_v2,,,,"error:returncode=1 s_tdp43v4/ligandos/BAZEDOXIFENE_ACETATE_out.pdbqt
Reading input ... done.


Parse error on line 45 in file ""/kaggle/working/masive_als_tdp43v4/ligandos/BAZEDOXIFENE_ACETATE.pdbqt"": Unknown or inappropriate tag
No valid ligands in the input directory
 | returncode=1 s_tdp43v4/ligandos/BAZEDOXIFENE_ACETATE_out.pdbqt
Reading input ... done.


Parse error on line 45 in file ""/kaggle/working/masive_als_tdp43v4/ligandos/BAZEDOXIFENE_ACETATE.pdbqt"": Unknown or inappropriate tag
No valid ligands in the input directory
 | returncode=1 s_tdp43v4/ligandos/BAZEDOXIFENE_ACETATE_out.pdbqt
Reading input ... done.


Parse error on line 45 in file ""/kaggle/working/masive_als_tdp43v4/ligandos/BAZEDOXIFENE_ACETATE.pdbqt"": Unknown or inappropriate tag
No valid ligands in the input directory
",2026-09-05 00:56:13
BECLOBRATE,TDP43_v2,-6.6,2026,-6.3000;-6.6000;-5.9000,ok,2026-09-05 00:56:22
BEDAQUILINE,TDP43_v2,-6.4,777,-5.8000;-5.8000;-6.4000,ok,2026-09-05 00:56:42
BEDAQUILINE_FUMARATE,TDP43_v2,,,,"error:returncode=1 _tdp43v4/ligandos/BEDAQUILINE_FUMARATE_out.pdbqt
Reading input ... done.


Parse error on line 102 in file ""/kaggle/working/masive_als_tdp43v4/ligandos/BEDAQUILINE_FUMARATE.pdbqt"": Unknown or inappropriate tag
No valid ligands in the input directory
 | returncode=1 _tdp43v4/ligandos/BEDAQUILINE_FUMARATE_out.pdbqt
Reading input ... done.


Parse error on line 102 in file ""/kaggle/working/masive_als_tdp43v4/ligandos/BEDAQUILINE_FUMARATE.pdbqt"": Unknown or inappropriate tag
No valid ligands in the input directory
 | returncode=1 _tdp43v4/ligandos/BEDAQUILINE_FUMARATE_out.pdbqt
Reading input ... done.


Parse error on line 102 in file ""/kaggle/working/masive_als_tdp43v4/ligandos/BEDAQUILINE_FUMARATE.pdbqt"": Unknown or inappropriate tag
No valid ligands in the input directory
",2026-09-05 00:56:42
BELINOSTAT,TDP43_v2,-7.4,2026,-7.0000;-7.4000;-6.9000,ok,2026-09-05 00:56:51
BELUMOSUDIL,TDP43_v2,-8.3,42,-8.3000;-8.3000;-8.1000,ok,2026-09-05 00:57:07
BELUMOSUDIL_MESYLATE,TDP43_v2,,,,"error:returncode=1 s_tdp43v4/ligandos/BELUMOSUDIL_MESYLATE_out.pdbqt
Reading input ... done.


Parse error on line 83 in file ""/kaggle/working/masive_als_tdp43v4/ligandos/BELUMOSUDIL_MESYLATE.pdbqt"": Unknown or inappropriate tag
No valid ligands in the input directory
 | returncode=1 s_tdp43v4/ligandos/BELUMOSUDIL_MESYLATE_out.pdbqt
Reading input ... done.


Parse error on line 83 in file ""/kaggle/working/masive_als_tdp43v4/ligandos/BELUMOSUDIL_MESYLATE.pdbqt"": Unknown or inappropriate tag
No valid ligands in the input directory
 | returncode=1 s_tdp43v4/ligandos/BELUMOSUDIL_MESYLATE_out.pdbqt
Reading input ... done.


Parse error on line 83 in file ""/kaggle/working/masive_als_tdp43v4/ligandos/BELUMOSUDIL_MESYLATE.pdbqt"": Unknown or inappropriate tag
No valid ligands in the input directory
",2026-09-05 00:57:07
BELZUTIFAN,TDP43_v2,-6.2,42,-6.2000;-6.2000;-6.1000,ok,2026-09-05 00:57:17
BEMPEDOIC_ACID,TDP43_v2,-5.6,42,-5.6000;-5.5000;-5.5000,ok,2026-09-05 00:57:32
BENAZEPRIL,TDP43_v2,-6.3,2026,-6.1000;-6.3000;-6.3000,ok,2026-09-05 00:57:48
BENAZEPRIL_HYDROCHLORIDE,TDP43_v2,,,,"error:returncode=1 4/ligandos/BENAZEPRIL_HYDROCHLORIDE_out.pdbqt
Reading input ... done.


Parse error on line 93 in file ""/kaggle/working/masive_als_tdp43v4/ligandos/BENAZEPRIL_HYDROCHLORIDE.pdbqt"": Unknown or inappropriate tag
No valid ligands in the input directory
 | returncode=1 4/ligandos/BENAZEPRIL_HYDROCHLORIDE_out.pdbqt
Reading input ... done.


Parse error on line 93 in file ""/kaggle/working/masive_als_tdp43v4/ligandos/BENAZEPRIL_HYDROCHLORIDE.pdbqt"": Unknown or inappropriate tag
No valid ligands in the input directory
 | returncode=1 4/ligandos/BENAZEPRIL_HYDROCHLORIDE_out.pdbqt
Reading input ... done.


Parse error on line 93 in file ""/kaggle/working/masive_als_tdp43v4/ligandos/BENAZEPRIL_HYDROCHLORIDE.pdbqt"": Unknown or inappropriate tag
No valid ligands in the input directory
",2026-09-05 00:57:48
BENDAMUSTINE,TDP43_v2,-4.9,42,-4.9000;-4.9000;-4.5000,ok,2026-09-05 00:57:57
BENDAMUSTINE_HYDROCHLORIDE,TDP43_v2,,,,"error:returncode=1 gandos/BENDAMUSTINE_HYDROCHLORIDE_out.pdbqt
Reading input ... done.


Parse error on line 38 in file ""/kaggle/working/masive_als_tdp43v4/ligandos/BENDAMUSTINE_HYDROCHLORIDE.pdbqt"": Unknown or inappropriate tag
No valid ligands in the input directory
 | returncode=1 gandos/BENDAMUSTINE_HYDROCHLORIDE_out.pdbqt
Reading input ... done.


Parse error on line 38 in file ""/kaggle/working/masive_als_tdp43v4/ligandos/BENDAMUSTINE_HYDROCHLORIDE.pdbqt"": Unknown or inappropriate tag
No valid ligands in the input directory
 | returncode=1 gandos/BENDAMUSTINE_HYDROCHLORIDE_out.pdbqt
Reading input ... done.


Parse error on line 38 in file ""/kaggle/working/masive_als_tdp43v4/ligandos/BENDAMUSTINE_HYDROCHLORIDE.pdbqt"": Unknown or inappropriate tag
No valid ligands in the input directory
",2026-09-05 00:57:57
BENDAZAC,TDP43_v2,-5.7,42,-5.7000;-5.7000;-5.7000,ok,2026-09-05 00:58:04
BENDROFLUMETHIAZIDE,TDP43_v2,-6.9,2026,-6.5000;-6.9000;-6.8000,ok,2026-09-05 00:58:14
BENFLUOREX,TDP43_v2,-6.2,2026,-5.8000;-6.2000;-6.0000,ok,2026-09-05 00:58:26
BENORILATE,TDP43_v2,-6.7,2026,-6.2000;-6.7000;-6.5000,ok,2026-09-05 00:58:36
BENOXAPROFEN,TDP43_v2,-6.8,2026,-6.7000;-6.8000;-6.7000,ok,2026-09-05 00:58:42
BENOXINATE,TDP43_v2,-5.1,2026,-4.8000;-5.1000;-4.8000,ok,2026-09-05 00:58:52
BENOXINATE_HYDROCHLORIDE,TDP43_v2,,,,"error:returncode=1 4/ligandos/BENOXINATE_HYDROCHLORIDE_out.pdbqt
Reading input ... done.


Parse error on line 92 in file ""/kaggle/working/masive_als_tdp43v4/ligandos/BENOXINATE_HYDROCHLORIDE.pdbqt"": Unknown or inappropriate tag
No valid ligands in the input directory
 | returncode=1 4/ligandos/BENOXINATE_HYDROCHLORIDE_out.pdbqt
Reading input ... done.


Parse error on line 92 in file ""/kaggle/working/masive_als_tdp43v4/ligandos/BENOXINATE_HYDROCHLORIDE.pdbqt"": Unknown or inappropriate tag
No valid ligands in the input directory
 | returncode=1 4/ligandos/BENOXINATE_HYDROCHLORIDE_out.pdbqt
Reading input ... done.


Parse error on line 92 in file ""/kaggle/working/masive_als_tdp43v4/ligandos/BENOXINATE_HYDROCHLORIDE.pdbqt"": Unknown or inappropriate tag
No valid ligands in the input directory
",2026-09-05 00:58:52
BENPERIDOL,TDP43_v2,-7.3,777,-6.7000;-6.4000;-7.3000,ok,2026-09-05 00:59:01
BENTIROMIDE,TDP43_v2,-5.9,2026,-5.2000;-5.9000;-5.6000,ok,2026-09-05 00:59:17
BENZARONE,TDP43_v2,-6.2,42,-6.2000;-6.2000;-6.2000,ok,2026-09-05 00:59:23
BENZBROMARONE,TDP43_v2,-6.1,42,-6.1000;-6.1000;-6.1000,ok,2026-09-05 00:59:30
BENZIODARONE,TDP43_v2,-6.1,42,-6.1000;-5.4000;-6.1000,ok,2026-09-05 00:59:36
BENZNIDAZOLE,TDP43_v2,-6.2,42,-6.2000;-6.2000;-6.0000,ok,2026-09-05 00:59:43
BENZONATATE,TDP43_v2,-4.6,2026,-3.9000;-4.6000;-4.1000,ok,2026-09-05 01:00:50
BENZOYL_PEROXIDE,TDP43_v2,-6.8,42,-6.8000;-6.2000;-6.4000,ok,2026-09-05 01:00:56
BENZPHETAMINE,TDP43_v2,-6.7,777,-6.6000;-6.6000;-6.7000,ok,2026-09-05 01:01:02
BENZPHETAMINE_HYDROCHLORIDE,TDP43_v2,,,,"error:returncode=1 ndos/BENZPHETAMINE_HYDROCHLORIDE_out.pdbqt
Reading input ... done.


Parse error on line 56 in file ""/kaggle/working/masive_als_tdp43v4/ligandos/BENZPHETAMINE_HYDROCHLORIDE.pdbqt"": Unknown or inappropriate tag
No valid ligands in the input directory
 | returncode=1 ndos/BENZPHETAMINE_HYDROCHLORIDE_out.pdbqt
Reading input ... done.


Parse error on line 56 in file ""/kaggle/working/masive_als_tdp43v4/ligandos/BENZPHETAMINE_HYDROCHLORIDE.pdbqt"": Unknown or inappropriate tag
No valid ligands in the input directory
 | returncode=1 ndos/BENZPHETAMINE_HYDROCHLORIDE_out.pdbqt
Reading input ... done.


Parse error on line 56 in file ""/kaggle/working/masive_als_tdp43v4/ligandos/BENZPHETAMINE_HYDROCHLORIDE.pdbqt"": Unknown or inappropriate tag
No valid ligands in the input directory
",2026-09-05 01:01:02
BENZQUINAMIDE,TDP43_v2,-5.4,2026,-5.3000;-5.4000;-5.3000,ok,2026-09-05 01:01:12
BENZQUINAMIDE_HYDROCHLORIDE,TDP43_v2,,,,"error:returncode=1 ndos/BENZQUINAMIDE_HYDROCHLORIDE_out.pdbqt
Reading input ... done.


Parse error on line 81 in file ""/kaggle/working/masive_als_tdp43v4/ligandos/BENZQUINAMIDE_HYDROCHLORIDE.pdbqt"": Unknown or inappropriate tag
No valid ligands in the input directory
 | returncode=1 ndos/BENZQUINAMIDE_HYDROCHLORIDE_out.pdbqt
Reading input ... done.


Parse error on line 81 in file ""/kaggle/working/masive_als_tdp43v4/ligandos/BENZQUINAMIDE_HYDROCHLORIDE.pdbqt"": Unknown or inappropriate tag
No valid ligands in the input directory
 | returncode=1 ndos/BENZQUINAMIDE_HYDROCHLORIDE_out.pdbqt
Reading input ... done.


Parse error on line 81 in file ""/kaggle/working/masive_als_tdp43v4/ligandos/BENZQUINAMIDE_HYDROCHLORIDE.pdbqt"": Unknown or inappropriate tag
No valid ligands in the input directory
",2026-09-05 01:01:12
BENZTHIAZIDE,TDP43_v2,-5.8,42,-5.8000;-5.5000;-5.1000,ok,2026-09-05 01:01:22
BENZYDAMINE,TDP43_v2,-5.6,42,-5.6000;-5.5000;-5.4000,ok,2026-09-05 01:01:31
BENZYDAMINE_HYDROCHLORIDE,TDP43_v2,,,,"error:returncode=1 ligandos/BENZYDAMINE_HYDROCHLORIDE_out.pdbqt
Reading input ... done.


Parse error on line 69 in file ""/kaggle/working/masive_als_tdp43v4/ligandos/BENZYDAMINE_HYDROCHLORIDE.pdbqt"": Unknown or inappropriate tag
No valid ligands in the input directory
 | returncode=1 ligandos/BENZYDAMINE_HYDROCHLORIDE_out.pdbqt
Reading input ... done.


Parse error on line 69 in file ""/kaggle/working/masive_als_tdp43v4/ligandos/BENZYDAMINE_HYDROCHLORIDE.pdbqt"": Unknown or inappropriate tag
No valid ligands in the input directory
 | returncode=1 ligandos/BENZYDAMINE_HYDROCHLORIDE_out.pdbqt
Reading input ... done.


Parse error on line 69 in file ""/kaggle/working/masive_als_tdp43v4/ligandos/BENZYDAMINE_HYDROCHLORIDE.pdbqt"": Unknown or inappropriate tag
No valid ligands in the input directory
",2026-09-05 01:01:31
BENZYL_ALCOHOL,TDP43_v2,-5.5,42,-5.5000;-5.5000;-5.5000,ok,2026-09-05 01:01:37
BENZYL_BENZOATE,TDP43_v2,-6.6,777,-6.2000;-6.5000;-6.6000,ok,2026-09-05 01:01:44
BEPOTASTINE,TDP43_v2,-5.8,777,-5.6000;-5.5000;-5.8000,ok,2026-09-05 01:01:56
BEPOTASTINE_BESYLATE,TDP43_v2,,,,"error:returncode=1 s_tdp43v4/ligandos/BEPOTASTINE_BESYLATE_out.pdbqt
Reading input ... done.


Parse error on line 82 in file ""/kaggle/working/masive_als_tdp43v4/ligandos/BEPOTASTINE_BESYLATE.pdbqt"": Unknown or inappropriate tag
No valid ligands in the input directory
 | returncode=1 s_tdp43v4/ligandos/BEPOTASTINE_BESYLATE_out.pdbqt
Reading input ... done.


Parse error on line 82 in file ""/kaggle/working/masive_als_tdp43v4/ligandos/BEPOTASTINE_BESYLATE.pdbqt"": Unknown or inappropriate tag
No valid ligands in the input directory
 | returncode=1 s_tdp43v4/ligandos/BEPOTASTINE_BESYLATE_out.pdbqt
Reading input ... done.


Parse error on line 82 in file ""/kaggle/working/masive_als_tdp43v4/ligandos/BEPOTASTINE_BESYLATE.pdbqt"": Unknown or inappropriate tag
No valid ligands in the input directory
",2026-09-05 01:01:56
BEPRIDIL,TDP43_v2,-5.5,42,-5.5000;-5.0000;-5.3000,ok,2026-09-05 01:02:09
BEPRIDIL_HYDROCHLORIDE,TDP43_v2,,,,"error:returncode=1 p43v4/ligandos/BEPRIDIL_HYDROCHLORIDE_out.pdbqt
Reading input ... done.


Parse error on line 85 in file ""/kaggle/working/masive_als_tdp43v4/ligandos/BEPRIDIL_HYDROCHLORIDE.pdbqt"": Unknown or inappropriate tag
No valid ligands in the input directory
 | returncode=1 p43v4/ligandos/BEPRIDIL_HYDROCHLORIDE_out.pdbqt
Reading input ... done.


Parse error on line 85 in file ""/kaggle/working/masive_als_tdp43v4/ligandos/BEPRIDIL_HYDROCHLORIDE.pdbqt"": Unknown or inappropriate tag
No valid ligands in the input directory
 | returncode=1 p43v4/ligandos/BEPRIDIL_HYDROCHLORIDE_out.pdbqt
Reading input ... done.


Parse error on line 85 in file ""/kaggle/working/masive_als_tdp43v4/ligandos/BEPRIDIL_HYDROCHLORIDE.pdbqt"": Unknown or inappropriate tag
No valid ligands in the input directory
",2026-09-05 01:02:09
BERBERINE,TDP43_v2,-6.6,42,-6.6000;-6.6000;-6.6000,ok,2026-09-05 01:02:15
BEROTRALSTAT,TDP43_v2,-5.8,777,-5.7000;-5.3000;-5.8000,ok,2026-09-05 01:02:49
BEROTRALSTAT_HYDROCHLORIDE,TDP43_v2,,,,"error:returncode=1 gandos/BEROTRALSTAT_HYDROCHLORIDE_out.pdbqt
Reading input ... done.


Parse error on line 40 in file ""/kaggle/working/masive_als_tdp43v4/ligandos/BEROTRALSTAT_HYDROCHLORIDE.pdbqt"": Unknown or inappropriate tag
No valid ligands in the input directory
 | returncode=1 gandos/BEROTRALSTAT_HYDROCHLORIDE_out.pdbqt
Reading input ... done.


Parse error on line 40 in file ""/kaggle/working/masive_als_tdp43v4/ligandos/BEROTRALSTAT_HYDROCHLORIDE.pdbqt"": Unknown or inappropriate tag
No valid ligands in the input directory
 | returncode=1 gandos/BEROTRALSTAT_HYDROCHLORIDE_out.pdbqt
Reading input ... done.


Parse error on line 40 in file ""/kaggle/working/masive_als_tdp43v4/ligandos/BEROTRALSTAT_HYDROCHLORIDE.pdbqt"": Unknown or inappropriate tag
No valid ligands in the input directory
",2026-09-05 01:02:49
BESIFLOXACIN,TDP43_v2,-6.4,42,-6.4000;-6.4000;-6.4000,ok,2026-09-05 01:02:58
BESIFLOXACIN_HYDROCHLORIDE,TDP43_v2,,,,"error:returncode=1 gandos/BESIFLOXACIN_HYDROCHLORIDE_out.pdbqt
Reading input ... done.


Parse error on line 26 in file ""/kaggle/working/masive_als_tdp43v4/ligandos/BESIFLOXACIN_HYDROCHLORIDE.pdbqt"": Unknown or inappropriate tag
No valid ligands in the input directory
 | returncode=1 gandos/BESIFLOXACIN_HYDROCHLORIDE_out.pdbqt
Reading input ... done.


Parse error on line 26 in file ""/kaggle/working/masive_als_tdp43v4/ligandos/BESIFLOXACIN_HYDROCHLORIDE.pdbqt"": Unknown or inappropriate tag
No valid ligands in the input directory
 | returncode=1 gandos/BESIFLOXACIN_HYDROCHLORIDE_out.pdbqt
Reading input ... done.


Parse error on line 26 in file ""/kaggle/working/masive_als_tdp43v4/ligandos/BESIFLOXACIN_HYDROCHLORIDE.pdbqt"": Unknown or inappropriate tag
No valid ligands in the input directory
",2026-09-05 01:02:58
BETAHISTINE,TDP43_v2,-5.3,777,-5.0000;-5.0000;-5.3000,ok,2026-09-05 01:03:05
BETAHISTINE_HYDROCHLORIDE,TDP43_v2,,,,"error:returncode=1 ligandos/BETAHISTINE_HYDROCHLORIDE_out.pdbqt
Reading input ... done.


Parse error on line 39 in file ""/kaggle/working/masive_als_tdp43v4/ligandos/BETAHISTINE_HYDROCHLORIDE.pdbqt"": Unknown or inappropriate tag
No valid ligands in the input directory
 | returncode=1 ligandos/BETAHISTINE_HYDROCHLORIDE_out.pdbqt
Reading input ... done.


Parse error on line 39 in file ""/kaggle/working/masive_als_tdp43v4/ligandos/BETAHISTINE_HYDROCHLORIDE.pdbqt"": Unknown or inappropriate tag
No valid ligands in the input directory
 | returncode=1 ligandos/BETAHISTINE_HYDROCHLORIDE_out.pdbqt
Reading input ... done.


Parse error on line 39 in file ""/kaggle/working/masive_als_tdp43v4/ligandos/BETAHISTINE_HYDROCHLORIDE.pdbqt"": Unknown or inappropriate tag
No valid ligands in the input directory
",2026-09-05 01:03:05
BETAINE,TDP43_v2,-3.0,42,-3.0000;-2.9000;-3.0000,ok,2026-09-05 01:03:11
BETAXOLOL,TDP43_v2,-6.0,42,-6.0000;-5.9000;-5.8000,ok,2026-09-05 01:03:20
BETAXOLOL_HYDROCHLORIDE,TDP43_v2,,,,"error:returncode=1 3v4/ligandos/BETAXOLOL_HYDROCHLORIDE_out.pdbqt
Reading input ... done.


Parse error on line 90 in file ""/kaggle/working/masive_als_tdp43v4/ligandos/BETAXOLOL_HYDROCHLORIDE.pdbqt"": Unknown or inappropriate tag
No valid ligands in the input directory
 | returncode=1 3v4/ligandos/BETAXOLOL_HYDROCHLORIDE_out.pdbqt
Reading input ... done.


Parse error on line 90 in file ""/kaggle/working/masive_als_tdp43v4/ligandos/BETAXOLOL_HYDROCHLORIDE.pdbqt"": Unknown or inappropriate tag
No valid ligands in the input directory
 | returncode=1 3v4/ligandos/BETAXOLOL_HYDROCHLORIDE_out.pdbqt
Reading input ... done.


Parse error on line 90 in file ""/kaggle/working/masive_als_tdp43v4/ligandos/BETAXOLOL_HYDROCHLORIDE.pdbqt"": Unknown or inappropriate tag
No valid ligands in the input directory
",2026-09-05 01:03:20
BETAZOLE,TDP43_v2,-4.7,2026,-4.6000;-4.7000;-4.7000,ok,2026-09-05 01:03:27
BETAZOLE_HYDROCHLORIDE,TDP43_v2,,,,"error:returncode=1 p43v4/ligandos/BETAZOLE_HYDROCHLORIDE_out.pdbqt
Reading input ... done.


Parse error on line 22 in file ""/kaggle/working/masive_als_tdp43v4/ligandos/BETAZOLE_HYDROCHLORIDE.pdbqt"": Unknown or inappropriate tag
No valid ligands in the input directory
 | returncode=1 p43v4/ligandos/BETAZOLE_HYDROCHLORIDE_out.pdbqt
Reading input ... done.


Parse error on line 22 in file ""/kaggle/working/masive_als_tdp43v4/ligandos/BETAZOLE_HYDROCHLORIDE.pdbqt"": Unknown or inappropriate tag
No valid ligands in the input directory
 | returncode=1 p43v4/ligandos/BETAZOLE_HYDROCHLORIDE_out.pdbqt
Reading input ... done.


Parse error on line 22 in file ""/kaggle/working/masive_als_tdp43v4/ligandos/BETAZOLE_HYDROCHLORIDE.pdbqt"": Unknown or inappropriate tag
No valid ligands in the input directory
",2026-09-05 01:03:27
BETA_CAROTENE,TDP43_v2,-6.7,42,-6.7000;-6.3000;-6.3000,ok,2026-09-05 01:03:45
BETHANECHOL,TDP43_v2,-3.7,777,-3.5000;-3.2000;-3.7000,ok,2026-09-05 01:03:52
BETHANECHOL_CHLORIDE,TDP43_v2,,,,"error:returncode=1 s_tdp43v4/ligandos/BETHANECHOL_CHLORIDE_out.pdbqt
Reading input ... done.


Parse error on line 51 in file ""/kaggle/working/masive_als_tdp43v4/ligandos/BETHANECHOL_CHLORIDE.pdbqt"": Unknown or inappropriate tag
No valid ligands in the input directory
 | returncode=1 s_tdp43v4/ligandos/BETHANECHOL_CHLORIDE_out.pdbqt
Reading input ... done.


Parse error on line 51 in file ""/kaggle/working/masive_als_tdp43v4/ligandos/BETHANECHOL_CHLORIDE.pdbqt"": Unknown or inappropriate tag
No valid ligands in the input directory
 | returncode=1 s_tdp43v4/ligandos/BETHANECHOL_CHLORIDE_out.pdbqt
Reading input ... done.


Parse error on line 51 in file ""/kaggle/working/masive_als_tdp43v4/ligandos/BETHANECHOL_CHLORIDE.pdbqt"": Unknown or inappropriate tag
No valid ligands in the input directory
",2026-09-05 01:03:52
BETHANIDINE,TDP43_v2,-5.7,42,-5.7000;-5.0000;-5.5000,ok,2026-09-05 01:03:58
BETHANIDINE_SULFATE,TDP43_v2,,,,"error:returncode=1 als_tdp43v4/ligandos/BETHANIDINE_SULFATE_out.pdbqt
Reading input ... done.


Parse error on line 53 in file ""/kaggle/working/masive_als_tdp43v4/ligandos/BETHANIDINE_SULFATE.pdbqt"": Unknown or inappropriate tag
No valid ligands in the input directory
 | returncode=1 als_tdp43v4/ligandos/BETHANIDINE_SULFATE_out.pdbqt
Reading input ... done.


Parse error on line 53 in file ""/kaggle/working/masive_als_tdp43v4/ligandos/BETHANIDINE_SULFATE.pdbqt"": Unknown or inappropriate tag
No valid ligands in the input directory
 | returncode=1 als_tdp43v4/ligandos/BETHANIDINE_SULFATE_out.pdbqt
Reading input ... done.


Parse error on line 53 in file ""/kaggle/working/masive_als_tdp43v4/ligandos/BETHANIDINE_SULFATE.pdbqt"": Unknown or inappropriate tag
No valid ligands in the input directory
",2026-09-05 01:03:58
BETRIXABAN,TDP43_v2,-5.9,42,-5.9000;-5.8000;-5.8000,ok,2026-09-05 01:04:14
BEXAGLIFLOZIN,TDP43_v2,-5.9,777,-5.8000;-5.6000;-5.9000,ok,2026-09-05 01:04:32
BEXAROTENE,TDP43_v2,-7.1,2026,-6.9000;-7.1000;-7.1000,ok,2026-09-05 01:04:42
BICALUTAMIDE,TDP43_v2,-6.7,2026,-6.4000;-6.7000;-6.6000,ok,2026-09-05 01:04:55
BIFONAZOLE,TDP43_v2,-8.5,2026,-6.7000;-8.5000;-8.4000,ok,2026-09-05 01:05:03
BILASTINE,TDP43_v2,-6.4,42,-6.4000;-6.1000;-5.6000,ok,2026-09-05 01:05:22
BIMATOPROST,TDP43_v2,-6.6,42,-6.6000;-6.3000;-5.9000,ok,2026-09-05 01:05:42
BINIMETINIB,TDP43_v2,-5.4,777,-5.1000;-5.3000;-5.4000,ok,2026-09-05 01:05:55
BIOALLETHRIN,TDP43_v2,-5.7,42,-5.7000;-5.2000;-5.7000,ok,2026-09-05 01:06:01
BIPERIDEN,TDP43_v2,-5.6,42,-5.6000;-5.5000;-5.5000,ok,2026-09-05 01:06:11
BIPERIDEN_HYDROCHLORIDE,TDP43_v2,,,,"error:returncode=1 3v4/ligandos/BIPERIDEN_HYDROCHLORIDE_out.pdbqt
Reading input ... done.


Parse error on line 28 in file ""/kaggle/working/masive_als_tdp43v4/ligandos/BIPERIDEN_HYDROCHLORIDE.pdbqt"": Unknown or inappropriate tag
No valid ligands in the input directory
 | returncode=1 3v4/ligandos/BIPERIDEN_HYDROCHLORIDE_out.pdbqt
Reading input ... done.


Parse error on line 28 in file ""/kaggle/working/masive_als_tdp43v4/ligandos/BIPERIDEN_HYDROCHLORIDE.pdbqt"": Unknown or inappropriate tag
No valid ligands in the input directory
 | returncode=1 3v4/ligandos/BIPERIDEN_HYDROCHLORIDE_out.pdbqt
Reading input ... done.


Parse error on line 28 in file ""/kaggle/working/masive_als_tdp43v4/ligandos/BIPERIDEN_HYDROCHLORIDE.pdbqt"": Unknown or inappropriate tag
No valid ligands in the input directory
",2026-09-05 01:06:11
BIPERIDEN_LACTATE,TDP43_v2,,,,"error:returncode=1 ive_als_tdp43v4/ligandos/BIPERIDEN_LACTATE_out.pdbqt
Reading input ... done.


Parse error on line 48 in file ""/kaggle/working/masive_als_tdp43v4/ligandos/BIPERIDEN_LACTATE.pdbqt"": Unknown or inappropriate tag
No valid ligands in the input directory
 | returncode=1 ive_als_tdp43v4/ligandos/BIPERIDEN_LACTATE_out.pdbqt
Reading input ... done.


Parse error on line 48 in file ""/kaggle/working/masive_als_tdp43v4/ligandos/BIPERIDEN_LACTATE.pdbqt"": Unknown or inappropriate tag
No valid ligands in the input directory
 | returncode=1 ive_als_tdp43v4/ligandos/BIPERIDEN_LACTATE_out.pdbqt
Reading input ... done.


Parse error on line 48 in file ""/kaggle/working/masive_als_tdp43v4/ligandos/BIPERIDEN_LACTATE.pdbqt"": Unknown or inappropriate tag
No valid ligands in the input directory
",2026-09-05 01:06:11
BISACODYL,TDP43_v2,-6.3,777,-6.0000;-5.5000;-6.3000,ok,2026-09-05 01:06:20
BISOPROLOL,TDP43_v2,-5.5,2026,-5.3000;-5.5000;-5.3000,ok,2026-09-05 01:06:33
BISOPROLOL_FUMARATE,TDP43_v2,,,,"error:returncode=1 ls_tdp43v4/ligandos/BISOPROLOL_FUMARATE_out.pdbqt
Reading input ... done.


Parse error on line 141 in file ""/kaggle/working/masive_als_tdp43v4/ligandos/BISOPROLOL_FUMARATE.pdbqt"": Unknown or inappropriate tag
No valid ligands in the input directory
 | returncode=1 ls_tdp43v4/ligandos/BISOPROLOL_FUMARATE_out.pdbqt
Reading input ... done.


Parse error on line 141 in file ""/kaggle/working/masive_als_tdp43v4/ligandos/BISOPROLOL_FUMARATE.pdbqt"": Unknown or inappropriate tag
No valid ligands in the input directory
 | returncode=1 ls_tdp43v4/ligandos/BISOPROLOL_FUMARATE_out.pdbqt
Reading input ... done.


Parse error on line 141 in file ""/kaggle/working/masive_als_tdp43v4/ligandos/BISOPROLOL_FUMARATE.pdbqt"": Unknown or inappropriate tag
No valid ligands in the input directory
",2026-09-05 01:06:33
BITHIONOL,TDP43_v2,-5.8,42,-5.8000;-5.8000;-5.8000,ok,2026-09-05 01:06:39
BITHIONOLATE_SODIUM,TDP43_v2,,,,"error:returncode=1 als_tdp43v4/ligandos/BITHIONOLATE_SODIUM_out.pdbqt
Reading input ... done.


Parse error on line 19 in file ""/kaggle/working/masive_als_tdp43v4/ligandos/BITHIONOLATE_SODIUM.pdbqt"": Unknown or inappropriate tag
No valid ligands in the input directory
 | returncode=1 als_tdp43v4/ligandos/BITHIONOLATE_SODIUM_out.pdbqt
Reading input ... done.


Parse error on line 19 in file ""/kaggle/working/masive_als_tdp43v4/ligandos/BITHIONOLATE_SODIUM.pdbqt"": Unknown or inappropriate tag
No valid ligands in the input directory
 | returncode=1 als_tdp43v4/ligandos/BITHIONOLATE_SODIUM_out.pdbqt
Reading input ... done.


Parse error on line 19 in file ""/kaggle/working/masive_als_tdp43v4/ligandos/BITHIONOLATE_SODIUM.pdbqt"": Unknown or inappropriate tag
No valid ligands in the input directory
",2026-09-05 01:06:39
BITOLTEROL,TDP43_v2,-6.8,777,-6.0000;-6.1000;-6.8000,ok,2026-09-05 01:06:58
BITOLTEROL_MESYLATE,TDP43_v2,,,,"error:returncode=1 als_tdp43v4/ligandos/BITOLTEROL_MESYLATE_out.pdbqt
Reading input ... done.


Parse error on line 58 in file ""/kaggle/working/masive_als_tdp43v4/ligandos/BITOLTEROL_MESYLATE.pdbqt"": Unknown or inappropriate tag
No valid ligands in the input directory
 | returncode=1 als_tdp43v4/ligandos/BITOLTEROL_MESYLATE_out.pdbqt
Reading input ... done.


Parse error on line 58 in file ""/kaggle/working/masive_als_tdp43v4/ligandos/BITOLTEROL_MESYLATE.pdbqt"": Unknown or inappropriate tag
No valid ligands in the input directory
 | returncode=1 als_tdp43v4/ligandos/BITOLTEROL_MESYLATE_out.pdbqt
Reading input ... done.


Parse error on line 58 in file ""/kaggle/working/masive_als_tdp43v4/ligandos/BITOLTEROL_MESYLATE.pdbqt"": Unknown or inappropriate tag
No valid ligands in the input directory
",2026-09-05 01:06:58
BLONANSERIN,TDP43_v2,-8.2,777,-6.9000;-6.9000;-8.2000,ok,2026-09-05 01:07:04
BOCEPREVIR,TDP43_v2,-6.1,42,-6.1000;-5.4000;-4.9000,ok,2026-09-05 01:07:32
BORTEZOMIB,TDP43_v2,,,,"error:returncode=1 done.


Parse error on line 38 in file ""/kaggle/working/masive_als_tdp43v4/ligandos/BORTEZOMIB.pdbqt"": ATOM syntax incorrect: ""B"" is not a valid AutoDock type. Note that AutoDock atom types are case-sensitive.
No valid ligands in the input directory
 | returncode=1 done.


Parse error on line 38 in file ""/kaggle/working/masive_als_tdp43v4/ligandos/BORTEZOMIB.pdbqt"": ATOM syntax incorrect: ""B"" is not a valid AutoDock type. Note that AutoDock atom types are case-sensitive.
No valid ligands in the input directory
 | returncode=1 done.


Parse error on line 38 in file ""/kaggle/working/masive_als_tdp43v4/ligandos/BORTEZOMIB.pdbqt"": ATOM syntax incorrect: ""B"" is not a valid AutoDock type. Note that AutoDock atom types are case-sensitive.
No valid ligands in the input directory
",2026-09-05 01:07:32
BORTEZOMIB_D-MANNITOL,TDP43_v2,,,,"error:returncode=1 se error on line 29 in file ""/kaggle/working/masive_als_tdp43v4/ligandos/BORTEZOMIB_D-MANNITOL.pdbqt"": ATOM syntax incorrect: ""B"" is not a valid AutoDock type. Note that AutoDock atom types are case-sensitive.
No valid ligands in the input directory
 | returncode=1 se error on line 29 in file ""/kaggle/working/masive_als_tdp43v4/ligandos/BORTEZOMIB_D-MANNITOL.pdbqt"": ATOM syntax incorrect: ""B"" is not a valid AutoDock type. Note that AutoDock atom types are case-sensitive.
No valid ligands in the input directory
 | returncode=1 se error on line 29 in file ""/kaggle/working/masive_als_tdp43v4/ligandos/BORTEZOMIB_D-MANNITOL.pdbqt"": ATOM syntax incorrect: ""B"" is not a valid AutoDock type. Note that AutoDock atom types are case-sensitive.
No valid ligands in the input directory
",2026-09-05 01:07:32
BOSENTAN,TDP43_v2,-5.9,2026,-5.3000;-5.9000;-5.9000,ok,2026-09-05 01:08:00
BOSUTINIB,TDP43_v2,-7.6,777,-7.0000;-7.4000;-7.6000,ok,2026-09-05 01:08:18
BOSUTINIB_MONOHYDRATE,TDP43_v2,,,,"error:returncode=1 tdp43v4/ligandos/BOSUTINIB_MONOHYDRATE_out.pdbqt
Reading input ... done.


Parse error on line 97 in file ""/kaggle/working/masive_als_tdp43v4/ligandos/BOSUTINIB_MONOHYDRATE.pdbqt"": Unknown or inappropriate tag
No valid ligands in the input directory
 | returncode=1 tdp43v4/ligandos/BOSUTINIB_MONOHYDRATE_out.pdbqt
Reading input ... done.


Parse error on line 97 in file ""/kaggle/working/masive_als_tdp43v4/ligandos/BOSUTINIB_MONOHYDRATE.pdbqt"": Unknown or inappropriate tag
No valid ligands in the input directory
 | returncode=1 tdp43v4/ligandos/BOSUTINIB_MONOHYDRATE_out.pdbqt
Reading input ... done.


Parse error on line 97 in file ""/kaggle/working/masive_als_tdp43v4/ligandos/BOSUTINIB_MONOHYDRATE.pdbqt"": Unknown or inappropriate tag
No valid ligands in the input directory
",2026-09-05 01:08:18
BRETYLIUM,TDP43_v2,-4.3,42,-4.3000;-4.1000;-4.1000,ok,2026-09-05 01:08:25
BRETYLIUM_TOSYLATE,TDP43_v2,,,,"error:returncode=1 e_als_tdp43v4/ligandos/BRETYLIUM_TOSYLATE_out.pdbqt
Reading input ... done.


Parse error on line 49 in file ""/kaggle/working/masive_als_tdp43v4/ligandos/BRETYLIUM_TOSYLATE.pdbqt"": Unknown or inappropriate tag
No valid ligands in the input directory
 | returncode=1 e_als_tdp43v4/ligandos/BRETYLIUM_TOSYLATE_out.pdbqt
Reading input ... done.


Parse error on line 49 in file ""/kaggle/working/masive_als_tdp43v4/ligandos/BRETYLIUM_TOSYLATE.pdbqt"": Unknown or inappropriate tag
No valid ligands in the input directory
 | returncode=1 e_als_tdp43v4/ligandos/BRETYLIUM_TOSYLATE_out.pdbqt
Reading input ... done.


Parse error on line 49 in file ""/kaggle/working/masive_als_tdp43v4/ligandos/BRETYLIUM_TOSYLATE.pdbqt"": Unknown or inappropriate tag
No valid ligands in the input directory
",2026-09-05 01:08:25
BREXANOLONE,TDP43_v2,-6.7,42,-6.7000;-6.6000;-6.6000,ok,2026-09-05 01:08:31
BREXPIPRAZOLE,TDP43_v2,-7.8,42,-7.8000;-7.7000;-7.8000,ok,2026-09-05 01:08:44
BRIGATINIB,TDP43_v2,-5.7,2026,-5.4000;-5.7000;-5.5000,ok,2026-09-05 01:09:07
BRILLIANT_BLUE_G,TDP43_v2,,,,"error:returncode=1 sive_als_tdp43v4/ligandos/BRILLIANT_BLUE_G_out.pdbqt
Reading input ... done.


Parse error on line 144 in file ""/kaggle/working/masive_als_tdp43v4/ligandos/BRILLIANT_BLUE_G.pdbqt"": Unknown or inappropriate tag
No valid ligands in the input directory
 | returncode=1 sive_als_tdp43v4/ligandos/BRILLIANT_BLUE_G_out.pdbqt
Reading input ... done.


Parse error on line 144 in file ""/kaggle/working/masive_als_tdp43v4/ligandos/BRILLIANT_BLUE_G.pdbqt"": Unknown or inappropriate tag
No valid ligands in the input directory
 | returncode=1 sive_als_tdp43v4/ligandos/BRILLIANT_BLUE_G_out.pdbqt
Reading input ... done.


Parse error on line 144 in file ""/kaggle/working/masive_als_tdp43v4/ligandos/BRILLIANT_BLUE_G.pdbqt"": Unknown or inappropriate tag
No valid ligands in the input directory
",2026-09-05 01:09:07
BRILLIANT_BLUE_G_FREE_ACID,TDP43_v2,-5.5,2026,-4.4000;-5.5000;-4.4000,ok,2026-09-05 01:10:22
BRIMONIDINE,TDP43_v2,-6.2,42,-6.2000;-5.6000;-6.1000,ok,2026-09-05 01:10:28
BRIMONIDINE_TARTRATE,TDP43_v2,,,,"error:returncode=1 s_tdp43v4/ligandos/BRIMONIDINE_TARTRATE_out.pdbqt
Reading input ... done.


Parse error on line 51 in file ""/kaggle/working/masive_als_tdp43v4/ligandos/BRIMONIDINE_TARTRATE.pdbqt"": Unknown or inappropriate tag
No valid ligands in the input directory
 | returncode=1 s_tdp43v4/ligandos/BRIMONIDINE_TARTRATE_out.pdbqt
Reading input ... done.


Parse error on line 51 in file ""/kaggle/working/masive_als_tdp43v4/ligandos/BRIMONIDINE_TARTRATE.pdbqt"": Unknown or inappropriate tag
No valid ligands in the input directory
 | returncode=1 s_tdp43v4/ligandos/BRIMONIDINE_TARTRATE_out.pdbqt
Reading input ... done.


Parse error on line 51 in file ""/kaggle/working/masive_als_tdp43v4/ligandos/BRIMONIDINE_TARTRATE.pdbqt"": Unknown or inappropriate tag
No valid ligands in the input directory
",2026-09-05 01:10:28
BRINCIDOFOVIR,TDP43_v2,-5.1,2026,-4.9000;-5.1000;-4.3000,ok,2026-09-05 01:11:20
BRINZOLAMIDE,TDP43_v2,-4.7,777,-4.3000;-4.6000;-4.7000,ok,2026-09-05 01:11:29
BRIVARACETAM,TDP43_v2,-5.0,42,-5.0000;-4.7000;-4.7000,ok,2026-09-05 01:11:36
BROMAZEPAM,TDP43_v2,-6.3,42,-6.3000;-6.2000;-6.3000,ok,2026-09-05 01:11:42
BROMFENAC,TDP43_v2,-7.3,2026,-6.8000;-7.3000;-7.3000,ok,2026-09-05 01:11:48
BROMFENAC_SODIUM,TDP43_v2,,,,"error:returncode=1 asive_als_tdp43v4/ligandos/BROMFENAC_SODIUM_out.pdbqt
Reading input ... done.


Parse error on line 66 in file ""/kaggle/working/masive_als_tdp43v4/ligandos/BROMFENAC_SODIUM.pdbqt"": Unknown or inappropriate tag
No valid ligands in the input directory
 | returncode=1 asive_als_tdp43v4/ligandos/BROMFENAC_SODIUM_out.pdbqt
Reading input ... done.


Parse error on line 66 in file ""/kaggle/working/masive_als_tdp43v4/ligandos/BROMFENAC_SODIUM.pdbqt"": Unknown or inappropriate tag
No valid ligands in the input directory
 | returncode=1 asive_als_tdp43v4/ligandos/BROMFENAC_SODIUM_out.pdbqt
Reading input ... done.


Parse error on line 66 in file ""/kaggle/working/masive_als_tdp43v4/ligandos/BROMFENAC_SODIUM.pdbqt"": Unknown or inappropriate tag
No valid ligands in the input directory
",2026-09-05 01:11:48
BROMHEXINE,TDP43_v2,-5.2,42,-5.2000;-5.2000;-5.2000,ok,2026-09-05 01:11:55
BROMHEXINE_HYDROCHLORIDE,TDP43_v2,,,,"error:returncode=1 4/ligandos/BROMHEXINE_HYDROCHLORIDE_out.pdbqt
Reading input ... done.


Parse error on line 52 in file ""/kaggle/working/masive_als_tdp43v4/ligandos/BROMHEXINE_HYDROCHLORIDE.pdbqt"": Unknown or inappropriate tag
No valid ligands in the input directory
 | returncode=1 4/ligandos/BROMHEXINE_HYDROCHLORIDE_out.pdbqt
Reading input ... done.


Parse error on line 52 in file ""/kaggle/working/masive_als_tdp43v4/ligandos/BROMHEXINE_HYDROCHLORIDE.pdbqt"": Unknown or inappropriate tag
No valid ligands in the input directory
 | returncode=1 4/ligandos/BROMHEXINE_HYDROCHLORIDE_out.pdbqt
Reading input ... done.


Parse error on line 52 in file ""/kaggle/working/masive_als_tdp43v4/ligandos/BROMHEXINE_HYDROCHLORIDE.pdbqt"": Unknown or inappropriate tag
No valid ligands in the input directory
",2026-09-05 01:11:55
BROMISOVALUM,TDP43_v2,-4.4,42,-4.4000;-4.3000;-4.3000,ok,2026-09-05 01:12:01
BROMODIPHENHYDRAMINE,TDP43_v2,-5.6,42,-5.6000;-5.4000;-5.4000,ok,2026-09-05 01:12:08
BROMODIPHENHYDRAMINE_HYDROCHLORIDE,TDP43_v2,,,,"error:returncode=1 ENHYDRAMINE_HYDROCHLORIDE_out.pdbqt
Reading input ... done.


Parse error on line 62 in file ""/kaggle/working/masive_als_tdp43v4/ligandos/BROMODIPHENHYDRAMINE_HYDROCHLORIDE.pdbqt"": Unknown or inappropriate tag
No valid ligands in the input directory
 | returncode=1 ENHYDRAMINE_HYDROCHLORIDE_out.pdbqt
Reading input ... done.


Parse error on line 62 in file ""/kaggle/working/masive_als_tdp43v4/ligandos/BROMODIPHENHYDRAMINE_HYDROCHLORIDE.pdbqt"": Unknown or inappropriate tag
No valid ligands in the input directory
 | returncode=1 ENHYDRAMINE_HYDROCHLORIDE_out.pdbqt
Reading input ... done.


Parse error on line 62 in file ""/kaggle/working/masive_als_tdp43v4/ligandos/BROMODIPHENHYDRAMINE_HYDROCHLORIDE.pdbqt"": Unknown or inappropriate tag
No valid ligands in the input directory
",2026-09-05 01:12:08
BROMPERIDOL,TDP43_v2,-6.8,2026,-6.1000;-6.8000;-6.2000,ok,2026-09-05 01:12:17
BROMPHENIRAMINE,TDP43_v2,-5.2,777,-4.9000;-5.0000;-5.2000,ok,2026-09-05 01:12:24
BROMPHENIRAMINE_MALEATE,TDP43_v2,,,,"error:returncode=1 3v4/ligandos/BROMPHENIRAMINE_MALEATE_out.pdbqt
Reading input ... done.


Parse error on line 65 in file ""/kaggle/working/masive_als_tdp43v4/ligandos/BROMPHENIRAMINE_MALEATE.pdbqt"": Unknown or inappropriate tag
No valid ligands in the input directory
 | returncode=1 3v4/ligandos/BROMPHENIRAMINE_MALEATE_out.pdbqt
Reading input ... done.


Parse error on line 65 in file ""/kaggle/working/masive_als_tdp43v4/ligandos/BROMPHENIRAMINE_MALEATE.pdbqt"": Unknown or inappropriate tag
No valid ligands in the input directory
 | returncode=1 3v4/ligandos/BROMPHENIRAMINE_MALEATE_out.pdbqt
Reading input ... done.


Parse error on line 65 in file ""/kaggle/working/masive_als_tdp43v4/ligandos/BROMPHENIRAMINE_MALEATE.pdbqt"": Unknown or inappropriate tag
No valid ligands in the input directory
",2026-09-05 01:12:24
BROTIZOLAM,TDP43_v2,-6.2,42,-6.2000;-6.2000;-6.1000,ok,2026-09-05 01:12:30
BROXYQUINOLINE,TDP43_v2,-6.5,42,-6.5000;-6.5000;-6.5000,ok,2026-09-05 01:12:37
BUCETIN,TDP43_v2,-5.7,777,-5.4000;-5.3000;-5.7000,ok,2026-09-05 01:12:43
BUCLIZINE,TDP43_v2,-6.3,42,-6.3000;-6.3000;-6.0000,ok,2026-09-05 01:12:56
BUCLIZINE_HYDROCHLORIDE,TDP43_v2,,,,"error:returncode=1 3v4/ligandos/BUCLIZINE_HYDROCHLORIDE_out.pdbqt
Reading input ... done.


Parse error on line 75 in file ""/kaggle/working/masive_als_tdp43v4/ligandos/BUCLIZINE_HYDROCHLORIDE.pdbqt"": Unknown or inappropriate tag
No valid ligands in the input directory
 | returncode=1 3v4/ligandos/BUCLIZINE_HYDROCHLORIDE_out.pdbqt
Reading input ... done.


Parse error on line 75 in file ""/kaggle/working/masive_als_tdp43v4/ligandos/BUCLIZINE_HYDROCHLORIDE.pdbqt"": Unknown or inappropriate tag
No valid ligands in the input directory
 | returncode=1 3v4/ligandos/BUCLIZINE_HYDROCHLORIDE_out.pdbqt
Reading input ... done.


Parse error on line 75 in file ""/kaggle/working/masive_als_tdp43v4/ligandos/BUCLIZINE_HYDROCHLORIDE.pdbqt"": Unknown or inappropriate tag
No valid ligands in the input directory
",2026-09-05 01:12:56
BUFEXAMAC,TDP43_v2,-5.8,42,-5.8000;-5.7000;-5.5000,ok,2026-09-05 01:13:02
BUFLOMEDIL,TDP43_v2,-4.8,42,-4.8000;-4.8000;-4.7000,ok,2026-09-05 01:13:12
BUFORMIN,TDP43_v2,-5.9,2026,-5.8000;-5.9000;-5.9000,ok,2026-09-05 01:13:18
BUMETANIDE,TDP43_v2,-6.0,777,-5.9000;-5.9000;-6.0000,ok,2026-09-05 01:13:31
BUNAMIODYL,TDP43_v2,-5.0,42,-5.0000;-4.9000;-4.9000,ok,2026-09-05 01:13:40
BUPIVACAINE,TDP43_v2,-5.2,42,-5.2000;-4.6000;-5.1000,ok,2026-09-05 01:13:47
BUPIVACAINE_HYDROCHLORIDE,TDP43_v2,,,,"error:returncode=1 ligandos/BUPIVACAINE_HYDROCHLORIDE_out.pdbqt
Reading input ... done.


Parse error on line 62 in file ""/kaggle/working/masive_als_tdp43v4/ligandos/BUPIVACAINE_HYDROCHLORIDE.pdbqt"": Unknown or inappropriate tag
No valid ligands in the input directory
 | returncode=1 ligandos/BUPIVACAINE_HYDROCHLORIDE_out.pdbqt
Reading input ... done.


Parse error on line 62 in file ""/kaggle/working/masive_als_tdp43v4/ligandos/BUPIVACAINE_HYDROCHLORIDE.pdbqt"": Unknown or inappropriate tag
No valid ligands in the input directory
 | returncode=1 ligandos/BUPIVACAINE_HYDROCHLORIDE_out.pdbqt
Reading input ... done.


Parse error on line 62 in file ""/kaggle/working/masive_als_tdp43v4/ligandos/BUPIVACAINE_HYDROCHLORIDE.pdbqt"": Unknown or inappropriate tag
No valid ligands in the input directory
",2026-09-05 01:13:47
BUPROPION,TDP43_v2,-5.5,2026,-4.9000;-5.5000;-5.0000,ok,2026-09-05 01:13:53
BUPROPION_HYDROBROMIDE,TDP43_v2,,,,"error:returncode=1 p43v4/ligandos/BUPROPION_HYDROBROMIDE_out.pdbqt
Reading input ... done.


Parse error on line 32 in file ""/kaggle/working/masive_als_tdp43v4/ligandos/BUPROPION_HYDROBROMIDE.pdbqt"": Unknown or inappropriate tag
No valid ligands in the input directory
 | returncode=1 p43v4/ligandos/BUPROPION_HYDROBROMIDE_out.pdbqt
Reading input ... done.


Parse error on line 32 in file ""/kaggle/working/masive_als_tdp43v4/ligandos/BUPROPION_HYDROBROMIDE.pdbqt"": Unknown or inappropriate tag
No valid ligands in the input directory
 | returncode=1 p43v4/ligandos/BUPROPION_HYDROBROMIDE_out.pdbqt
Reading input ... done.


Parse error on line 32 in file ""/kaggle/working/masive_als_tdp43v4/ligandos/BUPROPION_HYDROBROMIDE.pdbqt"": Unknown or inappropriate tag
No valid ligands in the input directory
",2026-09-05 01:13:53
BUPROPION_HYDROCHLORIDE,TDP43_v2,,,,"error:returncode=1 3v4/ligandos/BUPROPION_HYDROCHLORIDE_out.pdbqt
Reading input ... done.


Parse error on line 55 in file ""/kaggle/working/masive_als_tdp43v4/ligandos/BUPROPION_HYDROCHLORIDE.pdbqt"": Unknown or inappropriate tag
No valid ligands in the input directory
 | returncode=1 3v4/ligandos/BUPROPION_HYDROCHLORIDE_out.pdbqt
Reading input ... done.


Parse error on line 55 in file ""/kaggle/working/masive_als_tdp43v4/ligandos/BUPROPION_HYDROCHLORIDE.pdbqt"": Unknown or inappropriate tag
No valid ligands in the input directory
 | returncode=1 3v4/ligandos/BUPROPION_HYDROCHLORIDE_out.pdbqt
Reading input ... done.


Parse error on line 55 in file ""/kaggle/working/masive_als_tdp43v4/ligandos/BUPROPION_HYDROCHLORIDE.pdbqt"": Unknown or inappropriate tag
No valid ligands in the input directory
",2026-09-05 01:13:53
BUSPIRONE,TDP43_v2,-6.3,42,-6.3000;-6.1000;-6.3000,ok,2026-09-05 01:14:03
BUSPIRONE_HYDROCHLORIDE,TDP43_v2,,,,"error:returncode=1 3v4/ligandos/BUSPIRONE_HYDROCHLORIDE_out.pdbqt
Reading input ... done.


Parse error on line 26 in file ""/kaggle/working/masive_als_tdp43v4/ligandos/BUSPIRONE_HYDROCHLORIDE.pdbqt"": Unknown or inappropriate tag
No valid ligands in the input directory
 | returncode=1 3v4/ligandos/BUSPIRONE_HYDROCHLORIDE_out.pdbqt
Reading input ... done.


Parse error on line 26 in file ""/kaggle/working/masive_als_tdp43v4/ligandos/BUSPIRONE_HYDROCHLORIDE.pdbqt"": Unknown or inappropriate tag
No valid ligands in the input directory
 | returncode=1 3v4/ligandos/BUSPIRONE_HYDROCHLORIDE_out.pdbqt
Reading input ... done.


Parse error on line 26 in file ""/kaggle/working/masive_als_tdp43v4/ligandos/BUSPIRONE_HYDROCHLORIDE.pdbqt"": Unknown or inappropriate tag
No valid ligands in the input directory
",2026-09-05 01:14:03
BUSULFAN,TDP43_v2,-4.4,2026,-4.2000;-4.4000;-4.2000,ok,2026-09-05 01:14:09
BUTABARBITAL,TDP43_v2,-4.5,42,-4.5000;-4.5000;-4.5000,ok,2026-09-05 01:14:15
BUTABARBITAL_SODIUM,TDP43_v2,,,,"error:returncode=1 als_tdp43v4/ligandos/BUTABARBITAL_SODIUM_out.pdbqt
Reading input ... done.


Parse error on line 48 in file ""/kaggle/working/masive_als_tdp43v4/ligandos/BUTABARBITAL_SODIUM.pdbqt"": Unknown or inappropriate tag
No valid ligands in the input directory
 | returncode=1 als_tdp43v4/ligandos/BUTABARBITAL_SODIUM_out.pdbqt
Reading input ... done.


Parse error on line 48 in file ""/kaggle/working/masive_als_tdp43v4/ligandos/BUTABARBITAL_SODIUM.pdbqt"": Unknown or inappropriate tag
No valid ligands in the input directory
 | returncode=1 als_tdp43v4/ligandos/BUTABARBITAL_SODIUM_out.pdbqt
Reading input ... done.


Parse error on line 48 in file ""/kaggle/working/masive_als_tdp43v4/ligandos/BUTABARBITAL_SODIUM.pdbqt"": Unknown or inappropriate tag
No valid ligands in the input directory
",2026-09-05 01:14:15
BUTALBITAL,TDP43_v2,-4.5,42,-4.5000;-4.4000;-4.4000,ok,2026-09-05 01:14:22
BUTAMBEN,TDP43_v2,-5.9,2026,-5.7000;-5.9000;-5.8000,ok,2026-09-05 01:14:28
BUTAMBEN_PICRATE,TDP43_v2,,,,"error:returncode=1 asive_als_tdp43v4/ligandos/BUTAMBEN_PICRATE_out.pdbqt
Reading input ... done.


Parse error on line 78 in file ""/kaggle/working/masive_als_tdp43v4/ligandos/BUTAMBEN_PICRATE.pdbqt"": Unknown or inappropriate tag
No valid ligands in the input directory
 | returncode=1 asive_als_tdp43v4/ligandos/BUTAMBEN_PICRATE_out.pdbqt
Reading input ... done.


Parse error on line 78 in file ""/kaggle/working/masive_als_tdp43v4/ligandos/BUTAMBEN_PICRATE.pdbqt"": Unknown or inappropriate tag
No valid ligands in the input directory
 | returncode=1 asive_als_tdp43v4/ligandos/BUTAMBEN_PICRATE_out.pdbqt
Reading input ... done.


Parse error on line 78 in file ""/kaggle/working/masive_als_tdp43v4/ligandos/BUTAMBEN_PICRATE.pdbqt"": Unknown or inappropriate tag
No valid ligands in the input directory
",2026-09-05 01:14:28
BUTENAFINE,TDP43_v2,-7.3,2026,-7.2000;-7.3000;-7.3000,ok,2026-09-05 01:14:35
BUTENAFINE_HYDROCHLORIDE,TDP43_v2,,,,"error:returncode=1 4/ligandos/BUTENAFINE_HYDROCHLORIDE_out.pdbqt
Reading input ... done.


Parse error on line 66 in file ""/kaggle/working/masive_als_tdp43v4/ligandos/BUTENAFINE_HYDROCHLORIDE.pdbqt"": Unknown or inappropriate tag
No valid ligands in the input directory
 | returncode=1 4/ligandos/BUTENAFINE_HYDROCHLORIDE_out.pdbqt
Reading input ... done.


Parse error on line 66 in file ""/kaggle/working/masive_als_tdp43v4/ligandos/BUTENAFINE_HYDROCHLORIDE.pdbqt"": Unknown or inappropriate tag
No valid ligands in the input directory
 | returncode=1 4/ligandos/BUTENAFINE_HYDROCHLORIDE_out.pdbqt
Reading input ... done.


Parse error on line 66 in file ""/kaggle/working/masive_als_tdp43v4/ligandos/BUTENAFINE_HYDROCHLORIDE.pdbqt"": Unknown or inappropriate tag
No valid ligands in the input directory
",2026-09-05 01:14:35
BUTOCONAZOLE,TDP43_v2,-6.4,2026,-5.7000;-6.4000;-5.6000,ok,2026-09-05 01:14:44
BUTOCONAZOLE_NITRATE,TDP43_v2,,,,"error:returncode=1 s_tdp43v4/ligandos/BUTOCONAZOLE_NITRATE_out.pdbqt
Reading input ... done.


Parse error on line 69 in file ""/kaggle/working/masive_als_tdp43v4/ligandos/BUTOCONAZOLE_NITRATE.pdbqt"": Unknown or inappropriate tag
No valid ligands in the input directory
 | returncode=1 s_tdp43v4/ligandos/BUTOCONAZOLE_NITRATE_out.pdbqt
Reading input ... done.


Parse error on line 69 in file ""/kaggle/working/masive_als_tdp43v4/ligandos/BUTOCONAZOLE_NITRATE.pdbqt"": Unknown or inappropriate tag
No valid ligands in the input directory
 | returncode=1 s_tdp43v4/ligandos/BUTOCONAZOLE_NITRATE_out.pdbqt
Reading input ... done.


Parse error on line 69 in file ""/kaggle/working/masive_als_tdp43v4/ligandos/BUTOCONAZOLE_NITRATE.pdbqt"": Unknown or inappropriate tag
No valid ligands in the input directory
",2026-09-05 01:14:44
BUTORPHANOL,TDP43_v2,-6.2,42,-6.2000;-6.2000;-6.2000,ok,2026-09-05 01:14:51
BUTORPHANOL_TARTRATE,TDP43_v2,,,,"error:returncode=1 s_tdp43v4/ligandos/BUTORPHANOL_TARTRATE_out.pdbqt
Reading input ... done.


Parse error on line 64 in file ""/kaggle/working/masive_als_tdp43v4/ligandos/BUTORPHANOL_TARTRATE.pdbqt"": Unknown or inappropriate tag
No valid ligands in the input directory
 | returncode=1 s_tdp43v4/ligandos/BUTORPHANOL_TARTRATE_out.pdbqt
Reading input ... done.


Parse error on line 64 in file ""/kaggle/working/masive_als_tdp43v4/ligandos/BUTORPHANOL_TARTRATE.pdbqt"": Unknown or inappropriate tag
No valid ligands in the input directory
 | returncode=1 s_tdp43v4/ligandos/BUTORPHANOL_TARTRATE_out.pdbqt
Reading input ... done.


Parse error on line 64 in file ""/kaggle/working/masive_als_tdp43v4/ligandos/BUTORPHANOL_TARTRATE.pdbqt"": Unknown or inappropriate tag
No valid ligands in the input directory
",2026-09-05 01:14:51
BUTRIPTYLINE,TDP43_v2,-6.1,2026,-6.0000;-6.1000;-6.1000,ok,2026-09-05 01:14:57
Baclofen,TDP43_v2,-6.0,42,-6.0000;-6.0000;-5.8000,ok,2026-09-05 01:15:04
Baicalein,TDP43_v2,-6.7,777,-6.3000;-6.6000;-6.7000,ok,2026-09-05 01:15:10
Berberine,TDP43_v2,-8.1,42,-8.1000;-8.1000;-8.1000,ok,2026-09-05 01:15:17
CABOTEGRAVIR,TDP43_v2,-7.0,42,-7.0000;-7.0000;-6.9000,ok,2026-09-05 01:15:26
CABOTEGRAVIR_SODIUM,TDP43_v2,,,,"error:returncode=1 als_tdp43v4/ligandos/CABOTEGRAVIR_SODIUM_out.pdbqt
Reading input ... done.


Parse error on line 58 in file ""/kaggle/working/masive_als_tdp43v4/ligandos/CABOTEGRAVIR_SODIUM.pdbqt"": Unknown or inappropriate tag
No valid ligands in the input directory
 | returncode=1 als_tdp43v4/ligandos/CABOTEGRAVIR_SODIUM_out.pdbqt
Reading input ... done.


Parse error on line 58 in file ""/kaggle/working/masive_als_tdp43v4/ligandos/CABOTEGRAVIR_SODIUM.pdbqt"": Unknown or inappropriate tag
No valid ligands in the input directory
 | returncode=1 als_tdp43v4/ligandos/CABOTEGRAVIR_SODIUM_out.pdbqt
Reading input ... done.


Parse error on line 58 in file ""/kaggle/working/masive_als_tdp43v4/ligandos/CABOTEGRAVIR_SODIUM.pdbqt"": Unknown or inappropriate tag
No valid ligands in the input directory
",2026-09-05 01:15:26
CABOZANTINIB,TDP43_v2,-6.6,777,-6.4000;-5.7000;-6.6000,ok,2026-09-05 01:15:48
CABOZANTINIB_S-MALATE,TDP43_v2,,,,"error:returncode=1 dp43v4/ligandos/CABOZANTINIB_S-MALATE_out.pdbqt
Reading input ... done.


Parse error on line 101 in file ""/kaggle/working/masive_als_tdp43v4/ligandos/CABOZANTINIB_S-MALATE.pdbqt"": Unknown or inappropriate tag
No valid ligands in the input directory
 | returncode=1 dp43v4/ligandos/CABOZANTINIB_S-MALATE_out.pdbqt
Reading input ... done.


Parse error on line 101 in file ""/kaggle/working/masive_als_tdp43v4/ligandos/CABOZANTINIB_S-MALATE.pdbqt"": Unknown or inappropriate tag
No valid ligands in the input directory
 | returncode=1 dp43v4/ligandos/CABOZANTINIB_S-MALATE_out.pdbqt
Reading input ... done.


Parse error on line 101 in file ""/kaggle/working/masive_als_tdp43v4/ligandos/CABOZANTINIB_S-MALATE.pdbqt"": Unknown or inappropriate tag
No valid ligands in the input directory
",2026-09-05 01:15:48
CAFFEINE,TDP43_v2,-5.3,42,-5.3000;-5.3000;-5.3000,ok,2026-09-05 01:15:54
CAFFEINE_CITRATE,TDP43_v2,,,,"error:returncode=1 asive_als_tdp43v4/ligandos/CAFFEINE_CITRATE_out.pdbqt
Reading input ... done.


Parse error on line 52 in file ""/kaggle/working/masive_als_tdp43v4/ligandos/CAFFEINE_CITRATE.pdbqt"": Unknown or inappropriate tag
No valid ligands in the input directory
 | returncode=1 asive_als_tdp43v4/ligandos/CAFFEINE_CITRATE_out.pdbqt
Reading input ... done.


Parse error on line 52 in file ""/kaggle/working/masive_als_tdp43v4/ligandos/CAFFEINE_CITRATE.pdbqt"": Unknown or inappropriate tag
No valid ligands in the input directory
 | returncode=1 asive_als_tdp43v4/ligandos/CAFFEINE_CITRATE_out.pdbqt
Reading input ... done.


Parse error on line 52 in file ""/kaggle/working/masive_als_tdp43v4/ligandos/CAFFEINE_CITRATE.pdbqt"": Unknown or inappropriate tag
No valid ligands in the input directory
",2026-09-05 01:15:54
CALCIUM,TDP43_v2,-1.4,42,-1.4000;-1.4000;-1.4000,ok,2026-09-05 01:16:01
CALCIUM_ACETATE,TDP43_v2,,,,"error:returncode=1 /masive_als_tdp43v4/ligandos/CALCIUM_ACETATE_out.pdbqt
Reading input ... done.


Parse error on line 22 in file ""/kaggle/working/masive_als_tdp43v4/ligandos/CALCIUM_ACETATE.pdbqt"": Unknown or inappropriate tag
No valid ligands in the input directory
 | returncode=1 /masive_als_tdp43v4/ligandos/CALCIUM_ACETATE_out.pdbqt
Reading input ... done.


Parse error on line 22 in file ""/kaggle/working/masive_als_tdp43v4/ligandos/CALCIUM_ACETATE.pdbqt"": Unknown or inappropriate tag
No valid ligands in the input directory
 | returncode=1 /masive_als_tdp43v4/ligandos/CALCIUM_ACETATE_out.pdbqt
Reading input ... done.


Parse error on line 22 in file ""/kaggle/working/masive_als_tdp43v4/ligandos/CALCIUM_ACETATE.pdbqt"": Unknown or inappropriate tag
No valid ligands in the input directory
",2026-09-05 01:16:01
CALCIUM_CARBONATE,TDP43_v2,,,,"error:returncode=1 ive_als_tdp43v4/ligandos/CALCIUM_CARBONATE_out.pdbqt
Reading input ... done.


Parse error on line 18 in file ""/kaggle/working/masive_als_tdp43v4/ligandos/CALCIUM_CARBONATE.pdbqt"": Unknown or inappropriate tag
No valid ligands in the input directory
 | returncode=1 ive_als_tdp43v4/ligandos/CALCIUM_CARBONATE_out.pdbqt
Reading input ... done.


Parse error on line 18 in file ""/kaggle/working/masive_als_tdp43v4/ligandos/CALCIUM_CARBONATE.pdbqt"": Unknown or inappropriate tag
No valid ligands in the input directory
 | returncode=1 ive_als_tdp43v4/ligandos/CALCIUM_CARBONATE_out.pdbqt
Reading input ... done.


Parse error on line 18 in file ""/kaggle/working/masive_als_tdp43v4/ligandos/CALCIUM_CARBONATE.pdbqt"": Unknown or inappropriate tag
No valid ligands in the input directory
",2026-09-05 01:16:01
CALCIUM_CHLORIDE,TDP43_v2,,,,"error:returncode=1 asive_als_tdp43v4/ligandos/CALCIUM_CHLORIDE_out.pdbqt
Reading input ... done.


Parse error on line 15 in file ""/kaggle/working/masive_als_tdp43v4/ligandos/CALCIUM_CHLORIDE.pdbqt"": Unknown or inappropriate tag
No valid ligands in the input directory
 | returncode=1 asive_als_tdp43v4/ligandos/CALCIUM_CHLORIDE_out.pdbqt
Reading input ... done.


Parse error on line 15 in file ""/kaggle/working/masive_als_tdp43v4/ligandos/CALCIUM_CHLORIDE.pdbqt"": Unknown or inappropriate tag
No valid ligands in the input directory
 | returncode=1 asive_als_tdp43v4/ligandos/CALCIUM_CHLORIDE_out.pdbqt
Reading input ... done.


Parse error on line 15 in file ""/kaggle/working/masive_als_tdp43v4/ligandos/CALCIUM_CHLORIDE.pdbqt"": Unknown or inappropriate tag
No valid ligands in the input directory
",2026-09-05 01:16:01
CALCIUM_GLUBIONATE,TDP43_v2,,,,"error:returncode=1 e_als_tdp43v4/ligandos/CALCIUM_GLUBIONATE_out.pdbqt
Reading input ... done.


Parse error on line 69 in file ""/kaggle/working/masive_als_tdp43v4/ligandos/CALCIUM_GLUBIONATE.pdbqt"": Unknown or inappropriate tag
No valid ligands in the input directory
 | returncode=1 e_als_tdp43v4/ligandos/CALCIUM_GLUBIONATE_out.pdbqt
Reading input ... done.


Parse error on line 69 in file ""/kaggle/working/masive_als_tdp43v4/ligandos/CALCIUM_GLUBIONATE.pdbqt"": Unknown or inappropriate tag
No valid ligands in the input directory
 | returncode=1 e_als_tdp43v4/ligandos/CALCIUM_GLUBIONATE_out.pdbqt
Reading input ... done.


Parse error on line 69 in file ""/kaggle/working/masive_als_tdp43v4/ligandos/CALCIUM_GLUBIONATE.pdbqt"": Unknown or inappropriate tag
No valid ligands in the input directory
",2026-09-05 01:16:01
CALCIUM_GLUBIONATE_ANHYDROUS,TDP43_v2,,,,"error:returncode=1 s/CALCIUM_GLUBIONATE_ANHYDROUS_out.pdbqt
Reading input ... done.


Parse error on line 104 in file ""/kaggle/working/masive_als_tdp43v4/ligandos/CALCIUM_GLUBIONATE_ANHYDROUS.pdbqt"": Unknown or inappropriate tag
No valid ligands in the input directory
 | returncode=1 s/CALCIUM_GLUBIONATE_ANHYDROUS_out.pdbqt
Reading input ... done.


Parse error on line 104 in file ""/kaggle/working/masive_als_tdp43v4/ligandos/CALCIUM_GLUBIONATE_ANHYDROUS.pdbqt"": Unknown or inappropriate tag
No valid ligands in the input directory
 | returncode=1 s/CALCIUM_GLUBIONATE_ANHYDROUS_out.pdbqt
Reading input ... done.


Parse error on line 104 in file ""/kaggle/working/masive_als_tdp43v4/ligandos/CALCIUM_GLUBIONATE_ANHYDROUS.pdbqt"": Unknown or inappropriate tag
No valid ligands in the input directory
",2026-09-05 01:16:01
CALCIUM_GLUCEPTATE,TDP43_v2,,,,"error:returncode=1 _als_tdp43v4/ligandos/CALCIUM_GLUCEPTATE_out.pdbqt
Reading input ... done.


Parse error on line 107 in file ""/kaggle/working/masive_als_tdp43v4/ligandos/CALCIUM_GLUCEPTATE.pdbqt"": Unknown or inappropriate tag
No valid ligands in the input directory
 | returncode=1 _als_tdp43v4/ligandos/CALCIUM_GLUCEPTATE_out.pdbqt
Reading input ... done.


Parse error on line 107 in file ""/kaggle/working/masive_als_tdp43v4/ligandos/CALCIUM_GLUCEPTATE.pdbqt"": Unknown or inappropriate tag
No valid ligands in the input directory
 | returncode=1 _als_tdp43v4/ligandos/CALCIUM_GLUCEPTATE_out.pdbqt
Reading input ... done.


Parse error on line 107 in file ""/kaggle/working/masive_als_tdp43v4/ligandos/CALCIUM_GLUCEPTATE.pdbqt"": Unknown or inappropriate tag
No valid ligands in the input directory
",2026-09-05 01:16:01
CALCIUM_GLUCONATE,TDP43_v2,,,,"error:returncode=1 ive_als_tdp43v4/ligandos/CALCIUM_GLUCONATE_out.pdbqt
Reading input ... done.


Parse error on line 92 in file ""/kaggle/working/masive_als_tdp43v4/ligandos/CALCIUM_GLUCONATE.pdbqt"": Unknown or inappropriate tag
No valid ligands in the input directory
 | returncode=1 ive_als_tdp43v4/ligandos/CALCIUM_GLUCONATE_out.pdbqt
Reading input ... done.


Parse error on line 92 in file ""/kaggle/working/masive_als_tdp43v4/ligandos/CALCIUM_GLUCONATE.pdbqt"": Unknown or inappropriate tag
No valid ligands in the input directory
 | returncode=1 ive_als_tdp43v4/ligandos/CALCIUM_GLUCONATE_out.pdbqt
Reading input ... done.


Parse error on line 92 in file ""/kaggle/working/masive_als_tdp43v4/ligandos/CALCIUM_GLUCONATE.pdbqt"": Unknown or inappropriate tag
No valid ligands in the input directory
",2026-09-05 01:16:01
CALCIUM_METRIZOATE,TDP43_v2,,,,"error:returncode=1 e_als_tdp43v4/ligandos/CALCIUM_METRIZOATE_out.pdbqt
Reading input ... done.


Parse error on line 66 in file ""/kaggle/working/masive_als_tdp43v4/ligandos/CALCIUM_METRIZOATE.pdbqt"": Unknown or inappropriate tag
No valid ligands in the input directory
 | returncode=1 e_als_tdp43v4/ligandos/CALCIUM_METRIZOATE_out.pdbqt
Reading input ... done.


Parse error on line 66 in file ""/kaggle/working/masive_als_tdp43v4/ligandos/CALCIUM_METRIZOATE.pdbqt"": Unknown or inappropriate tag
No valid ligands in the input directory
 | returncode=1 e_als_tdp43v4/ligandos/CALCIUM_METRIZOATE_out.pdbqt
Reading input ... done.


Parse error on line 66 in file ""/kaggle/working/masive_als_tdp43v4/ligandos/CALCIUM_METRIZOATE.pdbqt"": Unknown or inappropriate tag
No valid ligands in the input directory
",2026-09-05 01:16:01
CALCIUM_OXYBATE,TDP43_v2,,,,"error:returncode=1 /masive_als_tdp43v4/ligandos/CALCIUM_OXYBATE_out.pdbqt
Reading input ... done.


Parse error on line 46 in file ""/kaggle/working/masive_als_tdp43v4/ligandos/CALCIUM_OXYBATE.pdbqt"": Unknown or inappropriate tag
No valid ligands in the input directory
 | returncode=1 /masive_als_tdp43v4/ligandos/CALCIUM_OXYBATE_out.pdbqt
Reading input ... done.


Parse error on line 46 in file ""/kaggle/working/masive_als_tdp43v4/ligandos/CALCIUM_OXYBATE.pdbqt"": Unknown or inappropriate tag
No valid ligands in the input directory
 | returncode=1 /masive_als_tdp43v4/ligandos/CALCIUM_OXYBATE_out.pdbqt
Reading input ... done.


Parse error on line 46 in file ""/kaggle/working/masive_als_tdp43v4/ligandos/CALCIUM_OXYBATE.pdbqt"": Unknown or inappropriate tag
No valid ligands in the input directory
",2026-09-05 01:16:01
CANAGLIFLOZIN,TDP43_v2,,,,"error:returncode=1 king/masive_als_tdp43v4/ligandos/CANAGLIFLOZIN_out.pdbqt
Reading input ... done.


Parse error on line 87 in file ""/kaggle/working/masive_als_tdp43v4/ligandos/CANAGLIFLOZIN.pdbqt"": Unknown or inappropriate tag
No valid ligands in the input directory
 | returncode=1 king/masive_als_tdp43v4/ligandos/CANAGLIFLOZIN_out.pdbqt
Reading input ... done.


Parse error on line 87 in file ""/kaggle/working/masive_als_tdp43v4/ligandos/CANAGLIFLOZIN.pdbqt"": Unknown or inappropriate tag
No valid ligands in the input directory
 | returncode=1 king/masive_als_tdp43v4/ligandos/CANAGLIFLOZIN_out.pdbqt
Reading input ... done.


Parse error on line 87 in file ""/kaggle/working/masive_als_tdp43v4/ligandos/CANAGLIFLOZIN.pdbqt"": Unknown or inappropriate tag
No valid ligands in the input directory
",2026-09-05 01:16:01
CANAGLIFLOZIN_ANHYDROUS,TDP43_v2,-6.9,2026,-6.3000;-6.9000;-6.4000,ok,2026-09-05 01:16:17
CANDESARTAN_CILEXETIL,TDP43_v2,-6.3,42,-6.3000;-5.9000;-5.6000,ok,2026-09-05 01:16:53
CANGRELOR,TDP43_v2,-4.9,777,-4.6000;-4.7000;-4.9000,ok,2026-09-05 01:17:48
CANGRELOR_TETRASODIUM,TDP43_v2,,,,"error:returncode=1 dp43v4/ligandos/CANGRELOR_TETRASODIUM_out.pdbqt
Reading input ... done.


Parse error on line 135 in file ""/kaggle/working/masive_als_tdp43v4/ligandos/CANGRELOR_TETRASODIUM.pdbqt"": Unknown or inappropriate tag
No valid ligands in the input directory
 | returncode=1 dp43v4/ligandos/CANGRELOR_TETRASODIUM_out.pdbqt
Reading input ... done.


Parse error on line 135 in file ""/kaggle/working/masive_als_tdp43v4/ligandos/CANGRELOR_TETRASODIUM.pdbqt"": Unknown or inappropriate tag
No valid ligands in the input directory
 | returncode=1 dp43v4/ligandos/CANGRELOR_TETRASODIUM_out.pdbqt
Reading input ... done.


Parse error on line 135 in file ""/kaggle/working/masive_als_tdp43v4/ligandos/CANGRELOR_TETRASODIUM.pdbqt"": Unknown or inappropriate tag
No valid ligands in the input directory
",2026-09-05 01:17:48
CANNABIDIOL,TDP43_v2,-6.3,42,-6.3000;-6.3000;-6.2000,ok,2026-09-05 01:17:58
CAPECITABINE,TDP43_v2,-5.9,42,-5.9000;-5.8000;-5.9000,ok,2026-09-05 01:18:07
CAPIVASERTIB,TDP43_v2,-7.2,42,-7.2000;-7.2000;-7.2000,ok,2026-09-05 01:18:20
CAPMATINIB,TDP43_v2,-6.3,42,-6.3000;-6.3000;-6.3000,ok,2026-09-05 01:18:32
CAPMATINIB_HYDROCHLORIDE,TDP43_v2,,,,"error:returncode=1 4/ligandos/CAPMATINIB_HYDROCHLORIDE_out.pdbqt
Reading input ... done.


Parse error on line 64 in file ""/kaggle/working/masive_als_tdp43v4/ligandos/CAPMATINIB_HYDROCHLORIDE.pdbqt"": Unknown or inappropriate tag
No valid ligands in the input directory
 | returncode=1 4/ligandos/CAPMATINIB_HYDROCHLORIDE_out.pdbqt
Reading input ... done.


Parse error on line 64 in file ""/kaggle/working/masive_als_tdp43v4/ligandos/CAPMATINIB_HYDROCHLORIDE.pdbqt"": Unknown or inappropriate tag
No valid ligands in the input directory
 | returncode=1 4/ligandos/CAPMATINIB_HYDROCHLORIDE_out.pdbqt
Reading input ... done.


Parse error on line 64 in file ""/kaggle/working/masive_als_tdp43v4/ligandos/CAPMATINIB_HYDROCHLORIDE.pdbqt"": Unknown or inappropriate tag
No valid ligands in the input directory
",2026-09-05 01:18:32
CAPMATINIB_TDP43_v2_out,TDP43_v2,,,,"error:returncode=1 TDP43_v2_out_out.pdbqt
Reading input ... done.


Parse error on line 1 in file ""/kaggle/working/masive_als_tdp43v4/ligandos/CAPMATINIB_TDP43_v2_out.pdbqt"": Unexpected multi-MODEL input. Use ""vina_split"" first?
No valid ligands in the input directory
 | returncode=1 TDP43_v2_out_out.pdbqt
Reading input ... done.


Parse error on line 1 in file ""/kaggle/working/masive_als_tdp43v4/ligandos/CAPMATINIB_TDP43_v2_out.pdbqt"": Unexpected multi-MODEL input. Use ""vina_split"" first?
No valid ligands in the input directory
 | returncode=1 TDP43_v2_out_out.pdbqt
Reading input ... done.


Parse error on line 1 in file ""/kaggle/working/masive_als_tdp43v4/ligandos/CAPMATINIB_TDP43_v2_out.pdbqt"": Unexpected multi-MODEL input. Use ""vina_split"" first?
No valid ligands in the input directory
",2026-09-05 01:18:32
CAPSAICIN,TDP43_v2,-6.1,777,-5.8000;-5.8000;-6.1000,ok,2026-09-05 01:18:42
CAPTOPRIL,TDP43_v2,-5.0,42,-5.0000;-5.0000;-5.0000,ok,2026-09-05 01:18:48
CARBACHOL,TDP43_v2,,,,"error:returncode=1 ggle/working/masive_als_tdp43v4/ligandos/CARBACHOL_out.pdbqt
Reading input ... done.


Parse error on line 48 in file ""/kaggle/working/masive_als_tdp43v4/ligandos/CARBACHOL.pdbqt"": Unknown or inappropriate tag
No valid ligands in the input directory
 | returncode=1 ggle/working/masive_als_tdp43v4/ligandos/CARBACHOL_out.pdbqt
Reading input ... done.


Parse error on line 48 in file ""/kaggle/working/masive_als_tdp43v4/ligandos/CARBACHOL.pdbqt"": Unknown or inappropriate tag
No valid ligands in the input directory
 | returncode=1 ggle/working/masive_als_tdp43v4/ligandos/CARBACHOL_out.pdbqt
Reading input ... done.


Parse error on line 48 in file ""/kaggle/working/masive_als_tdp43v4/ligandos/CARBACHOL.pdbqt"": Unknown or inappropriate tag
No valid ligands in the input directory
",2026-09-05 01:18:48
CARBAMAZEPINE,TDP43_v2,-7.7,42,-7.7000;-7.7000;-7.7000,ok,2026-09-05 01:18:55
CARBAMOYLCHOLINE,TDP43_v2,-3.8,42,-3.8000;-3.8000;-3.7000,ok,2026-09-05 01:19:01
CARBARIL,TDP43_v2,-6.9,42,-6.9000;-6.9000;-6.8000,ok,2026-09-05 01:19:07
CARBENICILLIN,TDP43_v2,-6.2,42,-6.2000;-6.2000;-5.6000,ok,2026-09-05 01:19:17
CARBENICILLIN_DISODIUM,TDP43_v2,,,,"error:returncode=1 p43v4/ligandos/CARBENICILLIN_DISODIUM_out.pdbqt
Reading input ... done.


Parse error on line 65 in file ""/kaggle/working/masive_als_tdp43v4/ligandos/CARBENICILLIN_DISODIUM.pdbqt"": Unknown or inappropriate tag
No valid ligands in the input directory
 | returncode=1 p43v4/ligandos/CARBENICILLIN_DISODIUM_out.pdbqt
Reading input ... done.


Parse error on line 65 in file ""/kaggle/working/masive_als_tdp43v4/ligandos/CARBENICILLIN_DISODIUM.pdbqt"": Unknown or inappropriate tag
No valid ligands in the input directory
 | returncode=1 p43v4/ligandos/CARBENICILLIN_DISODIUM_out.pdbqt
Reading input ... done.


Parse error on line 65 in file ""/kaggle/working/masive_als_tdp43v4/ligandos/CARBENICILLIN_DISODIUM.pdbqt"": Unknown or inappropriate tag
No valid ligands in the input directory
",2026-09-05 01:19:17
CARBENICILLIN_INDANYL,TDP43_v2,-6.4,42,-6.4000;-5.2000;-5.3000,ok,2026-09-05 01:19:36
CARBENICILLIN_INDANYL_SODIUM,TDP43_v2,,,,"error:returncode=1 os/CARBENICILLIN_INDANYL_SODIUM_out.pdbqt
Reading input ... done.


Parse error on line 82 in file ""/kaggle/working/masive_als_tdp43v4/ligandos/CARBENICILLIN_INDANYL_SODIUM.pdbqt"": Unknown or inappropriate tag
No valid ligands in the input directory
 | returncode=1 os/CARBENICILLIN_INDANYL_SODIUM_out.pdbqt
Reading input ... done.


Parse error on line 82 in file ""/kaggle/working/masive_als_tdp43v4/ligandos/CARBENICILLIN_INDANYL_SODIUM.pdbqt"": Unknown or inappropriate tag
No valid ligands in the input directory
 | returncode=1 os/CARBENICILLIN_INDANYL_SODIUM_out.pdbqt
Reading input ... done.


Parse error on line 82 in file ""/kaggle/working/masive_als_tdp43v4/ligandos/CARBENICILLIN_INDANYL_SODIUM.pdbqt"": Unknown or inappropriate tag
No valid ligands in the input directory
",2026-09-05 01:19:36
CARBETAPENTANE,TDP43_v2,-5.2,42,-5.2000;-4.8000;-5.0000,ok,2026-09-05 01:19:45
CARBETAPENTANE_CITRATE,TDP43_v2,,,,"error:returncode=1 43v4/ligandos/CARBETAPENTANE_CITRATE_out.pdbqt
Reading input ... done.


Parse error on line 104 in file ""/kaggle/working/masive_als_tdp43v4/ligandos/CARBETAPENTANE_CITRATE.pdbqt"": Unknown or inappropriate tag
No valid ligands in the input directory
 | returncode=1 43v4/ligandos/CARBETAPENTANE_CITRATE_out.pdbqt
Reading input ... done.


Parse error on line 104 in file ""/kaggle/working/masive_als_tdp43v4/ligandos/CARBETAPENTANE_CITRATE.pdbqt"": Unknown or inappropriate tag
No valid ligands in the input directory
 | returncode=1 43v4/ligandos/CARBETAPENTANE_CITRATE_out.pdbqt
Reading input ... done.


Parse error on line 104 in file ""/kaggle/working/masive_als_tdp43v4/ligandos/CARBETAPENTANE_CITRATE.pdbqt"": Unknown or inappropriate tag
No valid ligands in the input directory
",2026-09-05 01:19:45
CARBIDOPA,TDP43_v2,,,,"error:returncode=1 ggle/working/masive_als_tdp43v4/ligandos/CARBIDOPA_out.pdbqt
Reading input ... done.


Parse error on line 70 in file ""/kaggle/working/masive_als_tdp43v4/ligandos/CARBIDOPA.pdbqt"": Unknown or inappropriate tag
No valid ligands in the input directory
 | returncode=1 ggle/working/masive_als_tdp43v4/ligandos/CARBIDOPA_out.pdbqt
Reading input ... done.


Parse error on line 70 in file ""/kaggle/working/masive_als_tdp43v4/ligandos/CARBIDOPA.pdbqt"": Unknown or inappropriate tag
No valid ligands in the input directory
 | returncode=1 ggle/working/masive_als_tdp43v4/ligandos/CARBIDOPA_out.pdbqt
Reading input ... done.


Parse error on line 70 in file ""/kaggle/working/masive_als_tdp43v4/ligandos/CARBIDOPA.pdbqt"": Unknown or inappropriate tag
No valid ligands in the input directory
",2026-09-05 01:19:45
CARBIDOPA_ANHYDROUS,TDP43_v2,-5.7,777,-5.6000;-4.9000;-5.7000,ok,2026-09-05 01:19:52
CARBIMAZOLE,TDP43_v2,-4.6,42,-4.6000;-4.6000;-4.6000,ok,2026-09-05 01:19:58
CARBINOXAMINE,TDP43_v2,-5.1,42,-5.1000;-4.9000;-5.1000,ok,2026-09-05 01:20:04
CARBINOXAMINE_MALEATE,TDP43_v2,,,,"error:returncode=1 tdp43v4/ligandos/CARBINOXAMINE_MALEATE_out.pdbqt
Reading input ... done.


Parse error on line 70 in file ""/kaggle/working/masive_als_tdp43v4/ligandos/CARBINOXAMINE_MALEATE.pdbqt"": Unknown or inappropriate tag
No valid ligands in the input directory
 | returncode=1 tdp43v4/ligandos/CARBINOXAMINE_MALEATE_out.pdbqt
Reading input ... done.


Parse error on line 70 in file ""/kaggle/working/masive_als_tdp43v4/ligandos/CARBINOXAMINE_MALEATE.pdbqt"": Unknown or inappropriate tag
No valid ligands in the input directory
 | returncode=1 tdp43v4/ligandos/CARBINOXAMINE_MALEATE_out.pdbqt
Reading input ... done.


Parse error on line 70 in file ""/kaggle/working/masive_als_tdp43v4/ligandos/CARBINOXAMINE_MALEATE.pdbqt"": Unknown or inappropriate tag
No valid ligands in the input directory
",2026-09-05 01:20:04
CARBOPROST,TDP43_v2,-5.7,42,-5.7000;-5.6000;-5.6000,ok,2026-09-05 01:20:20
CARBOPROST_TROMETHAMINE,TDP43_v2,,,,"error:returncode=1 v4/ligandos/CARBOPROST_TROMETHAMINE_out.pdbqt
Reading input ... done.


Parse error on line 126 in file ""/kaggle/working/masive_als_tdp43v4/ligandos/CARBOPROST_TROMETHAMINE.pdbqt"": Unknown or inappropriate tag
No valid ligands in the input directory
 | returncode=1 v4/ligandos/CARBOPROST_TROMETHAMINE_out.pdbqt
Reading input ... done.


Parse error on line 126 in file ""/kaggle/working/masive_als_tdp43v4/ligandos/CARBOPROST_TROMETHAMINE.pdbqt"": Unknown or inappropriate tag
No valid ligands in the input directory
 | returncode=1 v4/ligandos/CARBOPROST_TROMETHAMINE_out.pdbqt
Reading input ... done.


Parse error on line 126 in file ""/kaggle/working/masive_als_tdp43v4/ligandos/CARBOPROST_TROMETHAMINE.pdbqt"": Unknown or inappropriate tag
No valid ligands in the input directory
",2026-09-05 01:20:20
CARGLUMIC_ACID,TDP43_v2,-5.3,42,-5.3000;-5.1000;-5.1000,ok,2026-09-05 01:20:26
CARIPRAZINE,TDP43_v2,-5.4,42,-5.4000;-5.4000;-5.4000,ok,2026-09-05 01:20:36
CARIPRAZINE_HYDROCHLORIDE,TDP43_v2,,,,"error:returncode=1 ligandos/CARIPRAZINE_HYDROCHLORIDE_out.pdbqt
Reading input ... done.


Parse error on line 67 in file ""/kaggle/working/masive_als_tdp43v4/ligandos/CARIPRAZINE_HYDROCHLORIDE.pdbqt"": Unknown or inappropriate tag
No valid ligands in the input directory
 | returncode=1 ligandos/CARIPRAZINE_HYDROCHLORIDE_out.pdbqt
Reading input ... done.


Parse error on line 67 in file ""/kaggle/working/masive_als_tdp43v4/ligandos/CARIPRAZINE_HYDROCHLORIDE.pdbqt"": Unknown or inappropriate tag
No valid ligands in the input directory
 | returncode=1 ligandos/CARIPRAZINE_HYDROCHLORIDE_out.pdbqt
Reading input ... done.


Parse error on line 67 in file ""/kaggle/working/masive_als_tdp43v4/ligandos/CARIPRAZINE_HYDROCHLORIDE.pdbqt"": Unknown or inappropriate tag
No valid ligands in the input directory
",2026-09-05 01:20:36
CARISOPRODOL,TDP43_v2,-4.9,2026,-4.7000;-4.9000;-4.9000,ok,2026-09-05 01:20:42
CARMUSTINE,TDP43_v2,-4.5,42,-4.5000;-4.3000;-4.3000,ok,2026-09-05 01:20:49
CARPHENAZINE,TDP43_v2,-6.0,777,-5.5000;-5.6000;-6.0000,ok,2026-09-05 01:21:01
CARPHENAZINE_MALEATE,TDP43_v2,,,,"error:returncode=1 s_tdp43v4/ligandos/CARPHENAZINE_MALEATE_out.pdbqt
Reading input ... done.


Parse error on line 99 in file ""/kaggle/working/masive_als_tdp43v4/ligandos/CARPHENAZINE_MALEATE.pdbqt"": Unknown or inappropriate tag
No valid ligands in the input directory
 | returncode=1 s_tdp43v4/ligandos/CARPHENAZINE_MALEATE_out.pdbqt
Reading input ... done.


Parse error on line 99 in file ""/kaggle/working/masive_als_tdp43v4/ligandos/CARPHENAZINE_MALEATE.pdbqt"": Unknown or inappropriate tag
No valid ligands in the input directory
 | returncode=1 s_tdp43v4/ligandos/CARPHENAZINE_MALEATE_out.pdbqt
Reading input ... done.


Parse error on line 99 in file ""/kaggle/working/masive_als_tdp43v4/ligandos/CARPHENAZINE_MALEATE.pdbqt"": Unknown or inappropriate tag
No valid ligands in the input directory
",2026-09-05 01:21:01
CARPROFEN,TDP43_v2,-8.2,42,-8.2000;-8.2000;-8.1000,ok,2026-09-05 01:21:08
CARTEOLOL,TDP43_v2,-6.2,2026,-5.9000;-6.2000;-5.8000,ok,2026-09-05 01:21:17
CARTEOLOL_HYDROCHLORIDE,TDP43_v2,,,,"error:returncode=1 3v4/ligandos/CARTEOLOL_HYDROCHLORIDE_out.pdbqt
Reading input ... done.


Parse error on line 72 in file ""/kaggle/working/masive_als_tdp43v4/ligandos/CARTEOLOL_HYDROCHLORIDE.pdbqt"": Unknown or inappropriate tag
No valid ligands in the input directory
 | returncode=1 3v4/ligandos/CARTEOLOL_HYDROCHLORIDE_out.pdbqt
Reading input ... done.


Parse error on line 72 in file ""/kaggle/working/masive_als_tdp43v4/ligandos/CARTEOLOL_HYDROCHLORIDE.pdbqt"": Unknown or inappropriate tag
No valid ligands in the input directory
 | returncode=1 3v4/ligandos/CARTEOLOL_HYDROCHLORIDE_out.pdbqt
Reading input ... done.


Parse error on line 72 in file ""/kaggle/working/masive_als_tdp43v4/ligandos/CARTEOLOL_HYDROCHLORIDE.pdbqt"": Unknown or inappropriate tag
No valid ligands in the input directory
",2026-09-05 01:21:17
CARVEDILOL,TDP43_v2,-7.2,42,-7.2000;-7.0000;-7.0000,ok,2026-09-05 01:21:33
CARVEDILOL_PHOSPHATE,TDP43_v2,,,,"error:returncode=1 s_tdp43v4/ligandos/CARVEDILOL_PHOSPHATE_out.pdbqt
Reading input ... done.


Parse error on line 99 in file ""/kaggle/working/masive_als_tdp43v4/ligandos/CARVEDILOL_PHOSPHATE.pdbqt"": Unknown or inappropriate tag
No valid ligands in the input directory
 | returncode=1 s_tdp43v4/ligandos/CARVEDILOL_PHOSPHATE_out.pdbqt
Reading input ... done.


Parse error on line 99 in file ""/kaggle/working/masive_als_tdp43v4/ligandos/CARVEDILOL_PHOSPHATE.pdbqt"": Unknown or inappropriate tag
No valid ligands in the input directory
 | returncode=1 s_tdp43v4/ligandos/CARVEDILOL_PHOSPHATE_out.pdbqt
Reading input ... done.


Parse error on line 99 in file ""/kaggle/working/masive_als_tdp43v4/ligandos/CARVEDILOL_PHOSPHATE.pdbqt"": Unknown or inappropriate tag
No valid ligands in the input directory
",2026-09-05 01:21:33
CASPOFUNGIN,TDP43_v2,-4.4,2026,-4.2000;-4.4000;-2.6000,ok,2026-09-05 01:24:38
CASPOFUNGIN_ACETATE,TDP43_v2,,,,"error:returncode=1 ls_tdp43v4/ligandos/CASPOFUNGIN_ACETATE_out.pdbqt
Reading input ... done.


Parse error on line 103 in file ""/kaggle/working/masive_als_tdp43v4/ligandos/CASPOFUNGIN_ACETATE.pdbqt"": Unknown or inappropriate tag
No valid ligands in the input directory
 | returncode=1 ls_tdp43v4/ligandos/CASPOFUNGIN_ACETATE_out.pdbqt
Reading input ... done.


Parse error on line 103 in file ""/kaggle/working/masive_als_tdp43v4/ligandos/CASPOFUNGIN_ACETATE.pdbqt"": Unknown or inappropriate tag
No valid ligands in the input directory
 | returncode=1 ls_tdp43v4/ligandos/CASPOFUNGIN_ACETATE_out.pdbqt
Reading input ... done.


Parse error on line 103 in file ""/kaggle/working/masive_als_tdp43v4/ligandos/CASPOFUNGIN_ACETATE.pdbqt"": Unknown or inappropriate tag
No valid ligands in the input directory
",2026-09-05 01:24:38
CEDAZURIDINE,TDP43_v2,-5.8,2026,-5.6000;-5.8000;-5.6000,ok,2026-09-05 01:24:44
CEFACLOR,TDP43_v2,,,,"error:returncode=1 kaggle/working/masive_als_tdp43v4/ligandos/CEFACLOR_out.pdbqt
Reading input ... done.


Parse error on line 66 in file ""/kaggle/working/masive_als_tdp43v4/ligandos/CEFACLOR.pdbqt"": Unknown or inappropriate tag
No valid ligands in the input directory
 | returncode=1 kaggle/working/masive_als_tdp43v4/ligandos/CEFACLOR_out.pdbqt
Reading input ... done.


Parse error on line 66 in file ""/kaggle/working/masive_als_tdp43v4/ligandos/CEFACLOR.pdbqt"": Unknown or inappropriate tag
No valid ligands in the input directory
 | returncode=1 kaggle/working/masive_als_tdp43v4/ligandos/CEFACLOR_out.pdbqt
Reading input ... done.


Parse error on line 66 in file ""/kaggle/working/masive_als_tdp43v4/ligandos/CEFACLOR.pdbqt"": Unknown or inappropriate tag
No valid ligands in the input directory
",2026-09-05 01:24:44
CEFACLOR_ANHYDROUS,TDP43_v2,-6.0,2026,-5.6000;-6.0000;-6.0000,ok,2026-09-05 01:24:54
CEFADROXIL,TDP43_v2,-5.8,42,-5.8000;-5.7000;-5.7000,ok,2026-09-05 01:25:03
CEFAMANDOLE,TDP43_v2,-6.4,777,-5.6000;-6.0000;-6.4000,ok,2026-09-05 01:25:19
CEFAMANDOLE_NAFATE,TDP43_v2,,,,"error:returncode=1 e_als_tdp43v4/ligandos/CEFAMANDOLE_NAFATE_out.pdbqt
Reading input ... done.


Parse error on line 86 in file ""/kaggle/working/masive_als_tdp43v4/ligandos/CEFAMANDOLE_NAFATE.pdbqt"": Unknown or inappropriate tag
No valid ligands in the input directory
 | returncode=1 e_als_tdp43v4/ligandos/CEFAMANDOLE_NAFATE_out.pdbqt
Reading input ... done.


Parse error on line 86 in file ""/kaggle/working/masive_als_tdp43v4/ligandos/CEFAMANDOLE_NAFATE.pdbqt"": Unknown or inappropriate tag
No valid ligands in the input directory
 | returncode=1 e_als_tdp43v4/ligandos/CEFAMANDOLE_NAFATE_out.pdbqt
Reading input ... done.


Parse error on line 86 in file ""/kaggle/working/masive_als_tdp43v4/ligandos/CEFAMANDOLE_NAFATE.pdbqt"": Unknown or inappropriate tag
No valid ligands in the input directory
",2026-09-05 01:25:19
CEFAMANDOLE_NAFATE_FREE_BASE,TDP43_v2,-5.5,42,-5.5000;-5.2000;-5.2000,ok,2026-09-05 01:25:36
CEFAZOLIN,TDP43_v2,-5.5,2026,-5.4000;-5.5000;-5.3000,ok,2026-09-05 01:25:48
CEFAZOLIN_SODIUM,TDP43_v2,,,,"error:returncode=1 asive_als_tdp43v4/ligandos/CEFAZOLIN_SODIUM_out.pdbqt
Reading input ... done.


Parse error on line 74 in file ""/kaggle/working/masive_als_tdp43v4/ligandos/CEFAZOLIN_SODIUM.pdbqt"": Unknown or inappropriate tag
No valid ligands in the input directory
 | returncode=1 asive_als_tdp43v4/ligandos/CEFAZOLIN_SODIUM_out.pdbqt
Reading input ... done.


Parse error on line 74 in file ""/kaggle/working/masive_als_tdp43v4/ligandos/CEFAZOLIN_SODIUM.pdbqt"": Unknown or inappropriate tag
No valid ligands in the input directory
 | returncode=1 asive_als_tdp43v4/ligandos/CEFAZOLIN_SODIUM_out.pdbqt
Reading input ... done.


Parse error on line 74 in file ""/kaggle/working/masive_als_tdp43v4/ligandos/CEFAZOLIN_SODIUM.pdbqt"": Unknown or inappropriate tag
No valid ligands in the input directory
",2026-09-05 01:25:48
CEFDINIR,TDP43_v2,-6.1,42,-6.1000;-5.8000;-6.1000,ok,2026-09-05 01:26:01
CEFDITOREN_PIVOXIL,TDP43_v2,-5.0,777,-4.9000;-4.8000;-5.0000,ok,2026-09-05 01:26:32
CEFEPIME,TDP43_v2,-5.6,42,-5.6000;-5.6000;-5.6000,ok,2026-09-05 01:26:47
CEFEPIME_HYDROCHLORIDE,TDP43_v2,,,,"error:returncode=1 p43v4/ligandos/CEFEPIME_HYDROCHLORIDE_out.pdbqt
Reading input ... done.


Parse error on line 86 in file ""/kaggle/working/masive_als_tdp43v4/ligandos/CEFEPIME_HYDROCHLORIDE.pdbqt"": Unknown or inappropriate tag
No valid ligands in the input directory
 | returncode=1 p43v4/ligandos/CEFEPIME_HYDROCHLORIDE_out.pdbqt
Reading input ... done.


Parse error on line 86 in file ""/kaggle/working/masive_als_tdp43v4/ligandos/CEFEPIME_HYDROCHLORIDE.pdbqt"": Unknown or inappropriate tag
No valid ligands in the input directory
 | returncode=1 p43v4/ligandos/CEFEPIME_HYDROCHLORIDE_out.pdbqt
Reading input ... done.


Parse error on line 86 in file ""/kaggle/working/masive_als_tdp43v4/ligandos/CEFEPIME_HYDROCHLORIDE.pdbqt"": Unknown or inappropriate tag
No valid ligands in the input directory
",2026-09-05 01:26:47
CEFIDEROCOL,TDP43_v2,-5.7,777,-5.5000;-5.5000;-5.7000,ok,2026-09-05 01:27:48
CEFIDEROCOL_SULFATE_TOSYLATE,TDP43_v2,,,,"error:returncode=1 s/CEFIDEROCOL_SULFATE_TOSYLATE_out.pdbqt
Reading input ... done.


Parse error on line 242 in file ""/kaggle/working/masive_als_tdp43v4/ligandos/CEFIDEROCOL_SULFATE_TOSYLATE.pdbqt"": Unknown or inappropriate tag
No valid ligands in the input directory
 | returncode=1 s/CEFIDEROCOL_SULFATE_TOSYLATE_out.pdbqt
Reading input ... done.


Parse error on line 242 in file ""/kaggle/working/masive_als_tdp43v4/ligandos/CEFIDEROCOL_SULFATE_TOSYLATE.pdbqt"": Unknown or inappropriate tag
No valid ligands in the input directory
 | returncode=1 s/CEFIDEROCOL_SULFATE_TOSYLATE_out.pdbqt
Reading input ... done.


Parse error on line 242 in file ""/kaggle/working/masive_als_tdp43v4/ligandos/CEFIDEROCOL_SULFATE_TOSYLATE.pdbqt"": Unknown or inappropriate tag
No valid ligands in the input directory
",2026-09-05 01:27:48
CEFIXIME,TDP43_v2,-5.5,2026,-4.9000;-5.5000;-5.3000,ok,2026-09-05 01:28:03
CEFMENOXIME,TDP43_v2,-5.6,42,-5.6000;-5.2000;-5.5000,ok,2026-09-05 01:28:22
CEFMENOXIME_HYDROCHLORIDE,TDP43_v2,,,,"error:returncode=1 igandos/CEFMENOXIME_HYDROCHLORIDE_out.pdbqt
Reading input ... done.


Parse error on line 113 in file ""/kaggle/working/masive_als_tdp43v4/ligandos/CEFMENOXIME_HYDROCHLORIDE.pdbqt"": Unknown or inappropriate tag
No valid ligands in the input directory
 | returncode=1 igandos/CEFMENOXIME_HYDROCHLORIDE_out.pdbqt
Reading input ... done.


Parse error on line 113 in file ""/kaggle/working/masive_als_tdp43v4/ligandos/CEFMENOXIME_HYDROCHLORIDE.pdbqt"": Unknown or inappropriate tag
No valid ligands in the input directory
 | returncode=1 igandos/CEFMENOXIME_HYDROCHLORIDE_out.pdbqt
Reading input ... done.


Parse error on line 113 in file ""/kaggle/working/masive_als_tdp43v4/ligandos/CEFMENOXIME_HYDROCHLORIDE.pdbqt"": Unknown or inappropriate tag
No valid ligands in the input directory
",2026-09-05 01:28:22
CEFMETAZOLE,TDP43_v2,-4.4,2026,-4.3000;-4.4000;-4.3000,ok,2026-09-05 01:28:38
CEFMETAZOLE_SODIUM,TDP43_v2,,,,"error:returncode=1 e_als_tdp43v4/ligandos/CEFMETAZOLE_SODIUM_out.pdbqt
Reading input ... done.


Parse error on line 89 in file ""/kaggle/working/masive_als_tdp43v4/ligandos/CEFMETAZOLE_SODIUM.pdbqt"": Unknown or inappropriate tag
No valid ligands in the input directory
 | returncode=1 e_als_tdp43v4/ligandos/CEFMETAZOLE_SODIUM_out.pdbqt
Reading input ... done.


Parse error on line 89 in file ""/kaggle/working/masive_als_tdp43v4/ligandos/CEFMETAZOLE_SODIUM.pdbqt"": Unknown or inappropriate tag
No valid ligands in the input directory
 | returncode=1 e_als_tdp43v4/ligandos/CEFMETAZOLE_SODIUM_out.pdbqt
Reading input ... done.


Parse error on line 89 in file ""/kaggle/working/masive_als_tdp43v4/ligandos/CEFMETAZOLE_SODIUM.pdbqt"": Unknown or inappropriate tag
No valid ligands in the input directory
",2026-09-05 01:28:38
CEFONICID,TDP43_v2,-5.5,2026,-5.1000;-5.5000;-5.5000,ok,2026-09-05 01:29:02
CEFONICID_SODIUM,TDP43_v2,,,,"error:returncode=1 asive_als_tdp43v4/ligandos/CEFONICID_SODIUM_out.pdbqt
Reading input ... done.


Parse error on line 91 in file ""/kaggle/working/masive_als_tdp43v4/ligandos/CEFONICID_SODIUM.pdbqt"": Unknown or inappropriate tag
No valid ligands in the input directory
 | returncode=1 asive_als_tdp43v4/ligandos/CEFONICID_SODIUM_out.pdbqt
Reading input ... done.


Parse error on line 91 in file ""/kaggle/working/masive_als_tdp43v4/ligandos/CEFONICID_SODIUM.pdbqt"": Unknown or inappropriate tag
No valid ligands in the input directory
 | returncode=1 asive_als_tdp43v4/ligandos/CEFONICID_SODIUM_out.pdbqt
Reading input ... done.


Parse error on line 91 in file ""/kaggle/working/masive_als_tdp43v4/ligandos/CEFONICID_SODIUM.pdbqt"": Unknown or inappropriate tag
No valid ligands in the input directory
",2026-09-05 01:29:02
CEFOPERAZONE,TDP43_v2,-5.8,42,-5.8000;-5.4000;-5.7000,ok,2026-09-05 01:29:36
CEFOPERAZONE_SODIUM,TDP43_v2,,,,"error:returncode=1 ls_tdp43v4/ligandos/CEFOPERAZONE_SODIUM_out.pdbqt
Reading input ... done.


Parse error on line 105 in file ""/kaggle/working/masive_als_tdp43v4/ligandos/CEFOPERAZONE_SODIUM.pdbqt"": Unknown or inappropriate tag
No valid ligands in the input directory
 | returncode=1 ls_tdp43v4/ligandos/CEFOPERAZONE_SODIUM_out.pdbqt
Reading input ... done.


Parse error on line 105 in file ""/kaggle/working/masive_als_tdp43v4/ligandos/CEFOPERAZONE_SODIUM.pdbqt"": Unknown or inappropriate tag
No valid ligands in the input directory
 | returncode=1 ls_tdp43v4/ligandos/CEFOPERAZONE_SODIUM_out.pdbqt
Reading input ... done.


Parse error on line 105 in file ""/kaggle/working/masive_als_tdp43v4/ligandos/CEFOPERAZONE_SODIUM.pdbqt"": Unknown or inappropriate tag
No valid ligands in the input directory
",2026-09-05 01:29:36
CEFORANIDE,TDP43_v2,-6.0,2026,-5.3000;-6.0000;-5.7000,ok,2026-09-05 01:29:59
CEFOTAXIME,TDP43_v2,-5.1,42,-5.1000;-5.0000;-5.1000,ok,2026-09-05 01:30:14
CEFOTAXIME_SODIUM,TDP43_v2,,,,"error:returncode=1 ive_als_tdp43v4/ligandos/CEFOTAXIME_SODIUM_out.pdbqt
Reading input ... done.


Parse error on line 83 in file ""/kaggle/working/masive_als_tdp43v4/ligandos/CEFOTAXIME_SODIUM.pdbqt"": Unknown or inappropriate tag
No valid ligands in the input directory
 | returncode=1 ive_als_tdp43v4/ligandos/CEFOTAXIME_SODIUM_out.pdbqt
Reading input ... done.


Parse error on line 83 in file ""/kaggle/working/masive_als_tdp43v4/ligandos/CEFOTAXIME_SODIUM.pdbqt"": Unknown or inappropriate tag
No valid ligands in the input directory
 | returncode=1 ive_als_tdp43v4/ligandos/CEFOTAXIME_SODIUM_out.pdbqt
Reading input ... done.


Parse error on line 83 in file ""/kaggle/working/masive_als_tdp43v4/ligandos/CEFOTAXIME_SODIUM.pdbqt"": Unknown or inappropriate tag
No valid ligands in the input directory
",2026-09-05 01:30:15
CEFOTETAN,TDP43_v2,-5.0,42,-5.0000;-4.8000;-4.9000,ok,2026-09-05 01:30:36
CEFOTETAN_DISODIUM,TDP43_v2,,,,"error:returncode=1 e_als_tdp43v4/ligandos/CEFOTETAN_DISODIUM_out.pdbqt
Reading input ... done.


Parse error on line 93 in file ""/kaggle/working/masive_als_tdp43v4/ligandos/CEFOTETAN_DISODIUM.pdbqt"": Unknown or inappropriate tag
No valid ligands in the input directory
 | returncode=1 e_als_tdp43v4/ligandos/CEFOTETAN_DISODIUM_out.pdbqt
Reading input ... done.


Parse error on line 93 in file ""/kaggle/working/masive_als_tdp43v4/ligandos/CEFOTETAN_DISODIUM.pdbqt"": Unknown or inappropriate tag
No valid ligands in the input directory
 | returncode=1 e_als_tdp43v4/ligandos/CEFOTETAN_DISODIUM_out.pdbqt
Reading input ... done.


Parse error on line 93 in file ""/kaggle/working/masive_als_tdp43v4/ligandos/CEFOTETAN_DISODIUM.pdbqt"": Unknown or inappropriate tag
No valid ligands in the input directory
",2026-09-05 01:30:36
CEFOTIAM,TDP43_v2,-5.5,777,-5.2000;-5.1000;-5.5000,ok,2026-09-05 01:30:55
CEFOTIAM_HYDROCHLORIDE,TDP43_v2,,,,"error:returncode=1 43v4/ligandos/CEFOTIAM_HYDROCHLORIDE_out.pdbqt
Reading input ... done.


Parse error on line 100 in file ""/kaggle/working/masive_als_tdp43v4/ligandos/CEFOTIAM_HYDROCHLORIDE.pdbqt"": Unknown or inappropriate tag
No valid ligands in the input directory
 | returncode=1 43v4/ligandos/CEFOTIAM_HYDROCHLORIDE_out.pdbqt
Reading input ... done.


Parse error on line 100 in file ""/kaggle/working/masive_als_tdp43v4/ligandos/CEFOTIAM_HYDROCHLORIDE.pdbqt"": Unknown or inappropriate tag
No valid ligands in the input directory
 | returncode=1 43v4/ligandos/CEFOTIAM_HYDROCHLORIDE_out.pdbqt
Reading input ... done.


Parse error on line 100 in file ""/kaggle/working/masive_als_tdp43v4/ligandos/CEFOTIAM_HYDROCHLORIDE.pdbqt"": Unknown or inappropriate tag
No valid ligands in the input directory
",2026-09-05 01:30:55
CEFOXITIN,TDP43_v2,-5.1,42,-5.1000;-4.7000;-4.9000,ok,2026-09-05 01:31:08
CEFOXITIN_SODIUM,TDP43_v2,,,,"error:returncode=1 asive_als_tdp43v4/ligandos/CEFOXITIN_SODIUM_out.pdbqt
Reading input ... done.


Parse error on line 79 in file ""/kaggle/working/masive_als_tdp43v4/ligandos/CEFOXITIN_SODIUM.pdbqt"": Unknown or inappropriate tag
No valid ligands in the input directory
 | returncode=1 asive_als_tdp43v4/ligandos/CEFOXITIN_SODIUM_out.pdbqt
Reading input ... done.


Parse error on line 79 in file ""/kaggle/working/masive_als_tdp43v4/ligandos/CEFOXITIN_SODIUM.pdbqt"": Unknown or inappropriate tag
No valid ligands in the input directory
 | returncode=1 asive_als_tdp43v4/ligandos/CEFOXITIN_SODIUM_out.pdbqt
Reading input ... done.


Parse error on line 79 in file ""/kaggle/working/masive_als_tdp43v4/ligandos/CEFOXITIN_SODIUM.pdbqt"": Unknown or inappropriate tag
No valid ligands in the input directory
",2026-09-05 01:31:08
CEFPIRAMIDE,TDP43_v2,-5.9,2026,-5.8000;-5.9000;-5.8000,ok,2026-09-05 01:31:41
CEFPIRAMIDE_SODIUM,TDP43_v2,,,,"error:returncode=1 _als_tdp43v4/ligandos/CEFPIRAMIDE_SODIUM_out.pdbqt
Reading input ... done.


Parse error on line 108 in file ""/kaggle/working/masive_als_tdp43v4/ligandos/CEFPIRAMIDE_SODIUM.pdbqt"": Unknown or inappropriate tag
No valid ligands in the input directory
 | returncode=1 _als_tdp43v4/ligandos/CEFPIRAMIDE_SODIUM_out.pdbqt
Reading input ... done.


Parse error on line 108 in file ""/kaggle/working/masive_als_tdp43v4/ligandos/CEFPIRAMIDE_SODIUM.pdbqt"": Unknown or inappropriate tag
No valid ligands in the input directory
 | returncode=1 _als_tdp43v4/ligandos/CEFPIRAMIDE_SODIUM_out.pdbqt
Reading input ... done.


Parse error on line 108 in file ""/kaggle/working/masive_als_tdp43v4/ligandos/CEFPIRAMIDE_SODIUM.pdbqt"": Unknown or inappropriate tag
No valid ligands in the input directory
",2026-09-05 01:31:41
CEFPIROME,TDP43_v2,-6.4,42,-6.4000;-6.4000;-6.3000,ok,2026-09-05 01:32:00
CEFPIROME_SULFATE,TDP43_v2,,,,"error:returncode=1 ive_als_tdp43v4/ligandos/CEFPIROME_SULFATE_out.pdbqt
Reading input ... done.


Parse error on line 86 in file ""/kaggle/working/masive_als_tdp43v4/ligandos/CEFPIROME_SULFATE.pdbqt"": Unknown or inappropriate tag
No valid ligands in the input directory
 | returncode=1 ive_als_tdp43v4/ligandos/CEFPIROME_SULFATE_out.pdbqt
Reading input ... done.


Parse error on line 86 in file ""/kaggle/working/masive_als_tdp43v4/ligandos/CEFPIROME_SULFATE.pdbqt"": Unknown or inappropriate tag
No valid ligands in the input directory
 | returncode=1 ive_als_tdp43v4/ligandos/CEFPIROME_SULFATE_out.pdbqt
Reading input ... done.


Parse error on line 86 in file ""/kaggle/working/masive_als_tdp43v4/ligandos/CEFPIROME_SULFATE.pdbqt"": Unknown or inappropriate tag
No valid ligands in the input directory
",2026-09-05 01:32:00
CEFPODOXIME,TDP43_v2,-4.9,42,-4.9000;-4.8000;-4.7000,ok,2026-09-05 01:32:13
CEFPODOXIME_PROXETIL,TDP43_v2,-5.2,2026,-4.6000;-5.2000;-4.8000,ok,2026-09-05 01:32:38
"CEFPROZIL,_(E)-",TDP43_v2,,,,"error:returncode=1 /masive_als_tdp43v4/ligandos/CEFPROZIL,_(E)-_out.pdbqt
Reading input ... done.


Parse error on line 80 in file ""/kaggle/working/masive_als_tdp43v4/ligandos/CEFPROZIL,_(E)-.pdbqt"": Unknown or inappropriate tag
No valid ligands in the input directory
 | returncode=1 /masive_als_tdp43v4/ligandos/CEFPROZIL,_(E)-_out.pdbqt
Reading input ... done.


Parse error on line 80 in file ""/kaggle/working/masive_als_tdp43v4/ligandos/CEFPROZIL,_(E)-.pdbqt"": Unknown or inappropriate tag
No valid ligands in the input directory
 | returncode=1 /masive_als_tdp43v4/ligandos/CEFPROZIL,_(E)-_out.pdbqt
Reading input ... done.


Parse error on line 80 in file ""/kaggle/working/masive_als_tdp43v4/ligandos/CEFPROZIL,_(E)-.pdbqt"": Unknown or inappropriate tag
No valid ligands in the input directory
",2026-09-05 01:32:38
"CEFPROZIL_ANHYDROUS,_(E)-",TDP43_v2,-5.9,2026,-5.7000;-5.9000;-5.3000,ok,2026-09-05 01:32:51
CEFTAROLINE_FOSAMIL,TDP43_v2,-5.6,2026,-5.5000;-5.6000;-5.5000,ok,2026-09-05 01:33:25
CEFTAROLINE_FOSAMIL_ACETATE,TDP43_v2,,,,"error:returncode=1 ndos/CEFTAROLINE_FOSAMIL_ACETATE_out.pdbqt
Reading input ... done.


Parse error on line 53 in file ""/kaggle/working/masive_als_tdp43v4/ligandos/CEFTAROLINE_FOSAMIL_ACETATE.pdbqt"": Unknown or inappropriate tag
No valid ligands in the input directory
 | returncode=1 ndos/CEFTAROLINE_FOSAMIL_ACETATE_out.pdbqt
Reading input ... done.


Parse error on line 53 in file ""/kaggle/working/masive_als_tdp43v4/ligandos/CEFTAROLINE_FOSAMIL_ACETATE.pdbqt"": Unknown or inappropriate tag
No valid ligands in the input directory
 | returncode=1 ndos/CEFTAROLINE_FOSAMIL_ACETATE_out.pdbqt
Reading input ... done.


Parse error on line 53 in file ""/kaggle/working/masive_als_tdp43v4/ligandos/CEFTAROLINE_FOSAMIL_ACETATE.pdbqt"": Unknown or inappropriate tag
No valid ligands in the input directory
",2026-09-05 01:33:25
CEFTAZIDIME,TDP43_v2,-6.2,2026,-6.1000;-6.2000;-5.6000,ok,2026-09-05 01:33:49
CEFTAZIDIME_SODIUM,TDP43_v2,,,,"error:returncode=1 e_als_tdp43v4/ligandos/CEFTAZIDIME_SODIUM_out.pdbqt
Reading input ... done.


Parse error on line 94 in file ""/kaggle/working/masive_als_tdp43v4/ligandos/CEFTAZIDIME_SODIUM.pdbqt"": Unknown or inappropriate tag
No valid ligands in the input directory
 | returncode=1 e_als_tdp43v4/ligandos/CEFTAZIDIME_SODIUM_out.pdbqt
Reading input ... done.


Parse error on line 94 in file ""/kaggle/working/masive_als_tdp43v4/ligandos/CEFTAZIDIME_SODIUM.pdbqt"": Unknown or inappropriate tag
No valid ligands in the input directory
 | returncode=1 e_als_tdp43v4/ligandos/CEFTAZIDIME_SODIUM_out.pdbqt
Reading input ... done.


Parse error on line 94 in file ""/kaggle/working/masive_als_tdp43v4/ligandos/CEFTAZIDIME_SODIUM.pdbqt"": Unknown or inappropriate tag
No valid ligands in the input directory
",2026-09-05 01:33:49
CEFTIBUTEN,TDP43_v2,-5.2,42,-5.2000;-5.2000;-5.2000,ok,2026-09-05 01:34:02
CEFTIBUTEN_DIHYDRATE,TDP43_v2,,,,"error:returncode=1 s_tdp43v4/ligandos/CEFTIBUTEN_DIHYDRATE_out.pdbqt
Reading input ... done.


Parse error on line 78 in file ""/kaggle/working/masive_als_tdp43v4/ligandos/CEFTIBUTEN_DIHYDRATE.pdbqt"": Unknown or inappropriate tag
No valid ligands in the input directory
 | returncode=1 s_tdp43v4/ligandos/CEFTIBUTEN_DIHYDRATE_out.pdbqt
Reading input ... done.


Parse error on line 78 in file ""/kaggle/working/masive_als_tdp43v4/ligandos/CEFTIBUTEN_DIHYDRATE.pdbqt"": Unknown or inappropriate tag
No valid ligands in the input directory
 | returncode=1 s_tdp43v4/ligandos/CEFTIBUTEN_DIHYDRATE_out.pdbqt
Reading input ... done.


Parse error on line 78 in file ""/kaggle/working/masive_als_tdp43v4/ligandos/CEFTIBUTEN_DIHYDRATE.pdbqt"": Unknown or inappropriate tag
No valid ligands in the input directory
",2026-09-05 01:34:02
CEFTIZOXIME,TDP43_v2,-5.1,42,-5.1000;-5.0000;-5.0000,ok,2026-09-05 01:34:11
CEFTIZOXIME_SODIUM,TDP43_v2,,,,"error:returncode=1 e_als_tdp43v4/ligandos/CEFTIZOXIME_SODIUM_out.pdbqt
Reading input ... done.


Parse error on line 64 in file ""/kaggle/working/masive_als_tdp43v4/ligandos/CEFTIZOXIME_SODIUM.pdbqt"": Unknown or inappropriate tag
No valid ligands in the input directory
 | returncode=1 e_als_tdp43v4/ligandos/CEFTIZOXIME_SODIUM_out.pdbqt
Reading input ... done.


Parse error on line 64 in file ""/kaggle/working/masive_als_tdp43v4/ligandos/CEFTIZOXIME_SODIUM.pdbqt"": Unknown or inappropriate tag
No valid ligands in the input directory
 | returncode=1 e_als_tdp43v4/ligandos/CEFTIZOXIME_SODIUM_out.pdbqt
Reading input ... done.


Parse error on line 64 in file ""/kaggle/working/masive_als_tdp43v4/ligandos/CEFTIZOXIME_SODIUM.pdbqt"": Unknown or inappropriate tag
No valid ligands in the input directory
",2026-09-05 01:34:11
CEFTOBIPROLE_MEDOCARIL_FREE_ACID,TDP43_v2,-6.2,42,-6.2000;-6.0000;-5.9000,ok,2026-09-05 01:34:57
CEFTOBIPROLE_MEDOCARIL_SODIUM,TDP43_v2,,,,"error:returncode=1 CEFTOBIPROLE_MEDOCARIL_SODIUM_out.pdbqt
Reading input ... done.


Parse error on line 107 in file ""/kaggle/working/masive_als_tdp43v4/ligandos/CEFTOBIPROLE_MEDOCARIL_SODIUM.pdbqt"": Unknown or inappropriate tag
No valid ligands in the input directory
 | returncode=1 CEFTOBIPROLE_MEDOCARIL_SODIUM_out.pdbqt
Reading input ... done.


Parse error on line 107 in file ""/kaggle/working/masive_als_tdp43v4/ligandos/CEFTOBIPROLE_MEDOCARIL_SODIUM.pdbqt"": Unknown or inappropriate tag
No valid ligands in the input directory
 | returncode=1 CEFTOBIPROLE_MEDOCARIL_SODIUM_out.pdbqt
Reading input ... done.


Parse error on line 107 in file ""/kaggle/working/masive_als_tdp43v4/ligandos/CEFTOBIPROLE_MEDOCARIL_SODIUM.pdbqt"": Unknown or inappropriate tag
No valid ligands in the input directory
",2026-09-05 01:34:57
CEFTOLOZANE,TDP43_v2,-6.1,42,-6.1000;-6.0000;-5.7000,ok,2026-09-05 01:35:43
CEFTOLOZANE_SULFATE,TDP43_v2,,,,"error:returncode=1 ls_tdp43v4/ligandos/CEFTOLOZANE_SULFATE_out.pdbqt
Reading input ... done.


Parse error on line 139 in file ""/kaggle/working/masive_als_tdp43v4/ligandos/CEFTOLOZANE_SULFATE.pdbqt"": Unknown or inappropriate tag
No valid ligands in the input directory
 | returncode=1 ls_tdp43v4/ligandos/CEFTOLOZANE_SULFATE_out.pdbqt
Reading input ... done.


Parse error on line 139 in file ""/kaggle/working/masive_als_tdp43v4/ligandos/CEFTOLOZANE_SULFATE.pdbqt"": Unknown or inappropriate tag
No valid ligands in the input directory
 | returncode=1 ls_tdp43v4/ligandos/CEFTOLOZANE_SULFATE_out.pdbqt
Reading input ... done.


Parse error on line 139 in file ""/kaggle/working/masive_als_tdp43v4/ligandos/CEFTOLOZANE_SULFATE.pdbqt"": Unknown or inappropriate tag
No valid ligands in the input directory
",2026-09-05 01:35:43
CEFTRIAXONE,TDP43_v2,-5.8,777,-5.5000;-5.6000;-5.8000,ok,2026-09-05 01:36:05
CEFTRIAXONE_SODIUM,TDP43_v2,,,,"error:returncode=1 _als_tdp43v4/ligandos/CEFTRIAXONE_SODIUM_out.pdbqt
Reading input ... done.


Parse error on line 109 in file ""/kaggle/working/masive_als_tdp43v4/ligandos/CEFTRIAXONE_SODIUM.pdbqt"": Unknown or inappropriate tag
No valid ligands in the input directory
 | returncode=1 _als_tdp43v4/ligandos/CEFTRIAXONE_SODIUM_out.pdbqt
Reading input ... done.


Parse error on line 109 in file ""/kaggle/working/masive_als_tdp43v4/ligandos/CEFTRIAXONE_SODIUM.pdbqt"": Unknown or inappropriate tag
No valid ligands in the input directory
 | returncode=1 _als_tdp43v4/ligandos/CEFTRIAXONE_SODIUM_out.pdbqt
Reading input ... done.


Parse error on line 109 in file ""/kaggle/working/masive_als_tdp43v4/ligandos/CEFTRIAXONE_SODIUM.pdbqt"": Unknown or inappropriate tag
No valid ligands in the input directory
",2026-09-05 01:36:05
CEFUROXIME,TDP43_v2,-5.6,2026,-5.5000;-5.6000;-5.5000,ok,2026-09-05 01:36:20
CEFUROXIME_AXETIL,TDP43_v2,-5.4,42,-5.4000;-5.2000;-5.4000,ok,2026-09-05 01:36:41
CEFUROXIME_SODIUM,TDP43_v2,,,,"error:returncode=1 ive_als_tdp43v4/ligandos/CEFUROXIME_SODIUM_out.pdbqt
Reading input ... done.


Parse error on line 80 in file ""/kaggle/working/masive_als_tdp43v4/ligandos/CEFUROXIME_SODIUM.pdbqt"": Unknown or inappropriate tag
No valid ligands in the input directory
 | returncode=1 ive_als_tdp43v4/ligandos/CEFUROXIME_SODIUM_out.pdbqt
Reading input ... done.


Parse error on line 80 in file ""/kaggle/working/masive_als_tdp43v4/ligandos/CEFUROXIME_SODIUM.pdbqt"": Unknown or inappropriate tag
No valid ligands in the input directory
 | returncode=1 ive_als_tdp43v4/ligandos/CEFUROXIME_SODIUM_out.pdbqt
Reading input ... done.


Parse error on line 80 in file ""/kaggle/working/masive_als_tdp43v4/ligandos/CEFUROXIME_SODIUM.pdbqt"": Unknown or inappropriate tag
No valid ligands in the input directory
",2026-09-05 01:36:41
CELECOXIB,TDP43_v2,-6.6,42,-6.6000;-6.6000;-6.6000,ok,2026-09-05 01:36:51
CELIPROLOL,TDP43_v2,-5.5,2026,-4.7000;-5.5000;-5.3000,ok,2026-09-05 01:37:03
CELIPROLOL_HYDROCHLORIDE,TDP43_v2,,,,"error:returncode=1 /ligandos/CELIPROLOL_HYDROCHLORIDE_out.pdbqt
Reading input ... done.


Parse error on line 100 in file ""/kaggle/working/masive_als_tdp43v4/ligandos/CELIPROLOL_HYDROCHLORIDE.pdbqt"": Unknown or inappropriate tag
No valid ligands in the input directory
 | returncode=1 /ligandos/CELIPROLOL_HYDROCHLORIDE_out.pdbqt
Reading input ... done.


Parse error on line 100 in file ""/kaggle/working/masive_als_tdp43v4/ligandos/CELIPROLOL_HYDROCHLORIDE.pdbqt"": Unknown or inappropriate tag
No valid ligands in the input directory
 | returncode=1 /ligandos/CELIPROLOL_HYDROCHLORIDE_out.pdbqt
Reading input ... done.


Parse error on line 100 in file ""/kaggle/working/masive_als_tdp43v4/ligandos/CELIPROLOL_HYDROCHLORIDE.pdbqt"": Unknown or inappropriate tag
No valid ligands in the input directory
",2026-09-05 01:37:03
CENOBAMATE,TDP43_v2,-5.1,42,-5.1000;-5.1000;-5.0000,ok,2026-09-05 01:37:10
CEPHALEXIN,TDP43_v2,,,,"error:returncode=1 le/working/masive_als_tdp43v4/ligandos/CEPHALEXIN_out.pdbqt
Reading input ... done.


Parse error on line 68 in file ""/kaggle/working/masive_als_tdp43v4/ligandos/CEPHALEXIN.pdbqt"": Unknown or inappropriate tag
No valid ligands in the input directory
 | returncode=1 le/working/masive_als_tdp43v4/ligandos/CEPHALEXIN_out.pdbqt
Reading input ... done.


Parse error on line 68 in file ""/kaggle/working/masive_als_tdp43v4/ligandos/CEPHALEXIN.pdbqt"": Unknown or inappropriate tag
No valid ligands in the input directory
 | returncode=1 le/working/masive_als_tdp43v4/ligandos/CEPHALEXIN_out.pdbqt
Reading input ... done.


Parse error on line 68 in file ""/kaggle/working/masive_als_tdp43v4/ligandos/CEPHALEXIN.pdbqt"": Unknown or inappropriate tag
No valid ligands in the input directory
",2026-09-05 01:37:10
CEPHALEXIN_ANHYDROUS,TDP43_v2,-5.6,42,-5.6000;-5.6000;-5.6000,ok,2026-09-05 01:37:19
CEPHALEXIN_HYDROCHLORIDE,TDP43_v2,,,,"error:returncode=1 4/ligandos/CEPHALEXIN_HYDROCHLORIDE_out.pdbqt
Reading input ... done.


Parse error on line 68 in file ""/kaggle/working/masive_als_tdp43v4/ligandos/CEPHALEXIN_HYDROCHLORIDE.pdbqt"": Unknown or inappropriate tag
No valid ligands in the input directory
 | returncode=1 4/ligandos/CEPHALEXIN_HYDROCHLORIDE_out.pdbqt
Reading input ... done.


Parse error on line 68 in file ""/kaggle/working/masive_als_tdp43v4/ligandos/CEPHALEXIN_HYDROCHLORIDE.pdbqt"": Unknown or inappropriate tag
No valid ligands in the input directory
 | returncode=1 4/ligandos/CEPHALEXIN_HYDROCHLORIDE_out.pdbqt
Reading input ... done.


Parse error on line 68 in file ""/kaggle/working/masive_als_tdp43v4/ligandos/CEPHALEXIN_HYDROCHLORIDE.pdbqt"": Unknown or inappropriate tag
No valid ligands in the input directory
",2026-09-05 01:37:19
CEPHALOGLYCIN,TDP43_v2,-5.3,42,-5.3000;-5.2000;-5.0000,ok,2026-09-05 01:37:32
CEPHALORIDINE,TDP43_v2,-5.9,777,-5.6000;-5.8000;-5.9000,ok,2026-09-05 01:37:41
CEPHALOTHIN,TDP43_v2,-5.4,42,-5.4000;-5.4000;-4.9000,ok,2026-09-05 01:37:51
CEPHALOTHIN_SODIUM,TDP43_v2,,,,"error:returncode=1 e_als_tdp43v4/ligandos/CEPHALOTHIN_SODIUM_out.pdbqt
Reading input ... done.


Parse error on line 71 in file ""/kaggle/working/masive_als_tdp43v4/ligandos/CEPHALOTHIN_SODIUM.pdbqt"": Unknown or inappropriate tag
No valid ligands in the input directory
 | returncode=1 e_als_tdp43v4/ligandos/CEPHALOTHIN_SODIUM_out.pdbqt
Reading input ... done.


Parse error on line 71 in file ""/kaggle/working/masive_als_tdp43v4/ligandos/CEPHALOTHIN_SODIUM.pdbqt"": Unknown or inappropriate tag
No valid ligands in the input directory
 | returncode=1 e_als_tdp43v4/ligandos/CEPHALOTHIN_SODIUM_out.pdbqt
Reading input ... done.


Parse error on line 71 in file ""/kaggle/working/masive_als_tdp43v4/ligandos/CEPHALOTHIN_SODIUM.pdbqt"": Unknown or inappropriate tag
No valid ligands in the input directory
",2026-09-05 01:37:51
CEPHAPIRIN,TDP43_v2,-5.4,777,-5.3000;-4.9000;-5.4000,ok,2026-09-05 01:38:03
CEPHAPIRIN_SODIUM,TDP43_v2,,,,"error:returncode=1 ive_als_tdp43v4/ligandos/CEPHAPIRIN_SODIUM_out.pdbqt
Reading input ... done.


Parse error on line 77 in file ""/kaggle/working/masive_als_tdp43v4/ligandos/CEPHAPIRIN_SODIUM.pdbqt"": Unknown or inappropriate tag
No valid ligands in the input directory
 | returncode=1 ive_als_tdp43v4/ligandos/CEPHAPIRIN_SODIUM_out.pdbqt
Reading input ... done.


Parse error on line 77 in file ""/kaggle/working/masive_als_tdp43v4/ligandos/CEPHAPIRIN_SODIUM.pdbqt"": Unknown or inappropriate tag
No valid ligands in the input directory
 | returncode=1 ive_als_tdp43v4/ligandos/CEPHAPIRIN_SODIUM_out.pdbqt
Reading input ... done.


Parse error on line 77 in file ""/kaggle/working/masive_als_tdp43v4/ligandos/CEPHAPIRIN_SODIUM.pdbqt"": Unknown or inappropriate tag
No valid ligands in the input directory
",2026-09-05 01:38:03
CEPHRADINE,TDP43_v2,-5.4,2026,-5.1000;-5.4000;-5.3000,ok,2026-09-05 01:38:13
CERITINIB,TDP43_v2,-6.4,777,-5.9000;-5.8000;-6.4000,ok,2026-09-05 01:38:35
CERIVASTATIN,TDP43_v2,-6.3,42,-6.3000;-5.4000;-5.6000,ok,2026-09-05 01:38:53
CERIVASTATIN_SODIUM,TDP43_v2,,,,"error:returncode=1 ls_tdp43v4/ligandos/CERIVASTATIN_SODIUM_out.pdbqt
Reading input ... done.


Parse error on line 111 in file ""/kaggle/working/masive_als_tdp43v4/ligandos/CERIVASTATIN_SODIUM.pdbqt"": Unknown or inappropriate tag
No valid ligands in the input directory
 | returncode=1 ls_tdp43v4/ligandos/CERIVASTATIN_SODIUM_out.pdbqt
Reading input ... done.


Parse error on line 111 in file ""/kaggle/working/masive_als_tdp43v4/ligandos/CERIVASTATIN_SODIUM.pdbqt"": Unknown or inappropriate tag
No valid ligands in the input directory
 | returncode=1 ls_tdp43v4/ligandos/CERIVASTATIN_SODIUM_out.pdbqt
Reading input ... done.


Parse error on line 111 in file ""/kaggle/working/masive_als_tdp43v4/ligandos/CERIVASTATIN_SODIUM.pdbqt"": Unknown or inappropriate tag
No valid ligands in the input directory
",2026-09-05 01:38:53
CETIRIZINE,TDP43_v2,-5.7,2026,-5.2000;-5.7000;-5.4000,ok,2026-09-05 01:39:06
CETIRIZINE_HYDROCHLORIDE,TDP43_v2,,,,"error:returncode=1 4/ligandos/CETIRIZINE_HYDROCHLORIDE_out.pdbqt
Reading input ... done.


Parse error on line 34 in file ""/kaggle/working/masive_als_tdp43v4/ligandos/CETIRIZINE_HYDROCHLORIDE.pdbqt"": Unknown or inappropriate tag
No valid ligands in the input directory
 | returncode=1 4/ligandos/CETIRIZINE_HYDROCHLORIDE_out.pdbqt
Reading input ... done.


Parse error on line 34 in file ""/kaggle/working/masive_als_tdp43v4/ligandos/CETIRIZINE_HYDROCHLORIDE.pdbqt"": Unknown or inappropriate tag
No valid ligands in the input directory
 | returncode=1 4/ligandos/CETIRIZINE_HYDROCHLORIDE_out.pdbqt
Reading input ... done.


Parse error on line 34 in file ""/kaggle/working/masive_als_tdp43v4/ligandos/CETIRIZINE_HYDROCHLORIDE.pdbqt"": Unknown or inappropriate tag
No valid ligands in the input directory
",2026-09-05 01:39:06
CETYL_ALCOHOL,TDP43_v2,-5.2,777,-5.0000;-4.8000;-5.2000,ok,2026-09-05 01:39:15
CEVIMELINE,TDP43_v2,-4.5,2026,-4.4000;-4.5000;-4.5000,ok,2026-09-05 01:39:21
CEVIMELINE_HYDROCHLORIDE,TDP43_v2,,,,"error:returncode=1 4/ligandos/CEVIMELINE_HYDROCHLORIDE_out.pdbqt
Reading input ... done.


Parse error on line 29 in file ""/kaggle/working/masive_als_tdp43v4/ligandos/CEVIMELINE_HYDROCHLORIDE.pdbqt"": Unknown or inappropriate tag
No valid ligands in the input directory
 | returncode=1 4/ligandos/CEVIMELINE_HYDROCHLORIDE_out.pdbqt
Reading input ... done.


Parse error on line 29 in file ""/kaggle/working/masive_als_tdp43v4/ligandos/CEVIMELINE_HYDROCHLORIDE.pdbqt"": Unknown or inappropriate tag
No valid ligands in the input directory
 | returncode=1 4/ligandos/CEVIMELINE_HYDROCHLORIDE_out.pdbqt
Reading input ... done.


Parse error on line 29 in file ""/kaggle/working/masive_als_tdp43v4/ligandos/CEVIMELINE_HYDROCHLORIDE.pdbqt"": Unknown or inappropriate tag
No valid ligands in the input directory
",2026-09-05 01:39:21
CHEMBL10,TDP43_v2,-6.7,777,-6.6000;-6.6000;-6.7000,ok,2026-09-05 01:39:31
CHEMBL100,TDP43_v2,-5.9,42,-5.9000;-5.9000;-5.9000,ok,2026-09-05 01:39:37
CHEMBL100014,TDP43_v2,-5.0,42,-5.0000;-4.9000;-4.9000,ok,2026-09-05 01:39:44
CHEMBL100017,TDP43_v2,-5.7,42,-5.7000;-4.8000;-4.7000,ok,2026-09-05 01:40:02
CHEMBL100042,TDP43_v2,-6.3,2026,-6.0000;-6.3000;-6.3000,ok,2026-09-05 01:41:20
CHEMBL100081,TDP43_v2,-5.5,777,-5.3000;-5.4000;-5.5000,ok,2026-09-05 01:41:47
CHEMBL100095,TDP43_v2,-6.0,2026,-4.6000;-6.0000;-5.7000,ok,2026-09-05 01:42:09
CHEMBL100109,TDP43_v2,,,,"error:returncode=1 ne.


Parse error on line 55 in file ""/kaggle/working/masive_als_tdp43v4/ligandos/CHEMBL100109.pdbqt"": ATOM syntax incorrect: ""B"" is not a valid AutoDock type. Note that AutoDock atom types are case-sensitive.
No valid ligands in the input directory
 | returncode=1 ne.


Parse error on line 55 in file ""/kaggle/working/masive_als_tdp43v4/ligandos/CHEMBL100109.pdbqt"": ATOM syntax incorrect: ""B"" is not a valid AutoDock type. Note that AutoDock atom types are case-sensitive.
No valid ligands in the input directory
 | returncode=1 ne.


Parse error on line 55 in file ""/kaggle/working/masive_als_tdp43v4/ligandos/CHEMBL100109.pdbqt"": ATOM syntax incorrect: ""B"" is not a valid AutoDock type. Note that AutoDock atom types are case-sensitive.
No valid ligands in the input directory
",2026-09-05 01:42:09
CHEMBL100114,TDP43_v2,-6.1,2026,-5.4000;-6.1000;-5.6000,ok,2026-09-05 01:42:28
CHEMBL100118,TDP43_v2,-5.5,42,-5.5000;-5.5000;-5.4000,ok,2026-09-05 01:42:34
CHEMBL100134,TDP43_v2,-5.6,777,-5.5000;-4.9000;-5.6000,ok,2026-09-05 01:42:53
CHEMBL100146,TDP43_v2,-6.4,777,-6.2000;-6.3000;-6.4000,ok,2026-09-05 01:43:11
CHEMBL100203,TDP43_v2,-5.1,42,-5.1000;-5.1000;-5.1000,ok,2026-09-05 01:43:18
CHEMBL100239,TDP43_v2,-6.5,42,-6.5000;-6.5000;-6.5000,ok,2026-09-05 01:43:24
CHEMBL100259,TDP43_v2,-4.8,42,-4.8000;-4.6000;-4.8000,ok,2026-09-05 01:43:31
CHEMBL100265,TDP43_v2,-6.5,42,-6.5000;-6.5000;-6.4000,ok,2026-09-05 01:43:37
CHEMBL100280,TDP43_v2,-5.7,42,-5.7000;-5.7000;-5.7000,ok,2026-09-05 01:43:52
CHEMBL100291,TDP43_v2,-6.3,777,-6.2000;-6.2000;-6.3000,ok,2026-09-05 01:44:07
CHEMBL100303,TDP43_v2,-7.3,2026,-7.2000;-7.3000;-7.2000,ok,2026-09-05 01:44:20
CHEMBL100316,TDP43_v2,-5.5,2026,-5.3000;-5.5000;-5.5000,ok,2026-09-05 01:44:36
CHEMBL100325,TDP43_v2,-6.0,42,-6.0000;-5.9000;-5.9000,ok,2026-09-05 01:44:45
CHEMBL100334,TDP43_v2,-6.0,777,-5.2000;-5.5000;-6.0000,ok,2026-09-05 01:44:58
CHEMBL100366,TDP43_v2,-6.6,42,-6.6000;-6.5000;-6.1000,ok,2026-09-05 01:45:04
CHEMBL100384,TDP43_v2,-5.6,42,-5.6000;-5.4000;-5.6000,ok,2026-09-05 01:45:11
CHEMBL100405,TDP43_v2,-6.0,42,-6.0000;-5.7000;-5.8000,ok,2026-09-05 01:45:26
CHEMBL100409,TDP43_v2,-6.2,2026,-6.1000;-6.2000;-6.1000,ok,2026-09-05 01:45:42
CHEMBL100424,TDP43_v2,-4.2,2026,-4.1000;-4.2000;-4.2000,ok,2026-09-05 01:45:48
CHEMBL100428,TDP43_v2,-5.2,42,-5.2000;-4.9000;-4.4000,ok,2026-09-05 01:46:22
CHEMBL100454,TDP43_v2,-8.2,42,-8.2000;-8.2000;-8.2000,ok,2026-09-05 01:46:28
CHEMBL100460,TDP43_v2,-5.6,2026,-5.4000;-5.6000;-5.6000,ok,2026-09-05 01:46:38
CHEMBL100461,TDP43_v2,-6.0,777,-5.9000;-5.9000;-6.0000,ok,2026-09-05 01:46:44
CHEMBL100476,TDP43_v2,-5.3,42,-5.3000;-5.3000;-5.3000,ok,2026-09-05 01:46:57
CHEMBL100482,TDP43_v2,-5.3,42,-5.3000;-4.5000;-5.2000,ok,2026-09-05 01:47:18
CHEMBL100512,TDP43_v2,-5.7,42,-5.7000;-5.7000;-5.7000,ok,2026-09-05 01:47:34
CHEMBL100531,TDP43_v2,-4.8,42,-4.8000;-4.8000;-4.8000,ok,2026-09-05 01:47:40
CHEMBL100546,TDP43_v2,-6.6,777,-6.4000;-6.5000;-6.6000,ok,2026-09-05 01:47:47
CHEMBL100559,TDP43_v2,-6.1,42,-6.1000;-6.0000;-6.1000,ok,2026-09-05 01:48:11
CHEMBL100563,TDP43_v2,-5.2,2026,-4.6000;-5.2000;-5.0000,ok,2026-09-05 01:48:51
CHEMBL100564,TDP43_v2,-6.0,777,-5.2000;-5.7000;-6.0000,ok,2026-09-05 01:49:10
CHEMBL100570,TDP43_v2,-7.0,2026,-6.9000;-7.0000;-7.0000,ok,2026-09-05 01:49:19
CHEMBL100574,TDP43_v2,-5.8,2026,-5.7000;-5.8000;-5.6000,ok,2026-09-05 01:49:29
CHEMBL100584,TDP43_v2,-6.8,2026,-5.5000;-6.8000;-6.4000,ok,2026-09-05 01:49:48
CHEMBL100588,TDP43_v2,-5.5,777,-5.0000;-5.0000;-5.5000,ok,2026-09-05 01:50:15
CHEMBL100622,TDP43_v2,-4.4,42,-4.4000;-4.3000;-4.4000,ok,2026-09-05 01:50:22
CHEMBL100643,TDP43_v2,-6.1,2026,-5.9000;-6.1000;-5.5000,ok,2026-09-05 01:50:46
CHEMBL100684,TDP43_v2,-4.3,42,-4.3000;-4.1000;-3.5000,ok,2026-09-05 01:53:00
CHEMBL1007,TDP43_v2,-3.2,42,-3.2000;-2.6000;-2.2000,ok,2026-09-05 01:58:30
CHEMBL100702,TDP43_v2,-5.7,2026,-5.5000;-5.7000;-5.6000,ok,2026-09-05 01:58:57
CHEMBL100754,TDP43_v2,-7.9,42,-7.9000;-7.6000;-7.3000,ok,2026-09-05 01:59:07
CHEMBL100768,TDP43_v2,-6.2,42,-6.2000;-6.2000;-6.2000,ok,2026-09-05 01:59:13
CHEMBL100777,TDP43_v2,-6.7,42,-6.7000;-6.4000;-6.7000,ok,2026-09-05 01:59:41
CHEMBL100788,TDP43_v2,-6.6,777,-5.0000;-6.1000;-6.6000,ok,2026-09-05 02:00:02
CHEMBL100802,TDP43_v2,-6.6,777,-5.7000;-5.9000;-6.6000,ok,2026-09-05 02:00:18
CHEMBL100805,TDP43_v2,-7.1,42,-7.1000;-6.8000;-6.8000,ok,2026-09-05 02:00:36
CHEMBL100815,TDP43_v2,-5.8,2026,-5.6000;-5.8000;-5.6000,ok,2026-09-05 02:00:52
CHEMBL100848,TDP43_v2,-6.2,42,-6.2000;-6.2000;-6.2000,ok,2026-09-05 02:01:05
CHEMBL10085,TDP43_v2,-6.7,42,-6.7000;-6.2000;-6.2000,ok,2026-09-05 02:01:17
CHEMBL100879,TDP43_v2,-6.7,2026,-6.3000;-6.7000;-6.5000,ok,2026-09-05 02:01:30
CHEMBL100895,TDP43_v2,-5.3,42,-5.3000;-4.9000;-4.6000,ok,2026-09-05 02:01:49
CHEMBL100922,TDP43_v2,-6.3,42,-6.3000;-6.3000;-6.1000,ok,2026-09-05 02:01:55
CHEMBL100927,TDP43_v2,-5.7,2026,-5.6000;-5.7000;-5.7000,ok,2026-09-05 02:02:11
CHEMBL100938,TDP43_v2,-5.8,42,-5.8000;-5.8000;-5.8000,ok,2026-09-05 02:02:20
CHEMBL100941,TDP43_v2,-6.9,2026,-6.8000;-6.9000;-6.8000,ok,2026-09-05 02:02:26
CHEMBL100950,TDP43_v2,-5.7,42,-5.7000;-5.3000;-5.6000,ok,2026-09-05 02:02:45
CHEMBL100994,TDP43_v2,-5.6,777,-5.5000;-5.3000;-5.6000,ok,2026-09-05 02:02:58
CHEMBL101008,TDP43_v2,-7.1,42,-7.1000;-7.1000;-7.1000,ok,2026-09-05 02:03:04
CHEMBL101032,TDP43_v2,-6.5,777,-5.9000;-6.4000;-6.5000,ok,2026-09-05 02:03:10
CHEMBL101036,TDP43_v2,-5.3,42,-5.3000;-5.1000;-5.3000,ok,2026-09-05 02:03:17
CHEMBL101090,TDP43_v2,-6.4,777,-6.2000;-5.8000;-6.4000,ok,2026-09-05 02:03:32
CHEMBL101094,TDP43_v2,-6.5,2026,-6.4000;-6.5000;-6.5000,ok,2026-09-05 02:03:39
CHEMBL101099,TDP43_v2,-6.4,2026,-6.3000;-6.4000;-6.3000,ok,2026-09-05 02:03:48
CHEMBL101108,TDP43_v2,-6.6,42,-6.6000;-6.1000;-5.2000,ok,2026-09-05 02:04:01
CHEMBL101118,TDP43_v2,-6.6,42,-6.6000;-6.6000;-6.6000,ok,2026-09-05 02:04:10
CHEMBL101121,TDP43_v2,-6.9,777,-6.5000;-6.8000;-6.9000,ok,2026-09-05 02:04:26
CHEMBL101141,TDP43_v2,-5.9,777,-5.7000;-5.7000;-5.9000,ok,2026-09-05 02:04:48
CHEMBL101144,TDP43_v2,-5.6,42,-5.6000;-5.5000;-5.5000,ok,2026-09-05 02:05:06
CHEMBL101145,TDP43_v2,-6.5,777,-5.5000;-6.2000;-6.5000,ok,2026-09-05 02:05:25
CHEMBL101160,TDP43_v2,-7.5,2026,-6.0000;-7.5000;-6.2000,ok,2026-09-05 02:05:41
CHEMBL101168,TDP43_v2,-5.4,42,-5.4000;-5.3000;-5.4000,ok,2026-09-05 02:05:47
CHEMBL101175,TDP43_v2,-6.5,777,-6.2000;-5.9000;-6.5000,ok,2026-09-05 02:05:56
CHEMBL10118,TDP43_v2,-7.3,42,-7.3000;-6.5000;-7.1000,ok,2026-09-05 02:06:06
CHEMBL101182,TDP43_v2,-6.9,777,-5.6000;-6.6000;-6.9000,ok,2026-09-05 02:06:24
CHEMBL101189,TDP43_v2,-6.7,42,-6.7000;-6.7000;-6.7000,ok,2026-09-05 02:06:31
CHEMBL101206,TDP43_v2,-6.7,42,-6.7000;-6.6000;-6.6000,ok,2026-09-05 02:06:37
CHEMBL101210,TDP43_v2,-5.7,777,-5.5000;-5.0000;-5.7000,ok,2026-09-05 02:07:02
CHEMBL101231,TDP43_v2,-6.3,42,-6.3000;-5.0000;-6.3000,ok,2026-09-05 02:07:18
CHEMBL101237,TDP43_v2,-7.0,777,-6.7000;-6.4000;-7.0000,ok,2026-09-05 02:07:33
CHEMBL101250,TDP43_v2,-6.1,42,-6.1000;-6.1000;-6.1000,ok,2026-09-05 02:07:40
CHEMBL101253,TDP43_v2,-7.1,2026,-5.7000;-7.1000;-6.9000,ok,2026-09-05 02:07:47
CHEMBL101263,TDP43_v2,-6.3,42,-6.3000;-6.3000;-6.3000,ok,2026-09-05 02:07:53
CHEMBL101284,TDP43_v2,-5.0,42,-5.0000;-4.7000;-4.9000,ok,2026-09-05 02:08:09
CHEMBL101285,TDP43_v2,-6.0,777,-5.5000;-5.8000;-6.0000,ok,2026-09-05 02:08:15
CHEMBL101306,TDP43_v2,-6.4,42,-6.4000;-5.2000;-5.5000,ok,2026-09-05 02:08:34
CHEMBL101309,TDP43_v2,-5.3,777,-5.0000;-5.2000;-5.3000,ok,2026-09-05 02:08:55
CHEMBL101311,TDP43_v2,-7.1,777,-5.7000;-5.6000;-7.1000,ok,2026-09-05 02:09:10
CHEMBL101316,TDP43_v2,-4.7,2026,-4.5000;-4.7000;-4.4000,ok,2026-09-05 02:09:32
CHEMBL101341,TDP43_v2,-6.3,777,-5.5000;-5.7000;-6.3000,ok,2026-09-05 02:09:48
CHEMBL101361,TDP43_v2,-6.8,42,-6.8000;-6.7000;-6.7000,ok,2026-09-05 02:10:06
CHEMBL101382,TDP43_v2,-7.2,2026,-6.8000;-7.2000;-6.0000,ok,2026-09-05 02:10:19
CHEMBL101396,TDP43_v2,-6.1,2026,-6.0000;-6.1000;-6.0000,ok,2026-09-05 02:10:28
CHEMBL101411,TDP43_v2,-7.1,777,-6.7000;-6.9000;-7.1000,ok,2026-09-05 02:10:44
CHEMBL101413,TDP43_v2,-5.7,42,-5.7000;-5.6000;-5.7000,ok,2026-09-05 02:10:56
CHEMBL101442,TDP43_v2,-5.9,777,-5.4000;-5.7000;-5.9000,ok,2026-09-05 02:11:15
CHEMBL101454,TDP43_v2,-6.3,42,-6.3000;-6.3000;-6.3000,ok,2026-09-05 02:11:21
CHEMBL101506,TDP43_v2,-6.8,42,-6.8000;-6.8000;-6.8000,ok,2026-09-05 02:11:28
CHEMBL101510,TDP43_v2,-5.9,2026,-5.7000;-5.9000;-5.9000,ok,2026-09-05 02:11:34
CHEMBL101518,TDP43_v2,-5.6,2026,-5.1000;-5.6000;-5.5000,ok,2026-09-05 02:11:49
CHEMBL101541,TDP43_v2,-6.1,42,-6.1000;-6.0000;-6.0000,ok,2026-09-05 02:11:55
CHEMBL101545,TDP43_v2,-6.5,777,-6.3000;-6.4000;-6.5000,ok,2026-09-05 02:12:20
CHEMBL101596,TDP43_v2,-7.4,42,-7.4000;-6.1000;-6.7000,ok,2026-09-05 02:12:33
CHEMBL1016,TDP43_v2,-6.3,777,-6.2000;-6.1000;-6.3000,ok,2026-09-05 02:12:48
CHEMBL101612,TDP43_v2,-7.5,42,-7.5000;-7.4000;-7.4000,ok,2026-09-05 02:13:13
CHEMBL101614,TDP43_v2,-7.4,2026,-6.9000;-7.4000;-6.9000,ok,2026-09-05 02:13:32
CHEMBL101622,TDP43_v2,-5.9,2026,-5.3000;-5.9000;-5.7000,ok,2026-09-05 02:13:56
CHEMBL101644,TDP43_v2,-6.2,2026,-6.0000;-6.2000;-5.6000,ok,2026-09-05 02:14:09
CHEMBL10165,TDP43_v2,-5.4,2026,-5.1000;-5.4000;-5.2000,ok,2026-09-05 02:14:15
CHEMBL101676,TDP43_v2,-6.6,42,-6.6000;-6.6000;-6.6000,ok,2026-09-05 02:14:25
CHEMBL101683,TDP43_v2,-5.9,777,-5.8000;-5.5000;-5.9000,ok,2026-09-05 02:14:34
CHEMBL101684,TDP43_v2,-7.2,2026,-5.8000;-7.2000;-6.9000,ok,2026-09-05 02:14:50
CHEMBL101714,TDP43_v2,-5.6,777,-5.2000;-5.0000;-5.6000,ok,2026-09-05 02:15:03
CHEMBL101728,TDP43_v2,-6.1,777,-6.0000;-5.9000;-6.1000,ok,2026-09-05 02:15:18
CHEMBL101737,TDP43_v2,-6.4,42,-6.4000;-6.0000;-5.9000,ok,2026-09-05 02:15:28
CHEMBL101740,TDP43_v2,-7.1,777,-6.9000;-7.0000;-7.1000,ok,2026-09-05 02:15:34
CHEMBL101747,TDP43_v2,-5.9,42,-5.9000;-5.9000;-5.8000,ok,2026-09-05 02:15:44
CHEMBL101756,TDP43_v2,-6.7,42,-6.7000;-6.3000;-5.6000,ok,2026-09-05 02:15:59
CHEMBL101801,TDP43_v2,-6.4,42,-6.4000;-5.7000;-6.3000,ok,2026-09-05 02:16:12
CHEMBL101804,TDP43_v2,-5.9,42,-5.9000;-5.9000;-5.9000,ok,2026-09-05 02:16:18
CHEMBL101809,TDP43_v2,-6.0,2026,-5.7000;-6.0000;-4.9000,ok,2026-09-05 02:16:37
CHEMBL101835,TDP43_v2,-5.9,2026,-5.2000;-5.9000;-5.5000,ok,2026-09-05 02:17:04
CHEMBL101864,TDP43_v2,-5.9,42,-5.9000;-5.5000;-5.7000,ok,2026-09-05 02:17:20
CHEMBL10188,TDP43_v2,-6.1,42,-6.1000;-5.7000;-5.8000,ok,2026-09-05 02:17:33
CHEMBL101885,TDP43_v2,-5.7,42,-5.7000;-5.7000;-5.7000,ok,2026-09-05 02:17:39
CHEMBL101892,TDP43_v2,-5.8,42,-5.8000;-5.7000;-5.7000,ok,2026-09-05 02:17:49
CHEMBL101905,TDP43_v2,-5.3,42,-5.3000;-5.3000;-5.3000,ok,2026-09-05 02:17:55
CHEMBL101940,TDP43_v2,-5.6,2026,-4.9000;-5.6000;-4.5000,ok,2026-09-05 02:18:11
CHEMBL101960,TDP43_v2,-6.0,42,-6.0000;-5.9000;-5.7000,ok,2026-09-05 02:18:20
CHEMBL101981,TDP43_v2,-6.3,42,-6.3000;-6.0000;-5.8000,ok,2026-09-05 02:18:35
CHEMBL101986,TDP43_v2,-5.6,777,-5.0000;-5.2000;-5.6000,ok,2026-09-05 02:18:41
CHEMBL101996,TDP43_v2,-5.7,777,-5.6000;-5.6000;-5.7000,ok,2026-09-05 02:18:47
CHEMBL102,TDP43_v2,-5.3,42,-5.3000;-5.3000;-5.0000,ok,2026-09-05 02:19:03
CHEMBL102005,TDP43_v2,-6.6,777,-5.9000;-6.1000;-6.6000,ok,2026-09-05 02:19:21
CHEMBL102018,TDP43_v2,-6.0,42,-6.0000;-6.0000;-6.0000,ok,2026-09-05 02:19:28
CHEMBL102040,TDP43_v2,-6.3,777,-5.7000;-5.7000;-6.3000,ok,2026-09-05 02:19:43
CHEMBL102043,TDP43_v2,-5.5,42,-5.5000;-5.0000;-5.4000,ok,2026-09-05 02:20:02
CHEMBL102057,TDP43_v2,-6.6,42,-6.6000;-6.1000;-6.5000,ok,2026-09-05 02:20:36
CHEMBL10206,TDP43_v2,-7.3,2026,-7.2000;-7.3000;-7.2000,ok,2026-09-05 02:20:42
CHEMBL102065,TDP43_v2,-6.4,777,-6.2000;-6.2000;-6.4000,ok,2026-09-05 02:20:58
CHEMBL10207,TDP43_v2,-6.0,777,-5.9000;-5.7000;-6.0000,ok,2026-09-05 02:21:05
CHEMBL102116,TDP43_v2,-5.5,2026,-5.4000;-5.5000;-5.4000,ok,2026-09-05 02:21:17
CHEMBL102142,TDP43_v2,-5.6,777,-5.3000;-5.5000;-5.6000,ok,2026-09-05 02:21:32
CHEMBL102144,TDP43_v2,-6.0,42,-6.0000;-5.9000;-5.6000,ok,2026-09-05 02:21:38
CHEMBL102150,TDP43_v2,-5.4,2026,-4.5000;-5.4000;-4.9000,ok,2026-09-05 02:22:00
CHEMBL102154,TDP43_v2,-5.9,42,-5.9000;-5.7000;-5.4000,ok,2026-09-05 02:22:19
CHEMBL102160,TDP43_v2,-6.7,42,-6.7000;-6.7000;-6.6000,ok,2026-09-05 02:22:29
CHEMBL102201,TDP43_v2,-6.5,42,-6.5000;-6.2000;-6.2000,ok,2026-09-05 02:22:35
CHEMBL102221,TDP43_v2,-6.4,42,-6.4000;-5.5000;-6.1000,ok,2026-09-05 02:22:54
CHEMBL102231,TDP43_v2,-5.1,42,-5.1000;-5.1000;-5.1000,ok,2026-09-05 02:23:00
CHEMBL102246,TDP43_v2,-4.9,2026,-4.2000;-4.9000;-4.3000,ok,2026-09-05 02:23:07
CHEMBL102358,TDP43_v2,-5.7,42,-5.7000;-5.5000;-5.6000,ok,2026-09-05 02:23:13
CHEMBL102397,TDP43_v2,-5.8,42,-5.8000;-5.7000;-5.7000,ok,2026-09-05 02:23:19
CHEMBL102414,TDP43_v2,-6.5,2026,-6.3000;-6.5000;-6.5000,ok,2026-09-05 02:23:26
CHEMBL102415,TDP43_v2,-6.2,2026,-6.0000;-6.2000;-5.4000,ok,2026-09-05 02:23:41
CHEMBL102426,TDP43_v2,-5.9,42,-5.9000;-5.9000;-5.9000,ok,2026-09-05 02:23:51
CHEMBL102438,TDP43_v2,-5.1,2026,-4.9000;-5.1000;-5.0000,ok,2026-09-05 02:24:28
CHEMBL102441,TDP43_v2,-6.0,42,-6.0000;-5.3000;-5.3000,ok,2026-09-05 02:24:52
CHEMBL102459,TDP43_v2,-7.9,777,-7.7000;-7.0000;-7.9000,ok,2026-09-05 02:25:08
CHEMBL10247,TDP43_v2,-5.5,777,-5.2000;-5.2000;-5.5000,ok,2026-09-05 02:25:14
CHEMBL102490,TDP43_v2,-5.1,42,-5.1000;-4.8000;-5.0000,ok,2026-09-05 02:25:24
CHEMBL102493,TDP43_v2,-4.6,42,-4.6000;-4.4000;-4.4000,ok,2026-09-05 02:25:30
CHEMBL102504,TDP43_v2,-6.5,42,-6.5000;-5.3000;-5.4000,ok,2026-09-05 02:25:58
CHEMBL102582,TDP43_v2,-6.2,42,-6.2000;-6.2000;-6.2000,ok,2026-09-05 02:26:04
CHEMBL102594,TDP43_v2,-5.7,42,-5.7000;-5.7000;-5.7000,ok,2026-09-05 02:26:11
CHEMBL102620,TDP43_v2,-6.6,777,-6.4000;-5.7000;-6.6000,ok,2026-09-05 02:26:45
CHEMBL102632,TDP43_v2,-5.6,777,-5.4000;-5.5000;-5.6000,ok,2026-09-05 02:26:51
CHEMBL102698,TDP43_v2,-6.4,42,-6.4000;-6.3000;-6.0000,ok,2026-09-05 02:27:08
CHEMBL10270,TDP43_v2,-5.4,777,-5.3000;-5.3000;-5.4000,ok,2026-09-05 02:27:14
CHEMBL102714,TDP43_v2,-5.6,42,-5.6000;-5.6000;-5.6000,ok,2026-09-05 02:27:23
CHEMBL10272,TDP43_v2,-6.0,777,-5.7000;-5.8000;-6.0000,ok,2026-09-05 02:27:32
CHEMBL102726,TDP43_v2,-6.3,777,-6.1000;-6.2000;-6.3000,ok,2026-09-05 02:27:38
CHEMBL102740,TDP43_v2,-5.9,42,-5.9000;-5.5000;-5.3000,ok,2026-09-05 02:27:45
CHEMBL102785,TDP43_v2,-5.8,2026,-5.4000;-5.8000;-5.0000,ok,2026-09-05 02:28:12
CHEMBL102798,TDP43_v2,-6.0,42,-6.0000;-5.9000;-5.6000,ok,2026-09-05 02:28:43
CHEMBL10284,TDP43_v2,-6.7,42,-6.7000;-6.2000;-6.4000,ok,2026-09-05 02:28:53
CHEMBL10289,TDP43_v2,-6.0,42,-6.0000;-6.0000;-6.0000,ok,2026-09-05 02:28:59
CHEMBL102900,TDP43_v2,-6.5,42,-6.5000;-6.5000;-6.5000,ok,2026-09-05 02:29:05
CHEMBL102901,TDP43_v2,-6.4,777,-5.7000;-6.1000;-6.4000,ok,2026-09-05 02:29:21
CHEMBL102914,TDP43_v2,-6.6,42,-6.6000;-6.2000;-6.0000,ok,2026-09-05 02:29:27
CHEMBL102926,TDP43_v2,-6.5,42,-6.5000;-6.4000;-6.2000,ok,2026-09-05 02:29:40
CHEMBL102941,TDP43_v2,-4.9,42,-4.9000;-4.9000;-4.6000,ok,2026-09-05 02:30:02
CHEMBL102953,TDP43_v2,-5.1,42,-5.1000;-5.1000;-5.1000,ok,2026-09-05 02:30:08
CHEMBL102970,TDP43_v2,-5.6,777,-5.5000;-5.4000;-5.6000,ok,2026-09-05 02:30:14
CHEMBL103009,TDP43_v2,-5.1,2026,-4.9000;-5.1000;-4.9000,ok,2026-09-05 02:30:21
CHEMBL103010,TDP43_v2,-5.3,42,-5.3000;-5.3000;-5.3000,ok,2026-09-05 02:30:27
CHEMBL103043,TDP43_v2,-8.8,42,-8.8000;-8.8000;-8.8000,ok,2026-09-05 02:30:34
CHEMBL103046,TDP43_v2,-6.7,42,-6.7000;-6.6000;-6.7000,ok,2026-09-05 02:30:49
CHEMBL103055,TDP43_v2,-8.5,42,-8.5000;-8.4000;-8.5000,ok,2026-09-05 02:30:56
CHEMBL103081,TDP43_v2,-7.2,42,-7.2000;-7.1000;-7.1000,ok,2026-09-05 02:31:09
CHEMBL103152,TDP43_v2,-5.6,42,-5.6000;-5.5000;-5.6000,ok,2026-09-05 02:31:15
CHEMBL10316,TDP43_v2,-6.2,2026,-6.1000;-6.2000;-6.1000,ok,2026-09-05 02:31:21
CHEMBL103176,TDP43_v2,-4.5,2026,-4.1000;-4.5000;-4.3000,ok,2026-09-05 02:33:32
CHEMBL103214,TDP43_v2,-6.5,42,-6.5000;-5.9000;-6.4000,ok,2026-09-05 02:33:59
CHEMBL103238,TDP43_v2,-5.7,42,-5.7000;-5.0000;-4.9000,ok,2026-09-05 02:34:42
CHEMBL103247,TDP43_v2,-4.2,42,-4.2000;-4.2000;-4.2000,ok,2026-09-05 02:34:49
CHEMBL103283,TDP43_v2,-5.0,42,-5.0000;-5.0000;-5.0000,ok,2026-09-05 02:34:55
CHEMBL103296,TDP43_v2,-5.6,777,-5.4000;-5.4000;-5.6000,ok,2026-09-05 02:35:01
CHEMBL103307,TDP43_v2,-6.6,42,-6.6000;-6.6000;-6.6000,ok,2026-09-05 02:35:08
CHEMBL10334,TDP43_v2,-6.3,777,-5.2000;-5.7000;-6.3000,ok,2026-09-05 02:35:17
CHEMBL103402,TDP43_v2,-6.3,2026,-6.2000;-6.3000;-6.3000,ok,2026-09-05 02:35:30
CHEMBL103410,TDP43_v2,-6.9,42,-6.9000;-5.9000;-6.0000,ok,2026-09-05 02:35:42
CHEMBL103418,TDP43_v2,-6.8,777,-5.5000;-5.7000;-6.8000,ok,2026-09-05 02:35:52
CHEMBL103421,TDP43_v2,-9.1,42,-9.1000;-9.1000;-9.1000,ok,2026-09-05 02:36:02
CHEMBL103441,TDP43_v2,-5.2,777,-5.1000;-5.0000;-5.2000,ok,2026-09-05 02:36:08
CHEMBL103442,TDP43_v2,-7.3,2026,-6.3000;-7.3000;-7.3000,ok,2026-09-05 02:36:27
CHEMBL103464,TDP43_v2,-6.7,2026,-6.6000;-6.7000;-6.4000,ok,2026-09-05 02:36:33
CHEMBL10347,TDP43_v2,-6.9,42,-6.9000;-6.5000;-6.9000,ok,2026-09-05 02:36:40
CHEMBL103489,TDP43_v2,-5.2,2026,-5.1000;-5.2000;-5.2000,ok,2026-09-05 02:36:46
CHEMBL103504,TDP43_v2,-6.2,2026,-6.1000;-6.2000;-6.2000,ok,2026-09-05 02:36:53
CHEMBL103506,TDP43_v2,-8.1,42,-8.1000;-8.1000;-8.1000,ok,2026-09-05 02:36:59
CHEMBL103512,TDP43_v2,-4.3,42,-4.3000;-4.2000;-4.2000,ok,2026-09-05 02:37:09
CHEMBL103552,TDP43_v2,-6.2,2026,-6.0000;-6.2000;-6.1000,ok,2026-09-05 02:37:25
CHEMBL103563,TDP43_v2,-6.5,42,-6.5000;-6.0000;-6.0000,ok,2026-09-05 02:37:37
CHEMBL103579,TDP43_v2,-5.5,42,-5.5000;-5.2000;-5.4000,ok,2026-09-05 02:37:47
CHEMBL103592,TDP43_v2,-7.3,42,-7.3000;-6.6000;-6.5000,ok,2026-09-05 02:38:02
CHEMBL103600,TDP43_v2,-6.4,42,-6.4000;-6.3000;-6.1000,ok,2026-09-05 02:38:12
CHEMBL103622,TDP43_v2,-4.4,42,-4.4000;-4.4000;-4.2000,ok,2026-09-05 02:38:18
CHEMBL103623,TDP43_v2,-7.9,2026,-7.8000;-7.9000;-7.6000,ok,2026-09-05 02:38:27
CHEMBL103628,TDP43_v2,-9.3,42,-9.3000;-9.3000;-9.3000,ok,2026-09-05 02:38:34
CHEMBL103667,TDP43_v2,-6.9,42,-6.9000;-6.6000;-6.2000,ok,2026-09-05 02:38:59
CHEMBL103686,TDP43_v2,-5.1,2026,-5.0000;-5.1000;-5.1000,ok,2026-09-05 02:39:05
CHEMBL103701,TDP43_v2,-7.6,777,-6.5000;-6.5000;-7.6000,ok,2026-09-05 02:39:12
CHEMBL10372,TDP43_v2,-6.8,42,-6.8000;-6.4000;-6.7000,ok,2026-09-05 02:39:24
CHEMBL103735,TDP43_v2,-5.2,42,-5.2000;-4.9000;-5.0000,ok,2026-09-05 02:39:34
CHEMBL103746,TDP43_v2,-5.8,42,-5.8000;-5.7000;-5.8000,ok,2026-09-05 02:39:40
CHEMBL103772,TDP43_v2,-6.1,42,-6.1000;-6.1000;-6.1000,ok,2026-09-05 02:39:47
CHEMBL103820,TDP43_v2,-6.3,42,-6.3000;-6.1000;-6.3000,ok,2026-09-05 02:40:02
CHEMBL103857,TDP43_v2,-4.4,2026,-4.3000;-4.4000;-4.3000,ok,2026-09-05 02:40:09
CHEMBL103871,TDP43_v2,-6.2,2026,-6.0000;-6.2000;-6.1000,ok,2026-09-05 02:40:15
CHEMBL103878,TDP43_v2,-5.1,42,-5.1000;-5.1000;-5.0000,ok,2026-09-05 02:40:22
CHEMBL1039,TDP43_v2,-5.0,42,-5.0000;-5.0000;-4.8000,ok,2026-09-05 02:40:28
CHEMBL103900,TDP43_v2,-6.4,42,-6.4000;-5.9000;-5.8000,ok,2026-09-05 02:40:34
CHEMBL103912,TDP43_v2,-4.5,42,-4.5000;-4.5000;-4.4000,ok,2026-09-05 02:40:41
CHEMBL103919,TDP43_v2,-5.7,777,-5.6000;-5.6000;-5.7000,ok,2026-09-05 02:40:47
CHEMBL103936,TDP43_v2,-6.6,2026,-6.5000;-6.6000;-6.5000,ok,2026-09-05 02:40:54
CHEMBL103951,TDP43_v2,-6.0,777,-5.8000;-5.7000;-6.0000,ok,2026-09-05 02:41:00
CHEMBL103955,TDP43_v2,-5.7,2026,-5.5000;-5.7000;-5.6000,ok,2026-09-05 02:41:16
CHEMBL10396,TDP43_v2,-7.0,42,-7.0000;-7.0000;-7.0000,ok,2026-09-05 02:41:22
CHEMBL104021,TDP43_v2,-5.1,777,-4.9000;-4.8000;-5.1000,ok,2026-09-05 02:41:44
CHEMBL104024,TDP43_v2,-5.5,42,-5.5000;-5.2000;-5.5000,ok,2026-09-05 02:41:50
CHEMBL104035,TDP43_v2,-5.9,2026,-5.8000;-5.9000;-5.8000,ok,2026-09-05 02:42:00
CHEMBL104041,TDP43_v2,-6.7,2026,-6.6000;-6.7000;-6.6000,ok,2026-09-05 02:42:09
CHEMBL104049,TDP43_v2,-6.0,42,-6.0000;-5.9000;-6.0000,ok,2026-09-05 02:42:19
CHEMBL104058,TDP43_v2,-7.0,777,-6.7000;-6.9000;-7.0000,ok,2026-09-05 02:42:28
CHEMBL104063,TDP43_v2,-6.5,777,-5.9000;-6.0000;-6.5000,ok,2026-09-05 02:42:38
CHEMBL104079,TDP43_v2,-5.9,42,-5.9000;-5.8000;-5.6000,ok,2026-09-05 02:42:51
CHEMBL10408,TDP43_v2,-5.7,42,-5.7000;-5.7000;-5.6000,ok,2026-09-05 02:42:57
CHEMBL104083,TDP43_v2,-3.4,42,-3.4000;-3.4000;-3.4000,ok,2026-09-05 02:43:03
CHEMBL104089,TDP43_v2,-5.8,42,-5.8000;-5.6000;-5.6000,ok,2026-09-05 02:43:13
CHEMBL10413,TDP43_v2,-5.9,777,-5.7000;-5.7000;-5.9000,ok,2026-09-05 02:43:22
CHEMBL104135,TDP43_v2,-4.5,42,-4.5000;-4.4000;-4.4000,ok,2026-09-05 02:43:29
CHEMBL104144,TDP43_v2,-7.3,777,-7.2000;-7.1000;-7.3000,ok,2026-09-05 02:43:39
CHEMBL104155,TDP43_v2,-7.1,42,-7.1000;-6.9000;-7.0000,ok,2026-09-05 02:43:48
CHEMBL104160,TDP43_v2,-6.8,42,-6.8000;-6.8000;-6.7000,ok,2026-09-05 02:43:58
CHEMBL104166,TDP43_v2,-7.1,777,-6.9000;-6.6000;-7.1000,ok,2026-09-05 02:44:13
CHEMBL104169,TDP43_v2,-6.4,777,-6.3000;-6.3000;-6.4000,ok,2026-09-05 02:44:20
CHEMBL104186,TDP43_v2,-5.5,42,-5.5000;-5.4000;-4.6000,ok,2026-09-05 02:44:32
CHEMBL104196,TDP43_v2,-6.4,42,-6.4000;-6.4000;-6.4000,ok,2026-09-05 02:44:42
CHEMBL104200,TDP43_v2,-5.4,42,-5.4000;-5.4000;-5.3000,ok,2026-09-05 02:44:48
CHEMBL104201,TDP43_v2,-6.3,2026,-6.2000;-6.3000;-6.2000,ok,2026-09-05 02:44:58
CHEMBL104216,TDP43_v2,-5.6,42,-5.6000;-5.5000;-5.5000,ok,2026-09-05 02:45:07
CHEMBL104229,TDP43_v2,-7.6,2026,-7.4000;-7.6000;-7.5000,ok,2026-09-05 02:45:17
CHEMBL104238,TDP43_v2,-6.2,42,-6.2000;-6.2000;-6.1000,ok,2026-09-05 02:45:26
CHEMBL104245,TDP43_v2,-6.1,2026,-5.4000;-6.1000;-6.0000,ok,2026-09-05 02:45:33
CHEMBL104255,TDP43_v2,-6.1,2026,-6.0000;-6.1000;-6.0000,ok,2026-09-05 02:45:39
CHEMBL104256,TDP43_v2,-7.2,42,-7.2000;-6.7000;-6.5000,ok,2026-09-05 02:45:49
CHEMBL104261,TDP43_v2,-6.6,42,-6.6000;-6.6000;-6.6000,ok,2026-09-05 02:45:55
CHEMBL104264,TDP43_v2,-6.8,42,-6.8000;-6.6000;-6.1000,ok,2026-09-05 02:46:07
CHEMBL104273,TDP43_v2,-7.8,42,-7.8000;-7.8000;-7.4000,ok,2026-09-05 02:46:17
CHEMBL104291,TDP43_v2,-5.8,777,-5.5000;-5.4000;-5.8000,ok,2026-09-05 02:46:27
CHEMBL104307,TDP43_v2,-6.5,42,-6.5000;-6.2000;-6.4000,ok,2026-09-05 02:46:36
CHEMBL104310,TDP43_v2,-6.3,42,-6.3000;-6.3000;-6.3000,ok,2026-09-05 02:46:43
CHEMBL104321,TDP43_v2,-8.3,42,-8.3000;-7.9000;-7.7000,ok,2026-09-05 02:46:52
CHEMBL104323,TDP43_v2,-7.1,42,-7.1000;-7.1000;-7.1000,ok,2026-09-05 02:47:02
CHEMBL10433,TDP43_v2,-7.8,42,-7.8000;-7.7000;-7.7000,ok,2026-09-05 02:47:14
CHEMBL104334,TDP43_v2,-5.8,2026,-4.9000;-5.8000;-5.6000,ok,2026-09-05 02:47:39
CHEMBL104355,TDP43_v2,-5.4,42,-5.4000;-5.3000;-5.1000,ok,2026-09-05 02:47:49
CHEMBL104378,TDP43_v2,-5.7,42,-5.7000;-5.3000;-5.7000,ok,2026-09-05 02:47:58
CHEMBL104380,TDP43_v2,-7.6,42,-7.6000;-6.5000;-6.7000,ok,2026-09-05 02:48:08
CHEMBL104383,TDP43_v2,-5.7,42,-5.7000;-5.6000;-5.7000,ok,2026-09-05 02:48:17
CHEMBL104399,TDP43_v2,-5.6,42,-5.6000;-5.6000;-5.6000,ok,2026-09-05 02:48:27
CHEMBL1044,TDP43_v2,-6.1,2026,-6.0000;-6.1000;-6.1000,ok,2026-09-05 02:48:33
CHEMBL10443,TDP43_v2,-6.9,42,-6.9000;-6.9000;-6.9000,ok,2026-09-05 02:48:40
CHEMBL104431,TDP43_v2,-5.6,42,-5.6000;-5.5000;-5.3000,ok,2026-09-05 02:48:49
CHEMBL104432,TDP43_v2,-6.3,2026,-6.0000;-6.3000;-6.3000,ok,2026-09-05 02:48:59
CHEMBL104444,TDP43_v2,-6.3,42,-6.3000;-6.3000;-6.3000,ok,2026-09-05 02:49:05
CHEMBL104446,TDP43_v2,-6.0,42,-6.0000;-5.3000;-5.9000,ok,2026-09-05 02:49:15
CHEMBL10445,TDP43_v2,-6.2,777,-4.7000;-5.5000;-6.2000,ok,2026-09-05 02:49:30
CHEMBL104453,TDP43_v2,-5.2,42,-5.2000;-5.2000;-5.2000,ok,2026-09-05 02:49:37
CHEMBL104476,TDP43_v2,-5.7,777,-5.3000;-5.6000;-5.7000,ok,2026-09-05 02:49:46
CHEMBL104485,TDP43_v2,-5.8,2026,-5.6000;-5.8000;-5.7000,ok,2026-09-05 02:49:56
CHEMBL104497,TDP43_v2,-8.0,42,-8.0000;-7.8000;-7.9000,ok,2026-09-05 02:50:05
CHEMBL104498,TDP43_v2,-7.0,777,-6.3000;-5.8000;-7.0000,ok,2026-09-05 02:50:15
CHEMBL1045,TDP43_v2,-5.8,42,-5.8000;-5.8000;-5.7000,ok,2026-09-05 02:50:21
CHEMBL104515,TDP43_v2,-7.2,2026,-6.8000;-7.2000;-6.4000,ok,2026-09-05 02:50:31
CHEMBL104539,TDP43_v2,-5.9,2026,-5.8000;-5.9000;-5.7000,ok,2026-09-05 02:50:37
CHEMBL10454,TDP43_v2,-7.0,42,-7.0000;-6.9000;-6.9000,ok,2026-09-05 02:50:53
CHEMBL104543,TDP43_v2,-5.2,2026,-4.7000;-5.2000;-4.9000,ok,2026-09-05 02:52:13
CHEMBL104550,TDP43_v2,-5.8,42,-5.8000;-5.5000;-5.6000,ok,2026-09-05 02:52:22
CHEMBL10456,TDP43_v2,-7.4,42,-7.4000;-7.4000;-7.4000,ok,2026-09-05 02:52:44
CHEMBL104560,TDP43_v2,-5.0,777,-4.9000;-4.9000;-5.0000,ok,2026-09-05 02:52:50
CHEMBL104565,TDP43_v2,-6.5,777,-5.6000;-6.0000;-6.5000,ok,2026-09-05 02:52:57
CHEMBL104579,TDP43_v2,-6.5,777,-6.0000;-6.1000;-6.5000,ok,2026-09-05 02:53:06
CHEMBL104599,TDP43_v2,-5.6,2026,-5.2000;-5.6000;-5.3000,ok,2026-09-05 02:53:32
CHEMBL104614,TDP43_v2,-7.7,42,-7.7000;-6.8000;-7.6000,ok,2026-09-05 02:53:41
CHEMBL104673,TDP43_v2,-6.1,777,-5.9000;-6.0000;-6.1000,ok,2026-09-05 02:53:51
CHEMBL104678,TDP43_v2,-7.4,42,-7.4000;-7.1000;-7.0000,ok,2026-09-05 02:54:01
CHEMBL104681,TDP43_v2,-5.4,42,-5.4000;-4.8000;-5.3000,ok,2026-09-05 02:54:13
CHEMBL1047,TDP43_v2,-6.2,2026,-6.1000;-6.2000;-6.2000,ok,2026-09-05 02:54:35
CHEMBL104713,TDP43_v2,-7.3,2026,-7.1000;-7.3000;-7.1000,ok,2026-09-05 02:54:47
CHEMBL104716,TDP43_v2,-7.1,42,-7.1000;-7.0000;-6.8000,ok,2026-09-05 02:54:57
CHEMBL104719,TDP43_v2,-7.7,2026,-7.6000;-7.7000;-7.6000,ok,2026-09-05 02:55:06
CHEMBL104722,TDP43_v2,-6.3,42,-6.3000;-5.8000;-5.7000,ok,2026-09-05 02:55:40
CHEMBL104751,TDP43_v2,-6.2,2026,-6.0000;-6.2000;-6.1000,ok,2026-09-05 02:55:49
CHEMBL104778,TDP43_v2,-6.0,2026,-5.9000;-6.0000;-5.8000,ok,2026-09-05 02:55:56
CHEMBL104783,TDP43_v2,-4.8,2026,-4.7000;-4.8000;-4.5000,ok,2026-09-05 02:57:29
CHEMBL104788,TDP43_v2,-7.8,777,-7.6000;-7.2000;-7.8000,ok,2026-09-05 02:57:38
CHEMBL104800,TDP43_v2,-7.6,42,-7.6000;-6.5000;-5.7000,ok,2026-09-05 02:57:48
CHEMBL104801,TDP43_v2,-5.5,42,-5.5000;-5.5000;-5.5000,ok,2026-09-05 02:57:57
CHEMBL104815,TDP43_v2,-6.6,42,-6.6000;-6.6000;-6.6000,ok,2026-09-05 02:58:18
CHEMBL104829,TDP43_v2,-6.2,777,-6.0000;-5.6000;-6.2000,ok,2026-09-05 02:58:40
CHEMBL104832,TDP43_v2,-7.2,2026,-6.5000;-7.2000;-7.2000,ok,2026-09-05 02:58:49
CHEMBL104844,TDP43_v2,-6.5,777,-5.7000;-5.6000;-6.5000,ok,2026-09-05 02:58:59
CHEMBL104873,TDP43_v2,-5.9,2026,-5.8000;-5.9000;-5.6000,ok,2026-09-05 02:59:08
CHEMBL104875,TDP43_v2,-5.1,2026,-5.0000;-5.1000;-4.9000,ok,2026-09-05 02:59:14
CHEMBL1049,TDP43_v2,-4.9,42,-4.9000;-4.9000;-4.9000,ok,2026-09-05 02:59:21
CHEMBL104901,TDP43_v2,-5.5,42,-5.5000;-5.5000;-5.5000,ok,2026-09-05 02:59:27
CHEMBL104917,TDP43_v2,-5.5,777,-5.4000;-5.4000;-5.5000,ok,2026-09-05 02:59:34
CHEMBL104937,TDP43_v2,-7.7,42,-7.7000;-7.7000;-7.7000,ok,2026-09-05 02:59:40
CHEMBL104943,TDP43_v2,-3.0,42,-3.0000;-3.0000;-3.0000,ok,2026-09-05 02:59:47
CHEMBL10495,TDP43_v2,-6.9,42,-6.9000;-6.9000;-6.8000,ok,2026-09-05 02:59:53
CHEMBL104966,TDP43_v2,-5.5,2026,-5.1000;-5.5000;-4.2000,ok,2026-09-05 03:01:20
CHEMBL1050,TDP43_v2,-6.2,2026,-5.9000;-6.2000;-5.5000,ok,2026-09-05 03:01:39
CHEMBL105011,TDP43_v2,-7.5,2026,-7.3000;-7.5000;-7.5000,ok,2026-09-05 03:01:48
CHEMBL105060,TDP43_v2,-7.7,777,-7.3000;-7.2000;-7.7000,ok,2026-09-05 03:02:16
CHEMBL105076,TDP43_v2,-5.6,777,-5.4000;-5.1000;-5.6000,ok,2026-09-05 03:02:25
CHEMBL105087,TDP43_v2,-5.7,42,-5.7000;-5.7000;-5.6000,ok,2026-09-05 03:02:35
CHEMBL105139,TDP43_v2,-5.5,2026,-5.4000;-5.5000;-5.5000,ok,2026-09-05 03:02:41
CHEMBL105142,TDP43_v2,-5.3,777,-4.8000;-4.6000;-5.3000,ok,2026-09-05 03:02:51
CHEMBL105172,TDP43_v2,-7.0,42,-7.0000;-7.0000;-7.0000,ok,2026-09-05 03:03:00
CHEMBL105181,TDP43_v2,-5.8,777,-5.6000;-5.6000;-5.8000,ok,2026-09-05 03:03:10
CHEMBL105184,TDP43_v2,-5.0,42,-5.0000;-4.9000;-5.0000,ok,2026-09-05 03:03:22
CHEMBL105204,TDP43_v2,-6.4,42,-6.4000;-6.4000;-5.6000,ok,2026-09-05 03:03:32
CHEMBL105206,TDP43_v2,-7.0,42,-7.0000;-7.0000;-7.0000,ok,2026-09-05 03:03:45
CHEMBL105232,TDP43_v2,-5.3,777,-5.0000;-5.1000;-5.3000,ok,2026-09-05 03:03:54
CHEMBL105234,TDP43_v2,-5.8,42,-5.8000;-5.4000;-5.2000,ok,2026-09-05 03:04:03
CHEMBL105279,TDP43_v2,-5.6,2026,-5.5000;-5.6000;-5.4000,ok,2026-09-05 03:04:25
CHEMBL105304,TDP43_v2,-6.9,777,-6.7000;-6.8000;-6.9000,ok,2026-09-05 03:04:35
CHEMBL105310,TDP43_v2,-6.7,777,-6.4000;-6.4000;-6.7000,ok,2026-09-05 03:04:41
CHEMBL105311,TDP43_v2,-5.3,777,-4.8000;-4.8000;-5.3000,ok,2026-09-05 03:05:24
CHEMBL105312,TDP43_v2,-5.8,2026,-5.7000;-5.8000;-5.4000,ok,2026-09-05 03:05:33
CHEMBL105315,TDP43_v2,-8.1,777,-8.0000;-8.0000;-8.1000,ok,2026-09-05 03:05:40
CHEMBL105317,TDP43_v2,-6.5,2026,-6.3000;-6.5000;-6.5000,ok,2026-09-05 03:05:49
CHEMBL105318,TDP43_v2,-5.0,42,-5.0000;-5.0000;-5.0000,ok,2026-09-05 03:05:56
CHEMBL105350,TDP43_v2,-7.0,42,-7.0000;-6.7000;-7.0000,ok,2026-09-05 03:06:05
CHEMBL105354,TDP43_v2,-7.0,42,-7.0000;-7.0000;-6.7000,ok,2026-09-05 03:06:15
CHEMBL105360,TDP43_v2,-7.3,2026,-6.7000;-7.3000;-6.0000,ok,2026-09-05 03:06:24
CHEMBL105390,TDP43_v2,-7.7,777,-7.3000;-7.4000;-7.7000,ok,2026-09-05 03:06:34
CHEMBL105422,TDP43_v2,-6.0,42,-6.0000;-5.8000;-5.3000,ok,2026-09-05 03:06:59
CHEMBL105424,TDP43_v2,-5.3,777,-4.9000;-5.2000;-5.3000,ok,2026-09-05 03:07:06
CHEMBL105432,TDP43_v2,-5.9,42,-5.9000;-5.8000;-5.9000,ok,2026-09-05 03:07:12
CHEMBL105433,TDP43_v2,-5.5,42,-5.5000;-5.5000;-5.5000,ok,2026-09-05 03:07:18
CHEMBL105442,TDP43_v2,-5.7,2026,-5.6000;-5.7000;-5.6000,ok,2026-09-05 03:07:28
CHEMBL105454,TDP43_v2,-8.2,777,-7.2000;-7.3000;-8.2000,ok,2026-09-05 03:07:37
CHEMBL105471,TDP43_v2,-3.8,42,-3.8000;-3.8000;-3.8000,ok,2026-09-05 03:07:44
CHEMBL105477,TDP43_v2,-8.7,42,-8.7000;-8.6000;-8.7000,ok,2026-09-05 03:07:50
CHEMBL105496,TDP43_v2,-7.1,777,-6.5000;-6.8000;-7.1000,ok,2026-09-05 03:07:57
CHEMBL105499,TDP43_v2,-6.5,2026,-6.3000;-6.5000;-6.4000,ok,2026-09-05 03:08:10
CHEMBL105509,TDP43_v2,-5.4,777,-5.3000;-5.2000;-5.4000,ok,2026-09-05 03:08:16
CHEMBL105512,TDP43_v2,-4.7,2026,-4.4000;-4.7000;-4.7000,ok,2026-09-05 03:08:22
CHEMBL105535,TDP43_v2,-5.6,42,-5.6000;-5.5000;-5.0000,ok,2026-09-05 03:08:41
CHEMBL105540,TDP43_v2,-5.2,42,-5.2000;-5.2000;-5.2000,ok,2026-09-05 03:08:47
CHEMBL105564,TDP43_v2,-5.1,2026,-4.8000;-5.1000;-4.9000,ok,2026-09-05 03:08:57
CHEMBL10557,TDP43_v2,-6.1,2026,-5.9000;-6.1000;-5.5000,ok,2026-09-05 03:09:06
CHEMBL105595,TDP43_v2,-6.9,2026,-6.5000;-6.9000;-6.6000,ok,2026-09-05 03:09:16
CHEMBL1056,TDP43_v2,-5.7,2026,-5.2000;-5.7000;-5.2000,ok,2026-09-05 03:09:32
CHEMBL105601,TDP43_v2,-7.8,42,-7.8000;-6.8000;-6.9000,ok,2026-09-05 03:09:41
CHEMBL105608,TDP43_v2,,,,"error:returncode=1 orking/masive_als_tdp43v4/ligandos/CHEMBL105608_out.pdbqt
Reading input ... done.


Parse error on line 68 in file ""/kaggle/working/masive_als_tdp43v4/ligandos/CHEMBL105608.pdbqt"": Unknown or inappropriate tag
No valid ligands in the input directory
 | returncode=1 orking/masive_als_tdp43v4/ligandos/CHEMBL105608_out.pdbqt
Reading input ... done.


Parse error on line 68 in file ""/kaggle/working/masive_als_tdp43v4/ligandos/CHEMBL105608.pdbqt"": Unknown or inappropriate tag
No valid ligands in the input directory
 | returncode=1 orking/masive_als_tdp43v4/ligandos/CHEMBL105608_out.pdbqt
Reading input ... done.


Parse error on line 68 in file ""/kaggle/working/masive_als_tdp43v4/ligandos/CHEMBL105608.pdbqt"": Unknown or inappropriate tag
No valid ligands in the input directory
",2026-09-05 03:09:41
CHEMBL105620,TDP43_v2,-8.8,42,-8.8000;-8.8000;-8.8000,ok,2026-09-05 03:09:48
CHEMBL105623,TDP43_v2,-5.1,777,-5.0000;-5.0000;-5.1000,ok,2026-09-05 03:09:54
CHEMBL105661,TDP43_v2,-5.8,2026,-5.5000;-5.8000;-5.6000,ok,2026-09-05 03:10:04
CHEMBL105665,TDP43_v2,-6.1,777,-6.0000;-6.0000;-6.1000,ok,2026-09-05 03:10:13
CHEMBL105686,TDP43_v2,-5.7,777,-5.4000;-5.3000;-5.7000,ok,2026-09-05 03:10:23
CHEMBL105690,TDP43_v2,-5.6,777,-5.4000;-5.5000;-5.6000,ok,2026-09-05 03:10:32
CHEMBL105696,TDP43_v2,-5.5,42,-5.5000;-5.5000;-5.5000,ok,2026-09-05 03:10:42
CHEMBL10570,TDP43_v2,-5.5,42,-5.5000;-5.5000;-5.5000,ok,2026-09-05 03:10:48
CHEMBL105708,TDP43_v2,-5.5,2026,-4.7000;-5.5000;-4.9000,ok,2026-09-05 03:11:07
CHEMBL105720,TDP43_v2,-6.0,2026,-5.6000;-6.0000;-5.8000,ok,2026-09-05 03:11:17
CHEMBL105739,TDP43_v2,-7.7,42,-7.7000;-7.7000;-7.7000,ok,2026-09-05 03:11:23
CHEMBL105745,TDP43_v2,-6.1,42,-6.1000;-6.0000;-6.0000,ok,2026-09-05 03:11:36
CHEMBL1058,TDP43_v2,-6.2,42,-6.2000;-6.2000;-6.2000,ok,2026-09-05 03:11:42
CHEMBL105809,TDP43_v2,-4.9,777,-4.6000;-4.6000;-4.9000,ok,2026-09-05 03:11:48
CHEMBL105817,TDP43_v2,-6.3,2026,-5.9000;-6.3000;-6.0000,ok,2026-09-05 03:11:55
CHEMBL105836,TDP43_v2,-6.3,777,-6.1000;-6.1000;-6.3000,ok,2026-09-05 03:12:08
CHEMBL105867,TDP43_v2,-5.4,2026,-5.2000;-5.4000;-4.8000,ok,2026-09-05 03:12:23
CHEMBL105874,TDP43_v2,-6.3,42,-6.3000;-6.3000;-6.2000,ok,2026-09-05 03:12:33
CHEMBL105890,TDP43_v2,-5.7,42,-5.7000;-5.5000;-5.3000,ok,2026-09-05 03:12:51
CHEMBL105894,TDP43_v2,-5.4,42,-5.4000;-5.2000;-5.3000,ok,2026-09-05 03:13:01
CHEMBL105912,TDP43_v2,-5.9,2026,-5.8000;-5.9000;-5.8000,ok,2026-09-05 03:13:07
CHEMBL105962,TDP43_v2,-6.1,777,-5.8000;-5.4000;-6.1000,ok,2026-09-05 03:13:25
CHEMBL105977,TDP43_v2,-5.1,42,-5.1000;-5.0000;-5.1000,ok,2026-09-05 03:13:31
CHEMBL106007,TDP43_v2,-5.6,777,-5.3000;-5.3000;-5.6000,ok,2026-09-05 03:13:41
CHEMBL106016,TDP43_v2,-6.0,777,-5.3000;-4.7000;-6.0000,ok,2026-09-05 03:14:12
CHEMBL106027,TDP43_v2,-5.9,42,-5.9000;-5.8000;-5.8000,ok,2026-09-05 03:14:18
CHEMBL106047,TDP43_v2,-5.3,42,-5.3000;-5.3000;-5.3000,ok,2026-09-05 03:14:24
CHEMBL106061,TDP43_v2,-8.9,42,-8.9000;-8.9000;-8.9000,ok,2026-09-05 03:14:31
CHEMBL106082,TDP43_v2,-5.1,777,-5.0000;-5.0000;-5.1000,ok,2026-09-05 03:14:54
CHEMBL106096,TDP43_v2,-5.9,42,-5.9000;-5.9000;-5.8000,ok,2026-09-05 03:15:06
CHEMBL106119,TDP43_v2,-7.6,2026,-7.5000;-7.6000;-7.6000,ok,2026-09-05 03:15:16
CHEMBL106169,TDP43_v2,-6.9,2026,-6.8000;-6.9000;-6.6000,ok,2026-09-05 03:15:26
CHEMBL106175,TDP43_v2,-5.0,42,-5.0000;-5.0000;-4.9000,ok,2026-09-05 03:15:32
CHEMBL106187,TDP43_v2,-7.1,2026,-6.3000;-7.1000;-7.1000,ok,2026-09-05 03:15:54
CHEMBL106208,TDP43_v2,-8.1,2026,-7.9000;-8.1000;-7.8000,ok,2026-09-05 03:16:06
CHEMBL106253,TDP43_v2,-6.4,777,-5.6000;-5.2000;-6.4000,ok,2026-09-05 03:16:46
CHEMBL106265,TDP43_v2,-5.3,2026,-5.2000;-5.3000;-5.3000,ok,2026-09-05 03:16:52
CHEMBL106296,TDP43_v2,-5.1,777,-4.6000;-4.2000;-5.1000,ok,2026-09-05 03:18:24
CHEMBL1063,TDP43_v2,-6.1,42,-6.1000;-6.0000;-6.1000,ok,2026-09-05 03:18:31
CHEMBL10634,TDP43_v2,-6.7,42,-6.7000;-6.7000;-6.7000,ok,2026-09-05 03:18:37
CHEMBL106348,TDP43_v2,-5.0,42,-5.0000;-4.6000;-5.0000,ok,2026-09-05 03:18:59
CHEMBL106384,TDP43_v2,-9.0,42,-9.0000;-9.0000;-9.0000,ok,2026-09-05 03:19:06
CHEMBL106425,TDP43_v2,-5.8,42,-5.8000;-5.7000;-5.6000,ok,2026-09-05 03:19:12
CHEMBL106432,TDP43_v2,-6.1,42,-6.1000;-6.1000;-6.1000,ok,2026-09-05 03:19:19
CHEMBL106502,TDP43_v2,-6.7,42,-6.7000;-6.0000;-6.1000,ok,2026-09-05 03:19:45
CHEMBL106509,TDP43_v2,-6.0,42,-6.0000;-6.0000;-6.0000,ok,2026-09-05 03:19:52
CHEMBL106539,TDP43_v2,-5.7,42,-5.7000;-5.7000;-5.6000,ok,2026-09-05 03:19:58
CHEMBL106562,TDP43_v2,-6.0,42,-6.0000;-6.0000;-6.0000,ok,2026-09-05 03:20:05
CHEMBL106593,TDP43_v2,-5.2,777,-4.2000;-4.9000;-5.2000,ok,2026-09-05 03:22:02
CHEMBL106598,TDP43_v2,-6.0,42,-6.0000;-6.0000;-6.0000,ok,2026-09-05 03:22:11
CHEMBL106599,TDP43_v2,-5.5,2026,-5.2000;-5.5000;-5.5000,ok,2026-09-05 03:22:21
CHEMBL1066,TDP43_v2,-6.0,42,-6.0000;-5.8000;-6.0000,ok,2026-09-05 03:22:27
CHEMBL106660,TDP43_v2,-6.3,2026,-5.1000;-6.3000;-5.8000,ok,2026-09-05 03:22:43
CHEMBL106665,TDP43_v2,-5.6,42,-5.6000;-5.6000;-5.5000,ok,2026-09-05 03:22:52
CHEMBL106670,TDP43_v2,-6.5,42,-6.5000;-6.3000;-6.5000,ok,2026-09-05 03:23:05
CHEMBL106687,TDP43_v2,-5.0,777,-4.8000;-4.9000;-5.0000,ok,2026-09-05 03:23:28
CHEMBL1067,TDP43_v2,-6.5,42,-6.5000;-6.4000;-6.5000,ok,2026-09-05 03:23:35
CHEMBL106737,TDP43_v2,-6.7,42,-6.7000;-6.7000;-6.6000,ok,2026-09-05 03:23:44
CHEMBL106742,TDP43_v2,-7.4,2026,-7.0000;-7.4000;-7.0000,ok,2026-09-05 03:23:54
CHEMBL106751,TDP43_v2,-6.4,2026,-6.2000;-6.4000;-6.3000,ok,2026-09-05 03:24:03
CHEMBL106771,TDP43_v2,-6.8,2026,-6.7000;-6.8000;-6.6000,ok,2026-09-05 03:24:10
CHEMBL106782,TDP43_v2,-5.1,777,-5.0000;-4.8000;-5.1000,ok,2026-09-05 03:24:29
CHEMBL106824,TDP43_v2,-7.4,42,-7.4000;-7.4000;-7.4000,ok,2026-09-05 03:24:35
CHEMBL106850,TDP43_v2,-5.0,2026,-4.4000;-5.0000;-4.0000,ok,2026-09-05 03:25:55
CHEMBL106862,TDP43_v2,-6.5,42,-6.5000;-6.0000;-6.3000,ok,2026-09-05 03:26:05
CHEMBL106872,TDP43_v2,-5.6,42,-5.6000;-5.4000;-5.3000,ok,2026-09-05 03:26:49
CHEMBL106876,TDP43_v2,-7.1,2026,-6.2000;-7.1000;-6.0000,ok,2026-09-05 03:27:05
CHEMBL106880,TDP43_v2,-5.5,777,-4.8000;-5.0000;-5.5000,ok,2026-09-05 03:27:45
CHEMBL106891,TDP43_v2,-7.0,2026,-6.6000;-7.0000;-6.8000,ok,2026-09-05 03:27:54
CHEMBL106897,TDP43_v2,-7.6,42,-7.6000;-7.1000;-7.3000,ok,2026-09-05 03:28:04
CHEMBL106914,TDP43_v2,-6.7,777,-6.4000;-6.3000;-6.7000,ok,2026-09-05 03:28:13
CHEMBL106916,TDP43_v2,-7.8,42,-7.8000;-7.8000;-6.7000,ok,2026-09-05 03:28:23
CHEMBL106917,TDP43_v2,-6.5,2026,-6.2000;-6.5000;-5.6000,ok,2026-09-05 03:28:35
CHEMBL106932,TDP43_v2,-5.3,2026,-5.1000;-5.3000;-5.3000,ok,2026-09-05 03:28:54
CHEMBL106936,TDP43_v2,-5.5,42,-5.5000;-5.3000;-5.3000,ok,2026-09-05 03:29:16
CHEMBL106939,TDP43_v2,-5.3,42,-5.3000;-5.3000;-5.3000,ok,2026-09-05 03:29:22
CHEMBL106971,TDP43_v2,-4.3,777,-4.1000;-4.0000;-4.3000,ok,2026-09-05 03:29:47
CHEMBL106998,TDP43_v2,-6.9,777,-6.3000;-6.0000;-6.9000,ok,2026-09-05 03:29:56
CHEMBL107019,TDP43_v2,-6.6,777,-6.3000;-6.5000;-6.6000,ok,2026-09-05 03:30:06
CHEMBL107020,TDP43_v2,-7.5,42,-7.5000;-6.8000;-6.9000,ok,2026-09-05 03:30:15
CHEMBL107040,TDP43_v2,-6.6,42,-6.6000;-6.6000;-6.6000,ok,2026-09-05 03:30:22
CHEMBL107068,TDP43_v2,-6.3,42,-6.3000;-6.2000;-6.1000,ok,2026-09-05 03:30:31
CHEMBL107077,TDP43_v2,-5.8,42,-5.8000;-5.8000;-5.7000,ok,2026-09-05 03:30:38
CHEMBL107131,TDP43_v2,-6.8,42,-6.8000;-6.8000;-6.8000,ok,2026-09-05 03:30:44
CHEMBL107151,TDP43_v2,-7.2,42,-7.2000;-6.9000;-6.9000,ok,2026-09-05 03:30:54
CHEMBL107157,TDP43_v2,-6.2,2026,-5.8000;-6.2000;-5.6000,ok,2026-09-05 03:31:12
CHEMBL107188,TDP43_v2,-6.8,42,-6.8000;-6.0000;-6.7000,ok,2026-09-05 03:31:34
CHEMBL107201,TDP43_v2,-5.9,42,-5.9000;-5.7000;-5.7000,ok,2026-09-05 03:31:44
CHEMBL107217,TDP43_v2,,,,"error:returncode=1 orking/masive_als_tdp43v4/ligandos/CHEMBL107217_out.pdbqt
Reading input ... done.


Parse error on line 38 in file ""/kaggle/working/masive_als_tdp43v4/ligandos/CHEMBL107217.pdbqt"": Unknown or inappropriate tag
No valid ligands in the input directory
 | returncode=1 orking/masive_als_tdp43v4/ligandos/CHEMBL107217_out.pdbqt
Reading input ... done.


Parse error on line 38 in file ""/kaggle/working/masive_als_tdp43v4/ligandos/CHEMBL107217.pdbqt"": Unknown or inappropriate tag
No valid ligands in the input directory
 | returncode=1 orking/masive_als_tdp43v4/ligandos/CHEMBL107217_out.pdbqt
Reading input ... done.


Parse error on line 38 in file ""/kaggle/working/masive_als_tdp43v4/ligandos/CHEMBL107217.pdbqt"": Unknown or inappropriate tag
No valid ligands in the input directory
",2026-09-05 03:31:44
CHEMBL107229,TDP43_v2,-6.7,777,-6.6000;-6.6000;-6.7000,ok,2026-09-05 03:31:53
CHEMBL107236,TDP43_v2,-6.0,42,-6.0000;-6.0000;-6.0000,ok,2026-09-05 03:32:00
CHEMBL107251,TDP43_v2,-6.5,777,-6.3000;-6.4000;-6.5000,ok,2026-09-05 03:32:06
CHEMBL107254,TDP43_v2,-6.4,777,-6.3000;-6.0000;-6.4000,ok,2026-09-05 03:32:28
CHEMBL107316,TDP43_v2,-6.3,777,-5.7000;-5.9000;-6.3000,ok,2026-09-05 03:32:37
CHEMBL107334,TDP43_v2,-5.5,2026,-5.4000;-5.5000;-5.5000,ok,2026-09-05 03:32:44
CHEMBL107338,TDP43_v2,-7.8,42,-7.8000;-7.7000;-7.7000,ok,2026-09-05 03:32:53
CHEMBL107351,TDP43_v2,-5.8,42,-5.8000;-5.4000;-5.4000,ok,2026-09-05 03:33:03
CHEMBL107360,TDP43_v2,-6.4,42,-6.4000;-6.4000;-6.4000,ok,2026-09-05 03:33:09
CHEMBL107364,TDP43_v2,-5.5,42,-5.5000;-5.5000;-5.4000,ok,2026-09-05 03:33:19
CHEMBL107367,TDP43_v2,-5.9,42,-5.9000;-4.8000;-5.9000,ok,2026-09-05 03:33:52
CHEMBL107384,TDP43_v2,-6.3,42,-6.3000;-5.9000;-5.9000,ok,2026-09-05 03:34:02
CHEMBL107391,TDP43_v2,-7.8,42,-7.8000;-7.7000;-7.7000,ok,2026-09-05 03:34:12
CHEMBL107398,TDP43_v2,-6.6,42,-6.6000;-6.6000;-6.4000,ok,2026-09-05 03:34:22
CHEMBL1074,TDP43_v2,-6.2,777,-6.1000;-6.1000;-6.2000,ok,2026-09-05 03:34:29
CHEMBL107400,TDP43_v2,-6.8,777,-6.5000;-6.5000;-6.8000,ok,2026-09-05 03:34:38
CHEMBL107430,TDP43_v2,-6.9,42,-6.9000;-6.9000;-6.9000,ok,2026-09-05 03:34:50
CHEMBL107492,TDP43_v2,-5.7,2026,-5.6000;-5.7000;-5.7000,ok,2026-09-05 03:34:57
CHEMBL107498,TDP43_v2,-5.3,2026,-5.2000;-5.3000;-5.1000,ok,2026-09-05 03:35:03
CHEMBL107511,TDP43_v2,-5.9,2026,-5.5000;-5.9000;-5.9000,ok,2026-09-05 03:35:10
CHEMBL107514,TDP43_v2,-4.8,2026,-4.7000;-4.8000;-4.2000,ok,2026-09-05 03:35:49
CHEMBL107517,TDP43_v2,-7.3,777,-7.2000;-7.2000;-7.3000,ok,2026-09-05 03:35:56
CHEMBL107528,TDP43_v2,-5.9,2026,-5.8000;-5.9000;-5.8000,ok,2026-09-05 03:36:02
CHEMBL107529,TDP43_v2,-5.7,777,-5.6000;-5.6000;-5.7000,ok,2026-09-05 03:36:09
CHEMBL1075733,TDP43_v2,-5.6,42,-5.6000;-5.6000;-5.6000,ok,2026-09-05 03:36:15
CHEMBL10758,TDP43_v2,-5.9,2026,-5.8000;-5.9000;-5.9000,ok,2026-09-05 03:36:21
CHEMBL1075834,TDP43_v2,-5.7,42,-5.7000;-5.4000;-5.0000,ok,2026-09-05 03:36:31
CHEMBL1075925,TDP43_v2,-5.2,42,-5.2000;-5.0000;-4.4000,ok,2026-09-05 03:39:13
CHEMBL1076,TDP43_v2,-5.5,42,-5.5000;-5.1000;-5.2000,ok,2026-09-05 03:39:19
CHEMBL1076211,TDP43_v2,-6.2,42,-6.2000;-6.2000;-6.2000,ok,2026-09-05 03:39:26
CHEMBL1076243,TDP43_v2,-5.7,2026,-4.6000;-5.7000;-5.1000,ok,2026-09-05 03:40:12
CHEMBL1076256,TDP43_v2,-6.8,42,-6.8000;-6.7000;-6.7000,ok,2026-09-05 03:40:18
CHEMBL1076259,TDP43_v2,-6.4,777,-5.1000;-5.8000;-6.4000,ok,2026-09-05 03:40:59
CHEMBL1076260,TDP43_v2,-6.0,42,-6.0000;-5.8000;-5.9000,ok,2026-09-05 03:41:39
CHEMBL107631,TDP43_v2,-6.0,42,-6.0000;-6.0000;-6.0000,ok,2026-09-05 03:41:51
CHEMBL1076347,TDP43_v2,-5.8,2026,-5.6000;-5.8000;-5.8000,ok,2026-09-05 03:41:58
CHEMBL107635,TDP43_v2,-5.3,2026,-5.1000;-5.3000;-5.3000,ok,2026-09-05 03:42:04
CHEMBL1076552,TDP43_v2,-6.3,777,-6.1000;-6.1000;-6.3000,ok,2026-09-05 03:42:11
CHEMBL1076555,TDP43_v2,-7.1,777,-6.6000;-6.7000;-7.1000,ok,2026-09-05 03:42:17
CHEMBL10766,TDP43_v2,-4.9,42,-4.9000;-4.9000;-4.9000,ok,2026-09-05 03:42:30
CHEMBL1076619,TDP43_v2,-6.6,42,-6.6000;-6.6000;-6.5000,ok,2026-09-05 03:42:36
CHEMBL1076682,TDP43_v2,-7.3,42,-7.3000;-7.3000;-7.3000,ok,2026-09-05 03:42:43
CHEMBL1076695,TDP43_v2,-7.1,2026,-7.0000;-7.1000;-6.9000,ok,2026-09-05 03:42:49
CHEMBL1076701,TDP43_v2,-6.5,42,-6.5000;-6.5000;-6.2000,ok,2026-09-05 03:42:56
CHEMBL1076721,TDP43_v2,-6.6,42,-6.6000;-6.6000;-6.6000,ok,2026-09-05 03:43:02
CHEMBL107673,TDP43_v2,-5.7,2026,-5.2000;-5.7000;-5.4000,ok,2026-09-05 03:43:24
CHEMBL1076737,TDP43_v2,-6.4,2026,-4.8000;-6.4000;-5.4000,ok,2026-09-05 03:45:14
CHEMBL1076741_FUS_out,TDP43_v2,,,,"error:returncode=1 076741_FUS_out_out.pdbqt
Reading input ... done.


Parse error on line 1 in file ""/kaggle/working/masive_als_tdp43v4/ligandos/CHEMBL1076741_FUS_out.pdbqt"": Unexpected multi-MODEL input. Use ""vina_split"" first?
No valid ligands in the input directory
 | returncode=1 076741_FUS_out_out.pdbqt
Reading input ... done.


Parse error on line 1 in file ""/kaggle/working/masive_als_tdp43v4/ligandos/CHEMBL1076741_FUS_out.pdbqt"": Unexpected multi-MODEL input. Use ""vina_split"" first?
No valid ligands in the input directory
 | returncode=1 076741_FUS_out_out.pdbqt
Reading input ... done.


Parse error on line 1 in file ""/kaggle/working/masive_als_tdp43v4/ligandos/CHEMBL1076741_FUS_out.pdbqt"": Unexpected multi-MODEL input. Use ""vina_split"" first?
No valid ligands in the input directory
",2026-09-05 03:45:14
CHEMBL1076755,TDP43_v2,-7.0,2026,-6.9000;-7.0000;-7.0000,ok,2026-09-05 03:45:23
CHEMBL1076864,TDP43_v2,-7.1,777,-7.0000;-7.0000;-7.1000,ok,2026-09-05 03:45:48
CHEMBL1076901,TDP43_v2,-5.7,2026,-5.0000;-5.7000;-4.8000,ok,2026-09-05 03:47:25
CHEMBL1076902,TDP43_v2,-5.8,2026,-5.2000;-5.8000;-5.2000,ok,2026-09-05 03:49:14
CHEMBL1076905,TDP43_v2,-5.4,42,-5.4000;-5.2000;-5.4000,ok,2026-09-05 03:50:54
CHEMBL1076906,TDP43_v2,-5.6,2026,-4.8000;-5.6000;-4.4000,ok,2026-09-05 03:52:35
CHEMBL1076907,TDP43_v2,-4.6,42,-4.6000;-4.4000;-4.3000,ok,2026-09-05 03:54:21
CHEMBL107691,TDP43_v2,-5.9,777,-5.7000;-5.8000;-5.9000,ok,2026-09-05 03:54:30
CHEMBL1076930,TDP43_v2,-4.9,777,-4.5000;-4.6000;-4.9000,ok,2026-09-05 03:55:24
CHEMBL1077001,TDP43_v2,-5.2,2026,-4.7000;-5.2000;-5.0000,ok,2026-09-05 03:56:00
CHEMBL1077002,TDP43_v2,-5.8,42,-5.8000;-5.4000;-4.2000,ok,2026-09-05 03:56:31
CHEMBL1077003,TDP43_v2,-5.7,42,-5.7000;-5.6000;-5.6000,ok,2026-09-05 03:57:07
CHEMBL1077004,TDP43_v2,-5.8,2026,-5.1000;-5.8000;-5.7000,ok,2026-09-05 03:57:48
CHEMBL1077193,TDP43_v2,-6.3,42,-6.3000;-6.3000;-5.2000,ok,2026-09-05 03:57:55
CHEMBL1077194,TDP43_v2,-5.7,42,-5.7000;-5.7000;-5.7000,ok,2026-09-05 03:58:01
CHEMBL1077204,TDP43_v2,-6.5,2026,-6.3000;-6.5000;-6.3000,ok,2026-09-05 03:58:17
CHEMBL1077213,TDP43_v2,-6.1,42,-6.1000;-6.0000;-5.9000,ok,2026-09-05 03:58:23
CHEMBL1077218,TDP43_v2,-6.0,42,-6.0000;-5.9000;-6.0000,ok,2026-09-05 03:58:30
CHEMBL1077227,TDP43_v2,-6.6,42,-6.6000;-6.5000;-6.5000,ok,2026-09-05 03:58:39
CHEMBL1077232,TDP43_v2,-6.2,777,-5.4000;-5.4000;-6.2000,ok,2026-09-05 03:59:13
CHEMBL1077233,TDP43_v2,-5.8,2026,-5.7000;-5.8000;-5.8000,ok,2026-09-05 03:59:19
CHEMBL1077236,TDP43_v2,-6.2,777,-5.8000;-5.5000;-6.2000,ok,2026-09-05 03:59:51
CHEMBL1077237,TDP43_v2,-6.2,42,-6.2000;-5.2000;-5.3000,ok,2026-09-05 04:00:24
CHEMBL1077243,TDP43_v2,-6.0,42,-6.0000;-6.0000;-6.0000,ok,2026-09-05 04:00:34
CHEMBL1077366,TDP43_v2,-5.1,777,-5.0000;-5.0000;-5.1000,ok,2026-09-05 04:00:40
CHEMBL107737,TDP43_v2,-6.3,42,-6.3000;-6.3000;-6.3000,ok,2026-09-05 04:00:47
CHEMBL107742,TDP43_v2,-7.1,777,-7.0000;-6.8000;-7.1000,ok,2026-09-05 04:00:56
CHEMBL1077448,TDP43_v2,-4.7,42,-4.7000;-4.7000;-4.7000,ok,2026-09-05 04:01:03
CHEMBL1077457,TDP43_v2,-6.2,2026,-6.0000;-6.2000;-6.0000,ok,2026-09-05 04:01:09
CHEMBL1077460,TDP43_v2,-6.7,42,-6.7000;-6.5000;-6.4000,ok,2026-09-05 04:01:16
CHEMBL1077463,TDP43_v2,-6.2,2026,-6.1000;-6.2000;-6.2000,ok,2026-09-05 04:01:22
CHEMBL107747,TDP43_v2,-6.2,42,-6.2000;-6.1000;-6.1000,ok,2026-09-05 04:01:33
CHEMBL107755,TDP43_v2,-5.8,42,-5.8000;-5.8000;-5.8000,ok,2026-09-05 04:01:42
CHEMBL1077670,TDP43_v2,-5.6,42,-5.6000;-5.6000;-4.9000,ok,2026-09-05 04:01:48
CHEMBL1077694,TDP43_v2,-5.7,777,-5.4000;-5.2000;-5.7000,ok,2026-09-05 04:02:47
CHEMBL107793,TDP43_v2,-7.6,42,-7.6000;-7.6000;-7.6000,ok,2026-09-05 04:02:57
CHEMBL10780,TDP43_v2,-6.0,42,-6.0000;-5.9000;-5.8000,ok,2026-09-05 04:03:03
CHEMBL107804,TDP43_v2,-8.2,42,-8.2000;-8.0000;-7.9000,ok,2026-09-05 04:03:13
CHEMBL107813,TDP43_v2,-5.9,42,-5.9000;-5.9000;-5.8000,ok,2026-09-05 04:03:19
CHEMBL1078162,TDP43_v2,-6.3,2026,-6.0000;-6.3000;-6.0000,ok,2026-09-05 04:03:26
CHEMBL1078279,TDP43_v2,-6.1,777,-5.8000;-5.4000;-6.1000,ok,2026-09-05 04:03:38
CHEMBL1078281,TDP43_v2,-6.2,777,-6.1000;-5.9000;-6.2000,ok,2026-09-05 04:03:51
CHEMBL107833,TDP43_v2,-5.9,42,-5.9000;-5.9000;-5.9000,ok,2026-09-05 04:03:57
CHEMBL1078411,TDP43_v2,,,,"error:returncode=1 king/masive_als_tdp43v4/ligandos/CHEMBL1078411_out.pdbqt
Reading input ... done.


Parse error on line 71 in file ""/kaggle/working/masive_als_tdp43v4/ligandos/CHEMBL1078411.pdbqt"": Unknown or inappropriate tag
No valid ligands in the input directory
 | returncode=1 king/masive_als_tdp43v4/ligandos/CHEMBL1078411_out.pdbqt
Reading input ... done.


Parse error on line 71 in file ""/kaggle/working/masive_als_tdp43v4/ligandos/CHEMBL1078411.pdbqt"": Unknown or inappropriate tag
No valid ligands in the input directory
 | returncode=1 king/masive_als_tdp43v4/ligandos/CHEMBL1078411_out.pdbqt
Reading input ... done.


Parse error on line 71 in file ""/kaggle/working/masive_als_tdp43v4/ligandos/CHEMBL1078411.pdbqt"": Unknown or inappropriate tag
No valid ligands in the input directory
",2026-09-05 04:03:57
CHEMBL1078426,TDP43_v2,-6.8,2026,-6.4000;-6.8000;-6.4000,ok,2026-09-05 04:04:03
CHEMBL1078538,TDP43_v2,-6.2,42,-6.2000;-6.2000;-6.2000,ok,2026-09-05 04:04:10
CHEMBL1078685,TDP43_v2,-6.7,42,-6.7000;-6.7000;-6.7000,ok,2026-09-05 04:04:16
CHEMBL107874,TDP43_v2,-5.5,2026,-5.4000;-5.5000;-5.5000,ok,2026-09-05 04:04:23
CHEMBL1078742,TDP43_v2,-5.7,2026,-5.6000;-5.7000;-5.6000,ok,2026-09-05 04:04:29
CHEMBL1078820,TDP43_v2,-6.1,2026,-5.8000;-6.1000;-6.1000,ok,2026-09-05 04:04:36
CHEMBL1078870,TDP43_v2,-6.0,42,-6.0000;-5.9000;-6.0000,ok,2026-09-05 04:04:42
CHEMBL1078871,TDP43_v2,-6.2,2026,-5.7000;-6.2000;-6.0000,ok,2026-09-05 04:04:49
CHEMBL107892,TDP43_v2,-5.2,42,-5.2000;-5.0000;-5.2000,ok,2026-09-05 04:05:01
CHEMBL1078929,TDP43_v2,-6.2,42,-6.2000;-6.2000;-6.2000,ok,2026-09-05 04:05:08
CHEMBL1078930,TDP43_v2,-5.8,42,-5.8000;-5.8000;-5.8000,ok,2026-09-05 04:05:14
CHEMBL1078975,TDP43_v2,-5.3,777,-5.2000;-5.2000;-5.3000,ok,2026-09-05 04:05:21
CHEMBL1078983,TDP43_v2,-7.2,2026,-7.1000;-7.2000;-7.2000,ok,2026-09-05 04:05:30
CHEMBL1078992,TDP43_v2,-5.2,42,-5.2000;-5.2000;-5.0000,ok,2026-09-05 04:05:37
CHEMBL1078993,TDP43_v2,-5.2,2026,-5.1000;-5.2000;-5.0000,ok,2026-09-05 04:05:43
CHEMBL10790,TDP43_v2,-5.7,42,-5.7000;-5.7000;-5.7000,ok,2026-09-05 04:05:50
CHEMBL1079000,TDP43_v2,-6.8,777,-6.4000;-6.0000;-6.8000,ok,2026-09-05 04:05:56
CHEMBL1079013,TDP43_v2,-6.0,42,-6.0000;-5.8000;-6.0000,ok,2026-09-05 04:06:06
CHEMBL1079015,TDP43_v2,-6.5,42,-6.5000;-6.1000;-6.2000,ok,2026-09-05 04:06:15
CHEMBL1079040,TDP43_v2,-5.6,42,-5.6000;-5.4000;-5.4000,ok,2026-09-05 04:06:22
CHEMBL1079099,TDP43_v2,-7.2,777,-6.3000;-6.4000;-7.2000,ok,2026-09-05 04:06:28
CHEMBL1079100,TDP43_v2,-6.0,2026,-5.9000;-6.0000;-5.5000,ok,2026-09-05 04:06:35
CHEMBL1079101,TDP43_v2,-6.1,777,-6.0000;-6.0000;-6.1000,ok,2026-09-05 04:06:41
CHEMBL1079175,TDP43_v2,-6.8,777,-6.7000;-6.7000;-6.8000,ok,2026-09-05 04:06:51
CHEMBL1079263,TDP43_v2,-5.4,42,-5.4000;-5.4000;-5.4000,ok,2026-09-05 04:06:57
CHEMBL1079264,TDP43_v2,-5.5,42,-5.5000;-5.5000;-5.5000,ok,2026-09-05 04:07:04
CHEMBL1079294,TDP43_v2,-6.0,2026,-5.9000;-6.0000;-5.9000,ok,2026-09-05 04:07:10
CHEMBL1079295,TDP43_v2,-6.2,777,-6.1000;-6.1000;-6.2000,ok,2026-09-05 04:07:16
CHEMBL1079576,TDP43_v2,-5.8,42,-5.8000;-5.7000;-5.7000,ok,2026-09-05 04:07:23
CHEMBL107974,TDP43_v2,-6.5,2026,-6.3000;-6.5000;-5.8000,ok,2026-09-05 04:07:32
CHEMBL1079787,TDP43_v2,-6.4,42,-6.4000;-6.3000;-6.4000,ok,2026-09-05 04:07:39
CHEMBL107979,TDP43_v2,-5.8,777,-5.1000;-5.6000;-5.8000,ok,2026-09-05 04:07:48
CHEMBL1079905,TDP43_v2,-5.2,42,-5.2000;-5.2000;-5.1000,ok,2026-09-05 04:07:55
CHEMBL1079935,TDP43_v2,-6.7,2026,-6.4000;-6.7000;-6.1000,ok,2026-09-05 04:08:07
CHEMBL1079966,TDP43_v2,-6.3,42,-6.3000;-6.3000;-6.2000,ok,2026-09-05 04:08:17
CHEMBL1079967,TDP43_v2,-6.5,2026,-6.1000;-6.5000;-6.5000,ok,2026-09-05 04:08:23
CHEMBL1079968,TDP43_v2,-6.5,2026,-6.4000;-6.5000;-6.4000,ok,2026-09-05 04:08:30
CHEMBL1080,TDP43_v2,-7.4,2026,-7.3000;-7.4000;-7.3000,ok,2026-09-05 04:08:39
CHEMBL1080069,TDP43_v2,-5.3,42,-5.3000;-4.5000;-4.5000,ok,2026-09-05 04:08:46
CHEMBL1080072,TDP43_v2,-5.7,42,-5.7000;-5.6000;-5.5000,ok,2026-09-05 04:08:52
CHEMBL108011,TDP43_v2,-6.9,2026,-6.7000;-6.9000;-6.8000,ok,2026-09-05 04:09:02
CHEMBL108014,TDP43_v2,-6.0,42,-6.0000;-6.0000;-6.0000,ok,2026-09-05 04:09:08
CHEMBL1080233,TDP43_v2,-5.4,42,-5.4000;-5.0000;-5.2000,ok,2026-09-05 04:09:24
CHEMBL1080274,TDP43_v2,-6.2,2026,-5.7000;-6.2000;-6.0000,ok,2026-09-05 04:10:00
CHEMBL108030,TDP43_v2,-5.3,2026,-5.1000;-5.3000;-5.3000,ok,2026-09-05 04:10:07
CHEMBL108032,TDP43_v2,-6.3,42,-6.3000;-6.2000;-6.2000,ok,2026-09-05 04:10:16
CHEMBL1080375,TDP43_v2,-6.3,42,-6.3000;-6.1000;-6.3000,ok,2026-09-05 04:10:23
CHEMBL1080376,TDP43_v2,-6.0,42,-6.0000;-6.0000;-6.0000,ok,2026-09-05 04:10:29
CHEMBL1080377,TDP43_v2,-6.2,2026,-5.9000;-6.2000;-6.0000,ok,2026-09-05 04:10:36
CHEMBL1080544,TDP43_v2,-6.6,2026,-6.5000;-6.6000;-6.3000,ok,2026-09-05 04:10:42
CHEMBL1080631,TDP43_v2,-6.2,2026,-5.9000;-6.2000;-5.7000,ok,2026-09-05 04:11:16
CHEMBL1080787,TDP43_v2,-4.9,2026,-4.4000;-4.9000;-4.4000,ok,2026-09-05 04:11:22
CHEMBL1080789,TDP43_v2,-5.3,42,-5.3000;-4.8000;-4.8000,ok,2026-09-05 04:11:29
CHEMBL1080790,TDP43_v2,-4.6,42,-4.6000;-4.6000;-4.6000,ok,2026-09-05 04:11:35
CHEMBL1080813,TDP43_v2,-6.2,42,-6.2000;-4.9000;-5.7000,ok,2026-09-05 04:12:07
CHEMBL1080814,TDP43_v2,-6.0,2026,-4.7000;-6.0000;-5.4000,ok,2026-09-05 04:12:41
CHEMBL108082,TDP43_v2,-5.8,2026,-5.6000;-5.8000;-5.8000,ok,2026-09-05 04:13:00
CHEMBL108084,TDP43_v2,-5.0,42,-5.0000;-5.0000;-5.0000,ok,2026-09-05 04:13:06
CHEMBL1080847,TDP43_v2,-6.8,2026,-6.4000;-6.8000;-6.8000,ok,2026-09-05 04:13:16
CHEMBL1080848,TDP43_v2,-6.7,777,-6.6000;-6.6000;-6.7000,ok,2026-09-05 04:13:26
CHEMBL1080849,TDP43_v2,-7.1,42,-7.1000;-7.1000;-6.5000,ok,2026-09-05 04:13:32
CHEMBL1080884,TDP43_v2,-5.5,777,-5.4000;-5.4000;-5.5000,ok,2026-09-05 04:13:38
CHEMBL1080901,TDP43_v2,-6.4,42,-6.4000;-6.0000;-6.2000,ok,2026-09-05 04:13:54
CHEMBL1080902,TDP43_v2,-6.6,42,-6.6000;-6.3000;-6.3000,ok,2026-09-05 04:14:03
CHEMBL1080933,TDP43_v2,-6.6,2026,-6.3000;-6.6000;-6.3000,ok,2026-09-05 04:14:13
CHEMBL1080968,TDP43_v2,-5.8,777,-5.6000;-5.7000;-5.8000,ok,2026-09-05 04:14:20
CHEMBL1080983,TDP43_v2,-6.2,42,-6.2000;-6.0000;-6.2000,ok,2026-09-05 04:14:35
CHEMBL1081,TDP43_v2,-6.4,42,-6.4000;-6.4000;-6.4000,ok,2026-09-05 04:14:45
CHEMBL1081063,TDP43_v2,-6.6,42,-6.6000;-6.5000;-6.4000,ok,2026-09-05 04:14:51
CHEMBL1081069,TDP43_v2,-6.3,777,-6.2000;-6.2000;-6.3000,ok,2026-09-05 04:14:58
CHEMBL1081070,TDP43_v2,-7.0,42,-7.0000;-6.9000;-7.0000,ok,2026-09-05 04:15:07
CHEMBL1081071,TDP43_v2,-7.0,777,-6.9000;-6.1000;-7.0000,ok,2026-09-05 04:15:20
CHEMBL1081102,TDP43_v2,-7.1,42,-7.1000;-6.4000;-6.5000,ok,2026-09-05 04:15:29
CHEMBL1081103,TDP43_v2,-6.7,2026,-6.6000;-6.7000;-6.4000,ok,2026-09-05 04:15:36
CHEMBL108111,TDP43_v2,-6.1,777,-5.7000;-6.0000;-6.1000,ok,2026-09-05 04:15:58
CHEMBL1081128,TDP43_v2,-6.8,2026,-6.7000;-6.8000;-6.5000,ok,2026-09-05 04:16:08
CHEMBL108116,TDP43_v2,-5.2,2026,-4.8000;-5.2000;-5.2000,ok,2026-09-05 04:17:27
CHEMBL108122,TDP43_v2,-5.9,42,-5.9000;-5.9000;-5.8000,ok,2026-09-05 04:17:36
CHEMBL1081278,TDP43_v2,-7.3,42,-7.3000;-7.3000;-7.3000,ok,2026-09-05 04:17:43
CHEMBL1081285,TDP43_v2,-6.2,777,-5.6000;-5.2000;-6.2000,ok,2026-09-05 04:17:55
CHEMBL1081294,TDP43_v2,-5.8,777,-5.5000;-5.5000;-5.8000,ok,2026-09-05 04:18:08
CHEMBL1081312,TDP43_v2,-6.0,42,-6.0000;-5.9000;-6.0000,ok,2026-09-05 04:18:15
CHEMBL1081429,TDP43_v2,-6.4,42,-6.4000;-5.9000;-5.6000,ok,2026-09-05 04:18:24
CHEMBL1081430,TDP43_v2,-6.4,2026,-6.2000;-6.4000;-6.3000,ok,2026-09-05 04:18:30
CHEMBL1081431,TDP43_v2,-6.8,2026,-6.6000;-6.8000;-6.6000,ok,2026-09-05 04:18:37
CHEMBL1081432,TDP43_v2,-6.8,42,-6.8000;-6.6000;-6.8000,ok,2026-09-05 04:18:43
CHEMBL1081446,TDP43_v2,-7.1,2026,-6.8000;-7.1000;-7.0000,ok,2026-09-05 04:18:53
CHEMBL1081447,TDP43_v2,-5.6,42,-5.6000;-5.6000;-5.6000,ok,2026-09-05 04:19:02
CHEMBL1081454,TDP43_v2,-7.0,42,-7.0000;-7.0000;-7.0000,ok,2026-09-05 04:19:09
CHEMBL108146,TDP43_v2,-7.3,42,-7.3000;-6.8000;-7.1000,ok,2026-09-05 04:19:21
CHEMBL1081506,TDP43_v2,-7.3,2026,-6.8000;-7.3000;-6.6000,ok,2026-09-05 04:19:34
CHEMBL108157,TDP43_v2,-7.2,777,-7.1000;-6.7000;-7.2000,ok,2026-09-05 04:19:44
CHEMBL1081616,TDP43_v2,-6.4,42,-6.4000;-6.4000;-6.4000,ok,2026-09-05 04:19:53
CHEMBL1081617,TDP43_v2,-6.2,42,-6.2000;-6.2000;-6.1000,ok,2026-09-05 04:20:03
CHEMBL108163,TDP43_v2,-6.0,777,-5.5000;-5.9000;-6.0000,ok,2026-09-05 04:20:24
CHEMBL1081630,TDP43_v2,-7.3,42,-7.3000;-7.3000;-7.1000,ok,2026-09-05 04:20:31
CHEMBL1081631,TDP43_v2,-7.4,2026,-7.3000;-7.4000;-7.2000,ok,2026-09-05 04:20:37
CHEMBL1081632,TDP43_v2,-7.3,2026,-7.2000;-7.3000;-7.2000,ok,2026-09-05 04:20:47
CHEMBL1081633,TDP43_v2,-7.3,777,-7.2000;-7.2000;-7.3000,ok,2026-09-05 04:20:56
CHEMBL1081675,TDP43_v2,-6.8,777,-6.2000;-6.4000;-6.8000,ok,2026-09-05 04:21:06
CHEMBL1081757,TDP43_v2,-7.7,42,-7.7000;-7.6000;-7.5000,ok,2026-09-05 04:21:18
CHEMBL1081833,TDP43_v2,-7.1,42,-7.1000;-7.1000;-7.1000,ok,2026-09-05 04:21:28
CHEMBL108188,TDP43_v2,-5.8,777,-5.3000;-5.4000;-5.8000,ok,2026-09-05 04:22:35
CHEMBL1081972,TDP43_v2,-5.6,42,-5.6000;-5.5000;-5.4000,ok,2026-09-05 04:22:47
CHEMBL1081973,TDP43_v2,-6.4,42,-6.4000;-6.4000;-6.3000,ok,2026-09-05 04:23:00
CHEMBL1082009,TDP43_v2,-6.9,42,-6.9000;-6.9000;-6.9000,ok,2026-09-05 04:23:09
CHEMBL1082010,TDP43_v2,-6.1,42,-6.1000;-6.1000;-6.1000,ok,2026-09-05 04:23:16
CHEMBL1082011,TDP43_v2,-6.2,777,-6.0000;-5.8000;-6.2000,ok,2026-09-05 04:23:22
CHEMBL1082081,TDP43_v2,-5.5,2026,-5.3000;-5.5000;-5.3000,ok,2026-09-05 04:23:56
CHEMBL1082082,TDP43_v2,-5.7,42,-5.7000;-5.4000;-4.5000,ok,2026-09-05 04:24:35
CHEMBL108211,TDP43_v2,-5.5,777,-5.4000;-5.2000;-5.5000,ok,2026-09-05 04:24:45
CHEMBL1082151,TDP43_v2,-5.8,777,-5.1000;-5.5000;-5.8000,ok,2026-09-05 04:24:57
CHEMBL1082152,TDP43_v2,-6.4,42,-6.4000;-6.1000;-5.7000,ok,2026-09-05 04:25:13
CHEMBL1082153,TDP43_v2,-6.3,2026,-6.1000;-6.3000;-5.7000,ok,2026-09-05 04:25:29
CHEMBL1082157,TDP43_v2,-6.9,42,-6.9000;-6.6000;-6.8000,ok,2026-09-05 04:25:41
CHEMBL1082176,TDP43_v2,-6.1,42,-6.1000;-5.9000;-5.9000,ok,2026-09-05 04:25:48
CHEMBL1082188,TDP43_v2,-7.4,42,-7.4000;-6.8000;-7.3000,ok,2026-09-05 04:25:57
CHEMBL1082235,TDP43_v2,-6.8,2026,-6.7000;-6.8000;-6.8000,ok,2026-09-05 04:26:04
CHEMBL1082236,TDP43_v2,-6.8,42,-6.8000;-6.8000;-6.8000,ok,2026-09-05 04:26:10
CHEMBL1082237,TDP43_v2,-6.9,42,-6.9000;-6.8000;-6.8000,ok,2026-09-05 04:26:17
CHEMBL1082248,TDP43_v2,-6.5,42,-6.5000;-6.5000;-6.3000,ok,2026-09-05 04:26:23
CHEMBL1082249,TDP43_v2,-6.7,42,-6.7000;-6.6000;-6.6000,ok,2026-09-05 04:26:36
CHEMBL108232,TDP43_v2,-4.9,42,-4.9000;-4.8000;-4.9000,ok,2026-09-05 04:26:42
CHEMBL1082354,TDP43_v2,-4.6,42,-4.6000;-4.6000;-4.6000,ok,2026-09-05 04:26:48
CHEMBL1082381,TDP43_v2,-5.8,2026,-5.5000;-5.8000;-5.4000,ok,2026-09-05 04:27:01
CHEMBL1082419,TDP43_v2,-7.7,42,-7.7000;-6.0000;-5.5000,ok,2026-09-05 04:27:29
CHEMBL108242,TDP43_v2,-6.9,777,-6.7000;-6.4000;-6.9000,ok,2026-09-05 04:27:41
CHEMBL108243,TDP43_v2,-6.9,42,-6.9000;-6.4000;-6.9000,ok,2026-09-05 04:27:51
CHEMBL1082433,TDP43_v2,-6.4,777,-5.8000;-6.1000;-6.4000,ok,2026-09-05 04:27:57
CHEMBL1082434,TDP43_v2,-6.7,2026,-6.1000;-6.7000;-6.1000,ok,2026-09-05 04:28:07
CHEMBL1082435,TDP43_v2,-7.1,2026,-6.6000;-7.1000;-6.7000,ok,2026-09-05 04:28:19
CHEMBL1082436,TDP43_v2,-6.5,42,-6.5000;-6.5000;-6.2000,ok,2026-09-05 04:28:33
CHEMBL1082462,TDP43_v2,-5.2,2026,-5.1000;-5.2000;-4.7000,ok,2026-09-05 04:28:42
CHEMBL1082508,TDP43_v2,-7.4,2026,-7.3000;-7.4000;-7.3000,ok,2026-09-05 04:28:52
CHEMBL1082523,TDP43_v2,-5.6,2026,-5.4000;-5.6000;-5.0000,ok,2026-09-05 04:29:01
CHEMBL1082524,TDP43_v2,-6.5,42,-6.5000;-6.4000;-6.5000,ok,2026-09-05 04:29:11
CHEMBL1082525,TDP43_v2,-5.4,42,-5.4000;-5.0000;-5.0000,ok,2026-09-05 04:29:23
CHEMBL1082526,TDP43_v2,-5.1,777,-4.9000;-4.8000;-5.1000,ok,2026-09-05 04:29:30
CHEMBL1082532,TDP43_v2,-7.4,777,-6.8000;-6.8000;-7.4000,ok,2026-09-05 04:29:43
CHEMBL108261,TDP43_v2,-7.4,2026,-6.4000;-7.4000;-6.5000,ok,2026-09-05 04:29:52
CHEMBL1082616,TDP43_v2,-7.7,777,-7.5000;-7.4000;-7.7000,ok,2026-09-05 04:30:14
CHEMBL1082617,TDP43_v2,-7.0,2026,-6.6000;-7.0000;-5.8000,ok,2026-09-05 04:30:48
CHEMBL1082618,TDP43_v2,-7.0,2026,-6.4000;-7.0000;-5.4000,ok,2026-09-05 04:31:25
CHEMBL1082619,TDP43_v2,-6.1,2026,-5.7000;-6.1000;-5.2000,ok,2026-09-05 04:32:04
CHEMBL1082620,TDP43_v2,-6.6,42,-6.6000;-6.6000;-6.6000,ok,2026-09-05 04:32:38
CHEMBL1082621,TDP43_v2,-5.6,2026,-5.3000;-5.6000;-5.0000,ok,2026-09-05 04:33:18
CHEMBL1082723,TDP43_v2,-7.4,42,-7.4000;-7.4000;-7.4000,ok,2026-09-05 04:33:25
CHEMBL108282,TDP43_v2,-6.9,42,-6.9000;-6.8000;-6.9000,ok,2026-09-05 04:33:34
CHEMBL1082857,TDP43_v2,-5.8,777,-5.7000;-5.4000;-5.8000,ok,2026-09-05 04:33:41
CHEMBL1082858,TDP43_v2,-4.9,42,-4.9000;-4.8000;-4.8000,ok,2026-09-05 04:33:47
CHEMBL1082859,TDP43_v2,-6.0,777,-5.3000;-5.2000;-6.0000,ok,2026-09-05 04:33:54
CHEMBL1082860,TDP43_v2,-5.7,777,-5.0000;-5.1000;-5.7000,ok,2026-09-05 04:34:00
CHEMBL1082861,TDP43_v2,-6.5,42,-6.5000;-5.8000;-5.6000,ok,2026-09-05 04:34:07
CHEMBL108289,TDP43_v2,-7.0,2026,-5.5000;-7.0000;-5.8000,ok,2026-09-05 04:34:19
CHEMBL108294,TDP43_v2,-4.8,42,-4.8000;-4.5000;-4.0000,ok,2026-09-05 04:34:48
CHEMBL1082986,TDP43_v2,-6.9,2026,-6.8000;-6.9000;-5.9000,ok,2026-09-05 04:35:10
CHEMBL108299,TDP43_v2,-5.5,42,-5.5000;-5.5000;-5.3000,ok,2026-09-05 04:35:16
CHEMBL1083057,TDP43_v2,-5.5,42,-5.5000;-4.9000;-4.5000,ok,2026-09-05 04:35:29
CHEMBL1083065,TDP43_v2,-5.9,42,-5.9000;-5.8000;-5.1000,ok,2026-09-05 04:35:41
CHEMBL1083066,TDP43_v2,-7.2,42,-7.2000;-6.7000;-7.2000,ok,2026-09-05 04:35:51
CHEMBL1083067,TDP43_v2,-7.3,2026,-6.7000;-7.3000;-7.2000,ok,2026-09-05 04:36:00
CHEMBL1083069,TDP43_v2,-7.0,42,-7.0000;-6.9000;-6.8000,ok,2026-09-05 04:36:10
CHEMBL1083070,TDP43_v2,-6.6,42,-6.6000;-6.3000;-6.1000,ok,2026-09-05 04:36:37
CHEMBL108308,TDP43_v2,-6.0,777,-5.4000;-5.6000;-6.0000,ok,2026-09-05 04:37:54
CHEMBL108309,TDP43_v2,-8.7,777,-8.6000;-8.6000;-8.7000,ok,2026-09-05 04:38:00
CHEMBL1083192,TDP43_v2,-6.2,42,-6.2000;-6.2000;-6.1000,ok,2026-09-05 04:38:13
CHEMBL1083208,TDP43_v2,-6.5,42,-6.5000;-6.5000;-6.5000,ok,2026-09-05 04:38:19
CHEMBL1083217,TDP43_v2,-5.8,42,-5.8000;-5.3000;-5.7000,ok,2026-09-05 04:38:49
CHEMBL1083305,TDP43_v2,-7.7,42,-7.7000;-6.9000;-7.1000,ok,2026-09-05 04:39:05
CHEMBL108335,TDP43_v2,-5.2,2026,-4.3000;-5.2000;-4.4000,ok,2026-09-05 04:41:35
CHEMBL1083375,TDP43_v2,-7.3,777,-5.8000;-6.9000;-7.3000,ok,2026-09-05 04:41:44
CHEMBL1083379,TDP43_v2,-7.1,777,-5.7000;-6.9000;-7.1000,ok,2026-09-05 04:42:15
CHEMBL1083390,TDP43_v2,-5.5,42,-5.5000;-5.5000;-5.5000,ok,2026-09-05 04:42:22
CHEMBL1083430,TDP43_v2,-5.8,42,-5.8000;-5.8000;-5.7000,ok,2026-09-05 04:42:31
CHEMBL1083508,TDP43_v2,-6.4,777,-6.3000;-6.3000;-6.4000,ok,2026-09-05 04:42:41
CHEMBL1083517,TDP43_v2,-7.0,2026,-6.9000;-7.0000;-6.9000,ok,2026-09-05 04:42:50
CHEMBL1083541,TDP43_v2,-6.4,42,-6.4000;-5.7000;-4.8000,ok,2026-09-05 04:44:59
CHEMBL1083543,TDP43_v2,-6.7,2026,-6.0000;-6.7000;-6.3000,ok,2026-09-05 04:47:04
CHEMBL108358,TDP43_v2,-4.9,42,-4.9000;-4.9000;-4.9000,ok,2026-09-05 04:47:10
CHEMBL1083660,TDP43_v2,-7.4,777,-6.8000;-7.0000;-7.4000,ok,2026-09-05 04:47:20
CHEMBL1083661,TDP43_v2,-6.8,42,-6.8000;-6.6000;-6.6000,ok,2026-09-05 04:47:29
CHEMBL1083662,TDP43_v2,-7.3,2026,-6.1000;-7.3000;-6.4000,ok,2026-09-05 04:47:45
CHEMBL1083675,TDP43_v2,-6.9,2026,-6.0000;-6.9000;-6.3000,ok,2026-09-05 04:48:13
CHEMBL1083836,TDP43_v2,-6.4,2026,-6.2000;-6.4000;-6.4000,ok,2026-09-05 04:48:23
CHEMBL1083912,TDP43_v2,-6.3,777,-6.2000;-6.2000;-6.3000,ok,2026-09-05 04:48:39
CHEMBL1083976,TDP43_v2,-6.9,42,-6.9000;-5.7000;-6.2000,ok,2026-09-05 04:49:09
CHEMBL1083977,TDP43_v2,-6.6,777,-5.2000;-6.0000;-6.6000,ok,2026-09-05 04:49:40
CHEMBL1083998,TDP43_v2,,,,"error:returncode=1 ing/masive_als_tdp43v4/ligandos/CHEMBL1083998_out.pdbqt
Reading input ... done.


Parse error on line 105 in file ""/kaggle/working/masive_als_tdp43v4/ligandos/CHEMBL1083998.pdbqt"": Unknown or inappropriate tag
No valid ligands in the input directory
 | returncode=1 ing/masive_als_tdp43v4/ligandos/CHEMBL1083998_out.pdbqt
Reading input ... done.


Parse error on line 105 in file ""/kaggle/working/masive_als_tdp43v4/ligandos/CHEMBL1083998.pdbqt"": Unknown or inappropriate tag
No valid ligands in the input directory
 | returncode=1 ing/masive_als_tdp43v4/ligandos/CHEMBL1083998_out.pdbqt
Reading input ... done.


Parse error on line 105 in file ""/kaggle/working/masive_als_tdp43v4/ligandos/CHEMBL1083998.pdbqt"": Unknown or inappropriate tag
No valid ligands in the input directory
",2026-09-05 04:49:40
CHEMBL1084090,TDP43_v2,-6.9,2026,-6.1000;-6.9000;-6.9000,ok,2026-09-05 04:50:07
CHEMBL1084091,TDP43_v2,-6.4,777,-5.7000;-6.1000;-6.4000,ok,2026-09-05 04:50:25
CHEMBL1084114,TDP43_v2,-5.7,2026,-5.4000;-5.7000;-5.6000,ok,2026-09-05 04:50:38
CHEMBL108412,TDP43_v2,-7.2,2026,-6.3000;-7.2000;-7.2000,ok,2026-09-05 04:51:00
CHEMBL1084123,TDP43_v2,-5.9,777,-5.8000;-5.5000;-5.9000,ok,2026-09-05 04:51:09
CHEMBL1084124,TDP43_v2,-5.7,42,-5.7000;-5.6000;-5.5000,ok,2026-09-05 04:51:19
CHEMBL1084125,TDP43_v2,-6.2,42,-6.2000;-6.1000;-6.2000,ok,2026-09-05 04:51:31
CHEMBL1084139,TDP43_v2,-5.5,2026,-5.0000;-5.5000;-4.6000,ok,2026-09-05 04:52:02
CHEMBL1084140,TDP43_v2,-6.6,777,-6.2000;-6.3000;-6.6000,ok,2026-09-05 04:52:30
CHEMBL1084153,TDP43_v2,-6.1,42,-6.1000;-5.4000;-5.1000,ok,2026-09-05 04:53:00
CHEMBL1084173,TDP43_v2,,,,"error:returncode=1 king/masive_als_tdp43v4/ligandos/CHEMBL1084173_out.pdbqt
Reading input ... done.


Parse error on line 86 in file ""/kaggle/working/masive_als_tdp43v4/ligandos/CHEMBL1084173.pdbqt"": Unknown or inappropriate tag
No valid ligands in the input directory
 | returncode=1 king/masive_als_tdp43v4/ligandos/CHEMBL1084173_out.pdbqt
Reading input ... done.


Parse error on line 86 in file ""/kaggle/working/masive_als_tdp43v4/ligandos/CHEMBL1084173.pdbqt"": Unknown or inappropriate tag
No valid ligands in the input directory
 | returncode=1 king/masive_als_tdp43v4/ligandos/CHEMBL1084173_out.pdbqt
Reading input ... done.


Parse error on line 86 in file ""/kaggle/working/masive_als_tdp43v4/ligandos/CHEMBL1084173.pdbqt"": Unknown or inappropriate tag
No valid ligands in the input directory
",2026-09-05 04:53:00
CHEMBL1084256,TDP43_v2,-7.5,42,-7.5000;-6.9000;-7.4000,ok,2026-09-05 04:53:16
CHEMBL1084275,TDP43_v2,-7.4,777,-6.6000;-6.6000;-7.4000,ok,2026-09-05 04:53:25
CHEMBL1084276,TDP43_v2,,,,"error:returncode=1 king/masive_als_tdp43v4/ligandos/CHEMBL1084276_out.pdbqt
Reading input ... done.


Parse error on line 89 in file ""/kaggle/working/masive_als_tdp43v4/ligandos/CHEMBL1084276.pdbqt"": Unknown or inappropriate tag
No valid ligands in the input directory
 | returncode=1 king/masive_als_tdp43v4/ligandos/CHEMBL1084276_out.pdbqt
Reading input ... done.


Parse error on line 89 in file ""/kaggle/working/masive_als_tdp43v4/ligandos/CHEMBL1084276.pdbqt"": Unknown or inappropriate tag
No valid ligands in the input directory
 | returncode=1 king/masive_als_tdp43v4/ligandos/CHEMBL1084276_out.pdbqt
Reading input ... done.


Parse error on line 89 in file ""/kaggle/working/masive_als_tdp43v4/ligandos/CHEMBL1084276.pdbqt"": Unknown or inappropriate tag
No valid ligands in the input directory
",2026-09-05 04:53:26
CHEMBL1084311,TDP43_v2,-6.6,42,-6.6000;-5.9000;-6.2000,ok,2026-09-05 04:53:35
CHEMBL1084313,TDP43_v2,-5.8,2026,-5.7000;-5.8000;-5.6000,ok,2026-09-05 04:53:45
CHEMBL108436,TDP43_v2,-5.1,42,-5.1000;-5.1000;-5.1000,ok,2026-09-05 04:53:51
CHEMBL1084366,TDP43_v2,-6.8,42,-6.8000;-6.1000;-6.1000,ok,2026-09-05 04:54:22
CHEMBL1084400,TDP43_v2,-6.0,777,-5.9000;-5.8000;-6.0000,ok,2026-09-05 04:54:31
CHEMBL1084401,TDP43_v2,-5.9,2026,-5.7000;-5.9000;-4.8000,ok,2026-09-05 04:54:44
CHEMBL1084402,TDP43_v2,-6.1,2026,-6.0000;-6.1000;-6.1000,ok,2026-09-05 04:54:56
CHEMBL1084403,TDP43_v2,-5.7,42,-5.7000;-5.7000;-5.7000,ok,2026-09-05 04:55:06
CHEMBL1084430,TDP43_v2,-5.6,2026,-4.8000;-5.6000;-5.2000,ok,2026-09-05 04:55:36
CHEMBL1084431,TDP43_v2,-6.9,777,-6.7000;-6.8000;-6.9000,ok,2026-09-05 04:55:58
CHEMBL108447,TDP43_v2,-7.0,42,-7.0000;-6.8000;-7.0000,ok,2026-09-05 04:56:08
CHEMBL1084478,TDP43_v2,-5.7,42,-5.7000;-5.1000;-5.6000,ok,2026-09-05 04:56:17
CHEMBL1084513,TDP43_v2,-5.6,42,-5.6000;-5.5000;-5.1000,ok,2026-09-05 04:56:39
CHEMBL1084546,TDP43_v2,-6.2,2026,-6.1000;-6.2000;-6.2000,ok,2026-09-05 04:56:57
CHEMBL1084617,TDP43_v2,-5.5,42,-5.5000;-5.4000;-5.5000,ok,2026-09-05 04:57:13
CHEMBL108463,TDP43_v2,-6.5,42,-6.5000;-6.2000;-6.4000,ok,2026-09-05 04:57:20
CHEMBL1084676,TDP43_v2,-6.2,42,-6.2000;-6.1000;-6.1000,ok,2026-09-05 04:57:35
CHEMBL1084677,TDP43_v2,-6.1,2026,-5.8000;-6.1000;-6.0000,ok,2026-09-05 04:57:51
CHEMBL1084678,TDP43_v2,-6.3,2026,-5.9000;-6.3000;-6.2000,ok,2026-09-05 04:58:10
CHEMBL1084679,TDP43_v2,-5.1,42,-5.1000;-5.1000;-5.0000,ok,2026-09-05 04:58:16
CHEMBL1084703,TDP43_v2,-6.9,777,-6.5000;-6.3000;-6.9000,ok,2026-09-05 04:58:23
CHEMBL108475,TDP43_v2,-5.9,42,-5.9000;-5.9000;-5.9000,ok,2026-09-05 04:58:29
CHEMBL1084790,TDP43_v2,-7.4,42,-7.4000;-6.6000;-7.4000,ok,2026-09-05 04:58:38
CHEMBL1084828,TDP43_v2,-5.9,777,-5.8000;-5.8000;-5.9000,ok,2026-09-05 04:58:48
CHEMBL1084829,TDP43_v2,-6.1,42,-6.1000;-5.7000;-5.9000,ok,2026-09-05 04:58:57
CHEMBL108483,TDP43_v2,-6.2,2026,-5.4000;-6.2000;-6.2000,ok,2026-09-05 04:59:10
CHEMBL1084881,TDP43_v2,-7.1,42,-7.1000;-6.8000;-6.6000,ok,2026-09-05 04:59:19
CHEMBL1084882,TDP43_v2,-6.8,777,-6.3000;-6.3000;-6.8000,ok,2026-09-05 04:59:35
CHEMBL1084883,TDP43_v2,-6.7,42,-6.7000;-6.0000;-5.9000,ok,2026-09-05 04:59:56
CHEMBL1084926,TDP43_v2,-6.4,42,-6.4000;-6.3000;-6.4000,ok,2026-09-05 05:00:06
CHEMBL1084935,TDP43_v2,-6.1,42,-6.1000;-6.0000;-6.0000,ok,2026-09-05 05:00:19
CHEMBL10850,TDP43_v2,-6.6,2026,-6.5000;-6.6000;-6.1000,ok,2026-09-05 05:00:28
CHEMBL1085011,TDP43_v2,-7.3,2026,-6.8000;-7.3000;-6.9000,ok,2026-09-05 05:00:38
CHEMBL1085021,TDP43_v2,-6.2,2026,-5.9000;-6.2000;-5.8000,ok,2026-09-05 05:00:47
CHEMBL1085125,TDP43_v2,-7.4,2026,-7.3000;-7.4000;-7.0000,ok,2026-09-05 05:00:53
CHEMBL1085127,TDP43_v2,-6.6,2026,-6.1000;-6.6000;-6.5000,ok,2026-09-05 05:01:00
CHEMBL1085129,TDP43_v2,-6.9,777,-6.5000;-6.4000;-6.9000,ok,2026-09-05 05:01:21
CHEMBL1085177,TDP43_v2,-6.5,2026,-6.4000;-6.5000;-6.5000,ok,2026-09-05 05:01:34
CHEMBL1085178,TDP43_v2,-6.8,42,-6.8000;-6.8000;-6.8000,ok,2026-09-05 05:01:44
CHEMBL108527,TDP43_v2,-7.6,2026,-7.4000;-7.6000;-7.5000,ok,2026-09-05 05:01:56
CHEMBL1085278,TDP43_v2,,,,"error:returncode=1 ing/masive_als_tdp43v4/ligandos/CHEMBL1085278_out.pdbqt
Reading input ... done.


Parse error on line 113 in file ""/kaggle/working/masive_als_tdp43v4/ligandos/CHEMBL1085278.pdbqt"": Unknown or inappropriate tag
No valid ligands in the input directory
 | returncode=1 ing/masive_als_tdp43v4/ligandos/CHEMBL1085278_out.pdbqt
Reading input ... done.


Parse error on line 113 in file ""/kaggle/working/masive_als_tdp43v4/ligandos/CHEMBL1085278.pdbqt"": Unknown or inappropriate tag
No valid ligands in the input directory
 | returncode=1 ing/masive_als_tdp43v4/ligandos/CHEMBL1085278_out.pdbqt
Reading input ... done.


Parse error on line 113 in file ""/kaggle/working/masive_als_tdp43v4/ligandos/CHEMBL1085278.pdbqt"": Unknown or inappropriate tag
No valid ligands in the input directory
",2026-09-05 05:01:56
CHEMBL1085285,TDP43_v2,-8.0,2026,-7.9000;-8.0000;-8.0000,ok,2026-09-05 05:02:06
CHEMBL108531,TDP43_v2,-6.8,2026,-6.4000;-6.8000;-6.6000,ok,2026-09-05 05:02:15
CHEMBL108532,TDP43_v2,-6.9,777,-6.5000;-6.6000;-6.9000,ok,2026-09-05 05:02:25
CHEMBL1085322,TDP43_v2,-5.8,42,-5.8000;-5.1000;-5.2000,ok,2026-09-05 05:02:34
CHEMBL1085338,TDP43_v2,-6.0,42,-6.0000;-5.9000;-5.9000,ok,2026-09-05 05:02:41
CHEMBL1085383,TDP43_v2,-6.6,777,-6.4000;-6.4000;-6.6000,ok,2026-09-05 05:02:53
CHEMBL108540,TDP43_v2,-5.4,777,-4.7000;-5.0000;-5.4000,ok,2026-09-05 05:03:54
CHEMBL108541,TDP43_v2,-5.1,42,-5.1000;-5.0000;-5.0000,ok,2026-09-05 05:04:00
CHEMBL1085423,TDP43_v2,-5.3,42,-5.3000;-5.3000;-5.3000,ok,2026-09-05 05:04:07
CHEMBL1085526,TDP43_v2,,,,"error:returncode=1 ing/masive_als_tdp43v4/ligandos/CHEMBL1085526_out.pdbqt
Reading input ... done.


Parse error on line 118 in file ""/kaggle/working/masive_als_tdp43v4/ligandos/CHEMBL1085526.pdbqt"": Unknown or inappropriate tag
No valid ligands in the input directory
 | returncode=1 ing/masive_als_tdp43v4/ligandos/CHEMBL1085526_out.pdbqt
Reading input ... done.


Parse error on line 118 in file ""/kaggle/working/masive_als_tdp43v4/ligandos/CHEMBL1085526.pdbqt"": Unknown or inappropriate tag
No valid ligands in the input directory
 | returncode=1 ing/masive_als_tdp43v4/ligandos/CHEMBL1085526_out.pdbqt
Reading input ... done.


Parse error on line 118 in file ""/kaggle/working/masive_als_tdp43v4/ligandos/CHEMBL1085526.pdbqt"": Unknown or inappropriate tag
No valid ligands in the input directory
",2026-09-05 05:04:07
CHEMBL1085527,TDP43_v2,,,,"error:returncode=1 ing/masive_als_tdp43v4/ligandos/CHEMBL1085527_out.pdbqt
Reading input ... done.


Parse error on line 123 in file ""/kaggle/working/masive_als_tdp43v4/ligandos/CHEMBL1085527.pdbqt"": Unknown or inappropriate tag
No valid ligands in the input directory
 | returncode=1 ing/masive_als_tdp43v4/ligandos/CHEMBL1085527_out.pdbqt
Reading input ... done.


Parse error on line 123 in file ""/kaggle/working/masive_als_tdp43v4/ligandos/CHEMBL1085527.pdbqt"": Unknown or inappropriate tag
No valid ligands in the input directory
 | returncode=1 ing/masive_als_tdp43v4/ligandos/CHEMBL1085527_out.pdbqt
Reading input ... done.


Parse error on line 123 in file ""/kaggle/working/masive_als_tdp43v4/ligandos/CHEMBL1085527.pdbqt"": Unknown or inappropriate tag
No valid ligands in the input directory
",2026-09-05 05:04:07
CHEMBL108555,TDP43_v2,-5.4,2026,-5.2000;-5.4000;-5.4000,ok,2026-09-05 05:04:13
CHEMBL1085629,TDP43_v2,-6.7,42,-6.7000;-5.8000;-6.6000,ok,2026-09-05 05:04:19
CHEMBL1085630,TDP43_v2,-6.9,777,-6.8000;-6.1000;-6.9000,ok,2026-09-05 05:04:29
CHEMBL1085660,TDP43_v2,-5.8,42,-5.8000;-5.5000;-5.8000,ok,2026-09-05 05:04:56
CHEMBL1085666,TDP43_v2,-6.6,42,-6.6000;-6.6000;-6.6000,ok,2026-09-05 05:05:05
CHEMBL1085680,TDP43_v2,-6.3,777,-5.2000;-5.5000;-6.3000,ok,2026-09-05 05:05:33
CHEMBL1085692,TDP43_v2,-6.6,42,-6.6000;-6.6000;-6.6000,ok,2026-09-05 05:05:47
CHEMBL1085699,TDP43_v2,-6.5,2026,-5.8000;-6.5000;-5.9000,ok,2026-09-05 05:06:25
CHEMBL108576,TDP43_v2,-4.5,42,-4.5000;-3.7000;-4.4000,ok,2026-09-05 05:08:23
CHEMBL108579,TDP43_v2,-6.1,42,-6.1000;-5.6000;-4.7000,ok,2026-09-05 05:09:24
CHEMBL1085858,TDP43_v2,-7.3,2026,-5.2000;-7.3000;-5.9000,ok,2026-09-05 05:09:38
CHEMBL1085895,TDP43_v2,-7.0,42,-7.0000;-7.0000;-7.0000,ok,2026-09-05 05:09:54
CHEMBL1085896,TDP43_v2,-5.2,42,-5.2000;-5.2000;-5.2000,ok,2026-09-05 05:10:00
CHEMBL1086008,TDP43_v2,-6.0,42,-6.0000;-5.8000;-5.2000,ok,2026-09-05 05:10:19
CHEMBL108607,TDP43_v2,-6.0,42,-6.0000;-5.7000;-5.9000,ok,2026-09-05 05:11:11
CHEMBL108615,TDP43_v2,-5.8,42,-5.8000;-5.7000;-5.8000,ok,2026-09-05 05:11:17
CHEMBL108616,TDP43_v2,-7.5,2026,-7.1000;-7.5000;-6.9000,ok,2026-09-05 05:11:30
CHEMBL1086174,TDP43_v2,-7.6,42,-7.6000;-7.6000;-7.6000,ok,2026-09-05 05:11:36
CHEMBL1086184,TDP43_v2,-5.9,42,-5.9000;-5.9000;-5.9000,ok,2026-09-05 05:11:43
CHEMBL1086218,TDP43_v2,50.9,42,50.9000;59.9000;54.3000,ok,2026-09-05 05:13:12
CHEMBL1086245,TDP43_v2,,,,"error:returncode=1 king/masive_als_tdp43v4/ligandos/CHEMBL1086245_out.pdbqt
Reading input ... done.


Parse error on line 95 in file ""/kaggle/working/masive_als_tdp43v4/ligandos/CHEMBL1086245.pdbqt"": Unknown or inappropriate tag
No valid ligands in the input directory
 | returncode=1 king/masive_als_tdp43v4/ligandos/CHEMBL1086245_out.pdbqt
Reading input ... done.


Parse error on line 95 in file ""/kaggle/working/masive_als_tdp43v4/ligandos/CHEMBL1086245.pdbqt"": Unknown or inappropriate tag
No valid ligands in the input directory
 | returncode=1 king/masive_als_tdp43v4/ligandos/CHEMBL1086245_out.pdbqt
Reading input ... done.


Parse error on line 95 in file ""/kaggle/working/masive_als_tdp43v4/ligandos/CHEMBL1086245.pdbqt"": Unknown or inappropriate tag
No valid ligands in the input directory
",2026-09-05 05:13:12
CHEMBL1086247,TDP43_v2,,,,"error:returncode=1 king/masive_als_tdp43v4/ligandos/CHEMBL1086247_out.pdbqt
Reading input ... done.


Parse error on line 83 in file ""/kaggle/working/masive_als_tdp43v4/ligandos/CHEMBL1086247.pdbqt"": Unknown or inappropriate tag
No valid ligands in the input directory
 | returncode=1 king/masive_als_tdp43v4/ligandos/CHEMBL1086247_out.pdbqt
Reading input ... done.


Parse error on line 83 in file ""/kaggle/working/masive_als_tdp43v4/ligandos/CHEMBL1086247.pdbqt"": Unknown or inappropriate tag
No valid ligands in the input directory
 | returncode=1 king/masive_als_tdp43v4/ligandos/CHEMBL1086247_out.pdbqt
Reading input ... done.


Parse error on line 83 in file ""/kaggle/working/masive_als_tdp43v4/ligandos/CHEMBL1086247.pdbqt"": Unknown or inappropriate tag
No valid ligands in the input directory
",2026-09-05 05:13:12
CHEMBL1086248,TDP43_v2,,,,"error:returncode=1 king/masive_als_tdp43v4/ligandos/CHEMBL1086248_out.pdbqt
Reading input ... done.


Parse error on line 79 in file ""/kaggle/working/masive_als_tdp43v4/ligandos/CHEMBL1086248.pdbqt"": Unknown or inappropriate tag
No valid ligands in the input directory
 | returncode=1 king/masive_als_tdp43v4/ligandos/CHEMBL1086248_out.pdbqt
Reading input ... done.


Parse error on line 79 in file ""/kaggle/working/masive_als_tdp43v4/ligandos/CHEMBL1086248.pdbqt"": Unknown or inappropriate tag
No valid ligands in the input directory
 | returncode=1 king/masive_als_tdp43v4/ligandos/CHEMBL1086248_out.pdbqt
Reading input ... done.


Parse error on line 79 in file ""/kaggle/working/masive_als_tdp43v4/ligandos/CHEMBL1086248.pdbqt"": Unknown or inappropriate tag
No valid ligands in the input directory
",2026-09-05 05:13:12
CHEMBL108633,TDP43_v2,-6.2,42,-6.2000;-6.1000;-6.2000,ok,2026-09-05 05:13:21
CHEMBL108637,TDP43_v2,-6.4,777,-6.2000;-5.3000;-6.4000,ok,2026-09-05 05:13:34
CHEMBL1086409,TDP43_v2,-6.8,42,-6.8000;-6.7000;-6.7000,ok,2026-09-05 05:13:44
CHEMBL1086410,TDP43_v2,-6.4,777,-6.3000;-6.3000;-6.4000,ok,2026-09-05 05:13:53
CHEMBL1086427,TDP43_v2,-7.1,42,-7.1000;-7.1000;-7.1000,ok,2026-09-05 05:14:00
CHEMBL108660,TDP43_v2,-7.6,42,-7.6000;-7.5000;-7.6000,ok,2026-09-05 05:14:06
CHEMBL1086601,TDP43_v2,-6.8,777,-6.7000;-6.5000;-6.8000,ok,2026-09-05 05:14:16
CHEMBL1086602,TDP43_v2,-6.9,42,-6.9000;-6.7000;-6.2000,ok,2026-09-05 05:14:28
CHEMBL1086638,TDP43_v2,-6.8,42,-6.8000;-6.8000;-6.8000,ok,2026-09-05 05:14:35
CHEMBL1086639,TDP43_v2,-7.7,42,-7.7000;-7.7000;-7.6000,ok,2026-09-05 05:14:41
CHEMBL1086640,TDP43_v2,-7.5,42,-7.5000;-7.4000;-7.3000,ok,2026-09-05 05:14:48
CHEMBL1086659,TDP43_v2,-6.8,42,-6.8000;-5.1000;-5.7000,ok,2026-09-05 05:15:21
CHEMBL1086660,TDP43_v2,-6.0,2026,-5.4000;-6.0000;-5.9000,ok,2026-09-05 05:15:49
CHEMBL108672,TDP43_v2,-7.3,42,-7.3000;-7.3000;-7.3000,ok,2026-09-05 05:15:56
CHEMBL1086732,TDP43_v2,-5.9,42,-5.9000;-5.9000;-5.9000,ok,2026-09-05 05:16:05
CHEMBL1086734,TDP43_v2,-6.1,2026,-5.7000;-6.1000;-5.7000,ok,2026-09-05 05:16:12
CHEMBL1086735,TDP43_v2,-6.8,42,-6.8000;-6.8000;-6.8000,ok,2026-09-05 05:16:24
CHEMBL1086736,TDP43_v2,-6.8,42,-6.8000;-6.2000;-6.1000,ok,2026-09-05 05:16:31
CHEMBL1086780,TDP43_v2,-6.6,2026,-6.5000;-6.6000;-6.6000,ok,2026-09-05 05:16:37
CHEMBL1086781,TDP43_v2,-6.9,42,-6.9000;-6.9000;-6.8000,ok,2026-09-05 05:16:44
CHEMBL1086782,TDP43_v2,-6.9,42,-6.9000;-6.8000;-6.8000,ok,2026-09-05 05:16:50
CHEMBL108687,TDP43_v2,-6.2,777,-5.1000;-5.4000;-6.2000,ok,2026-09-05 05:17:51
CHEMBL108698,TDP43_v2,-7.2,42,-7.2000;-7.2000;-5.4000,ok,2026-09-05 05:18:01
CHEMBL1086997,TDP43_v2,-4.7,42,-4.7000;-4.4000;-4.7000,ok,2026-09-05 05:18:07
CHEMBL1087177,TDP43_v2,-5.3,42,-5.3000;-5.2000;-5.1000,ok,2026-09-05 05:18:32
CHEMBL1087194,TDP43_v2,-5.8,42,-5.8000;-5.8000;-5.8000,ok,2026-09-05 05:18:39
CHEMBL10872,TDP43_v2,-6.5,2026,-6.3000;-6.5000;-6.3000,ok,2026-09-05 05:18:54
CHEMBL1087242,TDP43_v2,-5.9,42,-5.9000;-5.9000;-5.9000,ok,2026-09-05 05:19:04
CHEMBL1087243,TDP43_v2,-6.1,42,-6.1000;-6.1000;-6.1000,ok,2026-09-05 05:19:13
CHEMBL108726,TDP43_v2,-6.7,42,-6.7000;-6.6000;-6.3000,ok,2026-09-05 05:19:23
CHEMBL1087284,TDP43_v2,-5.5,777,-5.2000;-4.6000;-5.5000,ok,2026-09-05 05:19:51
CHEMBL1087285,TDP43_v2,-5.6,2026,-5.4000;-5.6000;-5.1000,ok,2026-09-05 05:20:17
CHEMBL1087286,TDP43_v2,-5.6,2026,-5.3000;-5.6000;-4.9000,ok,2026-09-05 05:20:44
CHEMBL108730,TDP43_v2,-4.7,777,-4.1000;-4.3000;-4.7000,ok,2026-09-05 05:21:56
CHEMBL1087300,TDP43_v2,-7.0,42,-7.0000;-7.0000;-7.0000,ok,2026-09-05 05:22:02
CHEMBL1087301,TDP43_v2,-6.9,2026,-6.8000;-6.9000;-6.8000,ok,2026-09-05 05:22:09
CHEMBL1087380,TDP43_v2,-5.6,42,-5.6000;-5.6000;-5.6000,ok,2026-09-05 05:22:15
CHEMBL1087499,TDP43_v2,-7.3,42,-7.3000;-7.3000;-7.3000,ok,2026-09-05 05:22:25
CHEMBL1087568,TDP43_v2,-6.3,2026,-5.6000;-6.3000;-5.4000,ok,2026-09-05 05:22:59
CHEMBL1087630,TDP43_v2,-5.5,42,-5.5000;-5.5000;-5.4000,ok,2026-09-05 05:23:05
CHEMBL108766,TDP43_v2,-5.4,42,-5.4000;-5.3000;-5.3000,ok,2026-09-05 05:23:12
CHEMBL1087697,TDP43_v2,-5.7,42,-5.7000;-5.2000;-5.6000,ok,2026-09-05 05:23:42
CHEMBL1087763,TDP43_v2,-5.8,777,-5.4000;-5.4000;-5.8000,ok,2026-09-05 05:24:11
CHEMBL108778,TDP43_v2,-4.1,2026,-4.0000;-4.1000;-4.1000,ok,2026-09-05 05:24:17
CHEMBL1087814,TDP43_v2,-5.9,42,-5.9000;-5.8000;-5.4000,ok,2026-09-05 05:24:48
CHEMBL1087934,TDP43_v2,-6.0,2026,-5.9000;-6.0000;-6.0000,ok,2026-09-05 05:25:19
CHEMBL108794,TDP43_v2,-6.8,42,-6.8000;-6.5000;-6.5000,ok,2026-09-05 05:25:34
CHEMBL1088011,TDP43_v2,-6.1,777,-6.0000;-6.0000;-6.1000,ok,2026-09-05 05:25:44
CHEMBL1088021,TDP43_v2,-7.3,42,-7.3000;-6.4000;-6.5000,ok,2026-09-05 05:25:50
CHEMBL1088047,TDP43_v2,-5.7,42,-5.7000;-5.5000;-4.4000,ok,2026-09-05 05:26:15
CHEMBL1088145,TDP43_v2,-6.6,2026,-6.4000;-6.6000;-6.4000,ok,2026-09-05 05:26:24
CHEMBL1088149,TDP43_v2,-5.7,42,-5.7000;-5.7000;-5.6000,ok,2026-09-05 05:26:34
CHEMBL1088154,TDP43_v2,-5.8,42,-5.8000;-5.2000;-5.6000,ok,2026-09-05 05:26:44
CHEMBL1088172_FUS_out,TDP43_v2,,,,"error:returncode=1 088172_FUS_out_out.pdbqt
Reading input ... done.


Parse error on line 1 in file ""/kaggle/working/masive_als_tdp43v4/ligandos/CHEMBL1088172_FUS_out.pdbqt"": Unexpected multi-MODEL input. Use ""vina_split"" first?
No valid ligands in the input directory
 | returncode=1 088172_FUS_out_out.pdbqt
Reading input ... done.


Parse error on line 1 in file ""/kaggle/working/masive_als_tdp43v4/ligandos/CHEMBL1088172_FUS_out.pdbqt"": Unexpected multi-MODEL input. Use ""vina_split"" first?
No valid ligands in the input directory
 | returncode=1 088172_FUS_out_out.pdbqt
Reading input ... done.


Parse error on line 1 in file ""/kaggle/working/masive_als_tdp43v4/ligandos/CHEMBL1088172_FUS_out.pdbqt"": Unexpected multi-MODEL input. Use ""vina_split"" first?
No valid ligands in the input directory
",2026-09-05 05:26:44
CHEMBL108821,TDP43_v2,-6.8,42,-6.8000;-6.8000;-6.8000,ok,2026-09-05 05:26:53
CHEMBL1088215,TDP43_v2,-5.0,2026,-4.6000;-5.0000;-5.0000,ok,2026-09-05 05:27:24
CHEMBL108829,TDP43_v2,-5.5,777,-5.3000;-5.4000;-5.5000,ok,2026-09-05 05:27:30
CHEMBL108850,TDP43_v2,-5.6,42,-5.6000;-5.6000;-5.6000,ok,2026-09-05 05:27:37
CHEMBL108851,TDP43_v2,-5.5,42,-5.5000;-5.5000;-5.5000,ok,2026-09-05 05:27:43
CHEMBL108856,TDP43_v2,-7.5,2026,-7.1000;-7.5000;-5.5000,ok,2026-09-05 05:27:56
CHEMBL108861,TDP43_v2,-5.1,42,-5.1000;-5.1000;-4.9000,ok,2026-09-05 05:28:02
CHEMBL1088618,TDP43_v2,-6.2,42,-6.2000;-6.2000;-6.2000,ok,2026-09-05 05:28:09
CHEMBL108862,TDP43_v2,-5.7,42,-5.7000;-5.7000;-5.6000,ok,2026-09-05 05:28:15
CHEMBL1088724,TDP43_v2,-5.9,42,-5.9000;-5.8000;-5.9000,ok,2026-09-05 05:28:31
CHEMBL1088725,TDP43_v2,-7.2,42,-7.2000;-6.9000;-7.1000,ok,2026-09-05 05:28:40
CHEMBL1088745,TDP43_v2,-6.1,42,-6.1000;-6.0000;-5.1000,ok,2026-09-05 05:29:05
CHEMBL1088746,TDP43_v2,-6.9,42,-6.9000;-6.9000;-6.9000,ok,2026-09-05 05:29:18
CHEMBL1088750,TDP43_v2,-6.6,42,-6.6000;-6.3000;-6.6000,ok,2026-09-05 05:29:30
CHEMBL1088751,TDP43_v2,-6.5,42,-6.5000;-6.5000;-6.5000,ok,2026-09-05 05:29:43
CHEMBL1088752,TDP43_v2,-5.9,2026,-5.7000;-5.9000;-5.8000,ok,2026-09-05 05:29:55
CHEMBL108877,TDP43_v2,-4.6,42,-4.6000;-4.6000;-4.6000,ok,2026-09-05 05:30:02
CHEMBL1088789,TDP43_v2,-6.0,2026,-5.9000;-6.0000;-5.9000,ok,2026-09-05 05:30:11
CHEMBL1088833,TDP43_v2,-7.1,777,-7.0000;-6.9000;-7.1000,ok,2026-09-05 05:30:18
CHEMBL1088834,TDP43_v2,-8.0,42,-8.0000;-8.0000;-8.0000,ok,2026-09-05 05:30:24
CHEMBL1088835,TDP43_v2,-5.9,42,-5.9000;-5.9000;-5.9000,ok,2026-09-05 05:30:34
CHEMBL1088878,TDP43_v2,-6.6,42,-6.6000;-6.3000;-5.5000,ok,2026-09-05 05:30:58
CHEMBL108894,TDP43_v2,-6.4,2026,-6.2000;-6.4000;-6.4000,ok,2026-09-05 05:31:08
CHEMBL1088973,TDP43_v2,-7.6,2026,-7.5000;-7.6000;-7.4000,ok,2026-09-05 05:31:33
CHEMBL1088977,TDP43_v2,-5.3,42,-5.3000;-5.3000;-5.3000,ok,2026-09-05 05:31:48
CHEMBL108904,TDP43_v2,-6.0,2026,-5.9000;-6.0000;-5.9000,ok,2026-09-05 05:31:58
CHEMBL1089046,TDP43_v2,-6.0,42,-6.0000;-5.2000;-5.4000,ok,2026-09-05 05:32:22
CHEMBL1089047,TDP43_v2,-5.6,42,-5.6000;-5.1000;-4.9000,ok,2026-09-05 05:32:47
CHEMBL1089140,TDP43_v2,-6.7,2026,-6.6000;-6.7000;-6.4000,ok,2026-09-05 05:32:59
CHEMBL1089141,TDP43_v2,-6.9,777,-6.8000;-6.8000;-6.9000,ok,2026-09-05 05:33:12
CHEMBL1089204,TDP43_v2,-5.3,42,-5.3000;-4.6000;-5.1000,ok,2026-09-05 05:33:40
CHEMBL108925,TDP43_v2,-5.4,42,-5.4000;-5.4000;-5.4000,ok,2026-09-05 05:33:46
CHEMBL108930,TDP43_v2,-5.8,2026,-5.7000;-5.8000;-5.7000,ok,2026-09-05 05:33:53
CHEMBL108937,TDP43_v2,-5.9,777,-5.5000;-5.5000;-5.9000,ok,2026-09-05 05:33:59
CHEMBL1089422,TDP43_v2,-6.7,42,-6.7000;-6.7000;-6.7000,ok,2026-09-05 05:34:09
CHEMBL1089423,TDP43_v2,-6.6,42,-6.6000;-6.6000;-6.6000,ok,2026-09-05 05:34:18
CHEMBL1089424,TDP43_v2,-7.1,2026,-7.0000;-7.1000;-7.0000,ok,2026-09-05 05:34:28
CHEMBL1089428,TDP43_v2,-6.6,42,-6.6000;-6.5000;-6.6000,ok,2026-09-05 05:34:46
CHEMBL108947,TDP43_v2,-6.4,42,-6.4000;-6.4000;-6.4000,ok,2026-09-05 05:34:53
CHEMBL108962,TDP43_v2,-5.8,2026,-5.5000;-5.8000;-5.2000,ok,2026-09-05 05:35:50
CHEMBL1089653,TDP43_v2,-5.9,42,-5.9000;-5.9000;-5.9000,ok,2026-09-05 05:36:00
CHEMBL1089722,TDP43_v2,-6.9,42,-6.9000;-6.9000;-6.8000,ok,2026-09-05 05:36:07
CHEMBL1089723,TDP43_v2,-5.9,42,-5.9000;-5.9000;-5.9000,ok,2026-09-05 05:36:16
CHEMBL1089784,TDP43_v2,-8.0,777,-7.8000;-7.8000;-8.0000,ok,2026-09-05 05:36:29
CHEMBL108979,TDP43_v2,-6.9,2026,-6.4000;-6.9000;-6.2000,ok,2026-09-05 05:36:41
CHEMBL108980,TDP43_v2,-5.5,777,-5.2000;-4.5000;-5.5000,ok,2026-09-05 05:37:45
CHEMBL1089818,TDP43_v2,-7.6,42,-7.6000;-7.6000;-7.6000,ok,2026-09-05 05:37:52
CHEMBL1089823,TDP43_v2,-6.3,2026,-6.2000;-6.3000;-6.2000,ok,2026-09-05 05:38:07
CHEMBL1089842,TDP43_v2,-6.1,42,-6.1000;-5.5000;-5.2000,ok,2026-09-05 05:38:31
CHEMBL1089843,TDP43_v2,-6.8,42,-6.8000;-6.7000;-6.4000,ok,2026-09-05 05:38:50
CHEMBL1089962,TDP43_v2,-4.6,777,-4.4000;-4.4000;-4.6000,ok,2026-09-05 05:38:59
CHEMBL1090035,TDP43_v2,-5.2,42,-5.2000;-4.9000;-5.1000,ok,2026-09-05 05:39:08
CHEMBL1090043,TDP43_v2,-6.2,777,-5.8000;-6.1000;-6.2000,ok,2026-09-05 05:39:18
CHEMBL109005,TDP43_v2,-5.9,42,-5.9000;-5.8000;-5.9000,ok,2026-09-05 05:39:24
CHEMBL1090089,TDP43_v2,-6.1,42,-6.1000;-5.9000;-5.9000,ok,2026-09-05 05:39:37
CHEMBL1090090,TDP43_v2,-6.5,777,-6.4000;-6.4000;-6.5000,ok,2026-09-05 05:39:46
CHEMBL1090115,TDP43_v2,-6.0,777,-5.9000;-5.9000;-6.0000,ok,2026-09-05 05:39:59
CHEMBL109013,TDP43_v2,-6.5,2026,-6.4000;-6.5000;-6.5000,ok,2026-09-05 05:40:06
CHEMBL1090130,TDP43_v2,-6.2,42,-6.2000;-6.2000;-6.2000,ok,2026-09-05 05:40:15
CHEMBL1090131,TDP43_v2,-6.2,2026,-5.5000;-6.2000;-5.4000,ok,2026-09-05 05:40:37
CHEMBL1090153,TDP43_v2,-6.3,42,-6.3000;-6.3000;-6.3000,ok,2026-09-05 05:40:52
CHEMBL1090173,TDP43_v2,-5.5,42,-5.5000;-5.5000;-5.5000,ok,2026-09-05 05:41:02
CHEMBL1090239,TDP43_v2,-6.9,42,-6.9000;-6.9000;-6.9000,ok,2026-09-05 05:41:18
CHEMBL1090283,TDP43_v2,-5.4,777,-5.3000;-5.3000;-5.4000,ok,2026-09-05 05:41:24
CHEMBL1090284,TDP43_v2,-5.2,42,-5.2000;-5.1000;-5.0000,ok,2026-09-05 05:41:34
CHEMBL109034,TDP43_v2,-5.7,2026,-5.6000;-5.7000;-5.6000,ok,2026-09-05 05:41:40
CHEMBL1090360,TDP43_v2,-6.9,2026,-6.7000;-6.9000;-5.9000,ok,2026-09-05 05:42:08
CHEMBL109037,TDP43_v2,-5.0,2026,-4.9000;-5.0000;-4.9000,ok,2026-09-05 05:42:15
CHEMBL1090381,TDP43_v2,-5.5,42,-5.5000;-5.5000;-5.5000,ok,2026-09-05 05:42:24
CHEMBL1090382,TDP43_v2,-5.6,42,-5.6000;-5.6000;-5.6000,ok,2026-09-05 05:42:34
CHEMBL1090383,TDP43_v2,-7.3,777,-7.2000;-7.2000;-7.3000,ok,2026-09-05 05:42:43
CHEMBL1090387,TDP43_v2,-6.7,777,-6.1000;-6.6000;-6.7000,ok,2026-09-05 05:43:02
CHEMBL1090388,TDP43_v2,-6.4,42,-6.4000;-5.6000;-6.3000,ok,2026-09-05 05:43:20
CHEMBL109040,TDP43_v2,-6.9,2026,-6.8000;-6.9000;-6.9000,ok,2026-09-05 05:43:29
CHEMBL1090434,TDP43_v2,-7.1,2026,-6.7000;-7.1000;-6.7000,ok,2026-09-05 05:43:42
CHEMBL1090478,TDP43_v2,-5.8,42,-5.8000;-5.7000;-5.7000,ok,2026-09-05 05:43:54
CHEMBL1090479,TDP43_v2,-7.6,2026,-6.7000;-7.6000;-6.9000,ok,2026-09-05 05:44:16
CHEMBL1090488,TDP43_v2,-6.8,42,-6.8000;-6.7000;-6.8000,ok,2026-09-05 05:44:32
CHEMBL1090505,TDP43_v2,-5.7,2026,-5.2000;-5.7000;-5.2000,ok,2026-09-05 05:44:53
CHEMBL1090573,TDP43_v2,-6.9,2026,-6.8000;-6.9000;-6.8000,ok,2026-09-05 05:45:14
CHEMBL1090574,TDP43_v2,-6.2,777,-5.8000;-5.3000;-6.2000,ok,2026-09-05 05:45:36
CHEMBL1090598,TDP43_v2,-6.1,777,-5.7000;-5.8000;-6.1000,ok,2026-09-05 05:45:45
CHEMBL1090599,TDP43_v2,-6.3,42,-6.3000;-6.3000;-6.3000,ok,2026-09-05 05:45:55
CHEMBL1090600,TDP43_v2,-6.4,42,-6.4000;-6.4000;-6.3000,ok,2026-09-05 05:46:04
CHEMBL1090601,TDP43_v2,-6.5,42,-6.5000;-6.5000;-6.5000,ok,2026-09-05 05:46:17
CHEMBL109063,TDP43_v2,-7.1,777,-6.6000;-6.7000;-7.1000,ok,2026-09-05 05:46:27
CHEMBL1090647,TDP43_v2,-6.2,42,-6.2000;-5.3000;-6.2000,ok,2026-09-05 05:46:39
CHEMBL1090709,TDP43_v2,-6.3,42,-6.3000;-6.3000;-6.3000,ok,2026-09-05 05:46:58
CHEMBL1090710,TDP43_v2,-6.4,42,-6.4000;-6.4000;-6.4000,ok,2026-09-05 05:47:17
CHEMBL109074,TDP43_v2,-5.7,42,-5.7000;-5.6000;-5.3000,ok,2026-09-05 05:47:23
CHEMBL1090771,TDP43_v2,-5.8,777,-5.6000;-5.7000;-5.8000,ok,2026-09-05 05:47:45
CHEMBL1090780,TDP43_v2,-7.5,42,-7.5000;-6.7000;-6.7000,ok,2026-09-05 05:48:00
CHEMBL1090781,TDP43_v2,-5.9,777,-5.8000;-5.7000;-5.9000,ok,2026-09-05 05:48:19
CHEMBL109097,TDP43_v2,-6.3,42,-6.3000;-6.3000;-6.3000,ok,2026-09-05 05:48:25
CHEMBL109101,TDP43_v2,-6.6,2026,-6.2000;-6.6000;-6.6000,ok,2026-09-05 05:48:35
CHEMBL1091024,TDP43_v2,-4.7,42,-4.7000;-4.7000;-4.7000,ok,2026-09-05 05:50:00
CHEMBL1091070,TDP43_v2,-7.5,42,-7.5000;-7.4000;-7.4000,ok,2026-09-05 05:50:06
CHEMBL1091071,TDP43_v2,-5.8,42,-5.8000;-5.8000;-5.8000,ok,2026-09-05 05:50:16
CHEMBL1091081,TDP43_v2,-6.0,2026,-5.8000;-6.0000;-6.0000,ok,2026-09-05 05:50:25
CHEMBL1091082,TDP43_v2,-6.1,2026,-6.0000;-6.1000;-6.1000,ok,2026-09-05 05:50:32
CHEMBL1091083,TDP43_v2,-7.9,42,-7.9000;-7.9000;-7.7000,ok,2026-09-05 05:50:44
CHEMBL1091130,TDP43_v2,-6.0,2026,-5.9000;-6.0000;-5.9000,ok,2026-09-05 05:51:00
CHEMBL1091158,TDP43_v2,-6.6,42,-6.6000;-6.0000;-6.0000,ok,2026-09-05 05:51:19
CHEMBL1091159,TDP43_v2,-6.2,42,-6.2000;-6.2000;-5.9000,ok,2026-09-05 05:51:31
CHEMBL1091316,TDP43_v2,-6.7,42,-6.7000;-6.7000;-6.7000,ok,2026-09-05 05:51:59
CHEMBL1091344,TDP43_v2,-7.0,2026,-6.7000;-7.0000;-7.0000,ok,2026-09-05 05:52:30
CHEMBL1091345,TDP43_v2,-7.4,42,-7.4000;-7.3000;-7.4000,ok,2026-09-05 05:52:55
CHEMBL1091346,TDP43_v2,-6.1,777,-6.0000;-5.7000;-6.1000,ok,2026-09-05 05:53:20
CHEMBL1091347,TDP43_v2,-7.2,42,-7.2000;-7.1000;-7.2000,ok,2026-09-05 05:53:42
CHEMBL1091348,TDP43_v2,-8.1,42,-8.1000;-8.1000;-8.0000,ok,2026-09-05 05:54:07
CHEMBL1091349,TDP43_v2,-6.7,42,-6.7000;-6.6000;-6.4000,ok,2026-09-05 05:54:31
CHEMBL1091350,TDP43_v2,-7.2,2026,-6.6000;-7.2000;-6.7000,ok,2026-09-05 05:54:56
CHEMBL1091351,TDP43_v2,-6.9,2026,-6.4000;-6.9000;-6.4000,ok,2026-09-05 05:55:21
CHEMBL1091352,TDP43_v2,-6.6,2026,-6.2000;-6.6000;-6.6000,ok,2026-09-05 05:55:49
CHEMBL1091353,TDP43_v2,-6.7,42,-6.7000;-6.5000;-6.7000,ok,2026-09-05 05:56:17
CHEMBL1091354,TDP43_v2,-7.2,2026,-6.4000;-7.2000;-7.0000,ok,2026-09-05 05:56:45
CHEMBL1091355,TDP43_v2,-7.2,2026,-6.9000;-7.2000;-6.5000,ok,2026-09-05 05:57:12
CHEMBL1091356,TDP43_v2,-7.2,42,-7.2000;-7.1000;-7.2000,ok,2026-09-05 05:57:43
CHEMBL1091357,TDP43_v2,-7.6,2026,-6.9000;-7.6000;-7.5000,ok,2026-09-05 05:58:14
CHEMBL1091358,TDP43_v2,-6.4,777,-6.2000;-6.1000;-6.4000,ok,2026-09-05 05:58:45
CHEMBL1091359,TDP43_v2,-5.9,2026,-5.5000;-5.9000;-5.7000,ok,2026-09-05 05:59:10
CHEMBL1091360,TDP43_v2,-7.9,42,-7.9000;-7.9000;-7.9000,ok,2026-09-05 05:59:35
CHEMBL1091455,TDP43_v2,-7.1,42,-7.1000;-7.1000;-7.1000,ok,2026-09-05 05:59:42
CHEMBL1091456,TDP43_v2,-5.6,42,-5.6000;-5.6000;-5.6000,ok,2026-09-05 05:59:51
CHEMBL1091491,TDP43_v2,-7.1,777,-6.5000;-6.5000;-7.1000,ok,2026-09-05 06:00:04
CHEMBL1091492,TDP43_v2,-6.5,2026,-6.1000;-6.5000;-6.2000,ok,2026-09-05 06:00:19
CHEMBL1091501_FUS_out,TDP43_v2,,,,"error:returncode=1 091501_FUS_out_out.pdbqt
Reading input ... done.


Parse error on line 1 in file ""/kaggle/working/masive_als_tdp43v4/ligandos/CHEMBL1091501_FUS_out.pdbqt"": Unexpected multi-MODEL input. Use ""vina_split"" first?
No valid ligands in the input directory
 | returncode=1 091501_FUS_out_out.pdbqt
Reading input ... done.


Parse error on line 1 in file ""/kaggle/working/masive_als_tdp43v4/ligandos/CHEMBL1091501_FUS_out.pdbqt"": Unexpected multi-MODEL input. Use ""vina_split"" first?
No valid ligands in the input directory
 | returncode=1 091501_FUS_out_out.pdbqt
Reading input ... done.


Parse error on line 1 in file ""/kaggle/working/masive_als_tdp43v4/ligandos/CHEMBL1091501_FUS_out.pdbqt"": Unexpected multi-MODEL input. Use ""vina_split"" first?
No valid ligands in the input directory
",2026-09-05 06:00:19
CHEMBL1091583,TDP43_v2,-6.3,2026,-6.1000;-6.3000;-6.0000,ok,2026-09-05 06:00:26
CHEMBL1091584,TDP43_v2,-6.9,42,-6.9000;-6.9000;-6.7000,ok,2026-09-05 06:00:32
CHEMBL1091596,TDP43_v2,-7.2,777,-7.1000;-7.1000;-7.2000,ok,2026-09-05 06:00:51
CHEMBL109162,TDP43_v2,-5.6,42,-5.6000;-5.6000;-5.6000,ok,2026-09-05 06:00:58
CHEMBL1091644,TDP43_v2,-7.4,2026,-7.2000;-7.4000;-7.2000,ok,2026-09-05 06:01:10
CHEMBL1091693,TDP43_v2,-7.1,2026,-6.9000;-7.1000;-7.0000,ok,2026-09-05 06:01:32
CHEMBL1091694,TDP43_v2,-6.3,2026,-6.1000;-6.3000;-5.7000,ok,2026-09-05 06:01:57
CHEMBL1091695,TDP43_v2,-6.0,42,-6.0000;-6.0000;-6.0000,ok,2026-09-05 06:02:25
CHEMBL1091696,TDP43_v2,-6.1,777,-6.0000;-6.0000;-6.1000,ok,2026-09-05 06:02:55
CHEMBL1091697,TDP43_v2,-6.5,42,-6.5000;-6.0000;-6.5000,ok,2026-09-05 06:03:27
CHEMBL1091698,TDP43_v2,-6.9,42,-6.9000;-6.8000;-6.0000,ok,2026-09-05 06:03:55
CHEMBL1091699,TDP43_v2,-6.4,42,-6.4000;-6.3000;-5.9000,ok,2026-09-05 06:04:23
CHEMBL1091700,TDP43_v2,-6.2,777,-5.6000;-6.1000;-6.2000,ok,2026-09-05 06:04:51
CHEMBL1091701,TDP43_v2,-7.1,42,-7.1000;-6.7000;-6.8000,ok,2026-09-05 06:05:22
CHEMBL1091702,TDP43_v2,-7.1,42,-7.1000;-6.7000;-7.0000,ok,2026-09-05 06:05:50
CHEMBL1091703,TDP43_v2,-6.4,2026,-6.1000;-6.4000;-6.1000,ok,2026-09-05 06:06:24
CHEMBL1091704,TDP43_v2,-6.9,777,-6.8000;-6.6000;-6.9000,ok,2026-09-05 06:06:55
CHEMBL1091705,TDP43_v2,-6.8,42,-6.8000;-6.7000;-5.9000,ok,2026-09-05 06:07:26
CHEMBL1091706,TDP43_v2,-7.1,42,-7.1000;-6.3000;-6.5000,ok,2026-09-05 06:07:59
CHEMBL1091707,TDP43_v2,-7.0,2026,-6.2000;-7.0000;-6.8000,ok,2026-09-05 06:08:30
CHEMBL1091708,TDP43_v2,-7.4,42,-7.4000;-6.7000;-6.4000,ok,2026-09-05 06:09:01
CHEMBL1091711,TDP43_v2,-7.4,42,-7.4000;-7.1000;-6.9000,ok,2026-09-05 06:09:29
CHEMBL1091712,TDP43_v2,-7.2,42,-7.2000;-7.1000;-7.2000,ok,2026-09-05 06:09:59
CHEMBL1091713,TDP43_v2,-8.0,42,-8.0000;-7.3000;-7.9000,ok,2026-09-05 06:10:30
CHEMBL1091714,TDP43_v2,-7.3,42,-7.3000;-7.2000;-7.3000,ok,2026-09-05 06:11:00
CHEMBL1091715,TDP43_v2,-7.1,777,-6.9000;-6.9000;-7.1000,ok,2026-09-05 06:11:28
CHEMBL109173,TDP43_v2,-6.0,42,-6.0000;-6.0000;-5.8000,ok,2026-09-05 06:11:35
CHEMBL1091753,TDP43_v2,-6.7,2026,-5.7000;-6.7000;-6.2000,ok,2026-09-05 06:12:27
CHEMBL1091855,TDP43_v2,-6.1,2026,-6.0000;-6.1000;-6.1000,ok,2026-09-05 06:12:39
CHEMBL1091864,TDP43_v2,-7.2,42,-7.2000;-7.2000;-7.2000,ok,2026-09-05 06:12:49
CHEMBL1091882,TDP43_v2,-7.5,42,-7.5000;-7.5000;-7.5000,ok,2026-09-05 06:12:56
CHEMBL1091884,TDP43_v2,-7.9,42,-7.9000;-7.9000;-7.9000,ok,2026-09-05 06:13:02
CHEMBL109189,TDP43_v2,-7.0,777,-6.4000;-5.4000;-7.0000,ok,2026-09-05 06:13:15
CHEMBL1091962,TDP43_v2,-6.4,42,-6.4000;-6.4000;-6.3000,ok,2026-09-05 06:13:36
CHEMBL1091977,TDP43_v2,-6.4,2026,-6.3000;-6.4000;-6.3000,ok,2026-09-05 06:13:49
CHEMBL1091978,TDP43_v2,-5.9,2026,-5.8000;-5.9000;-5.8000,ok,2026-09-05 06:14:02
CHEMBL1091979,TDP43_v2,-6.3,777,-5.9000;-6.0000;-6.3000,ok,2026-09-05 06:14:11
CHEMBL1092071,TDP43_v2,-6.9,42,-6.9000;-6.7000;-6.5000,ok,2026-09-05 06:14:27
CHEMBL1092072,TDP43_v2,-6.8,2026,-6.0000;-6.8000;-5.8000,ok,2026-09-05 06:14:58
CHEMBL1092073,TDP43_v2,-6.5,42,-6.5000;-6.3000;-6.3000,ok,2026-09-05 06:15:29
CHEMBL1092074,TDP43_v2,-6.8,42,-6.8000;-6.6000;-6.6000,ok,2026-09-05 06:15:57
CHEMBL1092104,TDP43_v2,-7.0,777,-6.2000;-6.8000;-7.0000,ok,2026-09-05 06:16:09
CHEMBL1092110,TDP43_v2,-6.6,2026,-6.5000;-6.6000;-5.7000,ok,2026-09-05 06:16:28
CHEMBL1092119,TDP43_v2,-5.7,42,-5.7000;-5.6000;-5.7000,ok,2026-09-05 06:16:43
CHEMBL1092120,TDP43_v2,-7.0,2026,-6.8000;-7.0000;-6.8000,ok,2026-09-05 06:16:59
CHEMBL1092134,TDP43_v2,-7.3,42,-7.3000;-6.9000;-6.9000,ok,2026-09-05 06:17:09
CHEMBL109214,TDP43_v2,-7.2,2026,-7.0000;-7.2000;-7.2000,ok,2026-09-05 06:17:18
CHEMBL1092189,TDP43_v2,-6.3,42,-6.3000;-6.3000;-6.3000,ok,2026-09-05 06:17:34
CHEMBL109227,TDP43_v2,,,,"error:returncode=1 ne.


Parse error on line 29 in file ""/kaggle/working/masive_als_tdp43v4/ligandos/CHEMBL109227.pdbqt"": ATOM syntax incorrect: ""B"" is not a valid AutoDock type. Note that AutoDock atom types are case-sensitive.
No valid ligands in the input directory
 | returncode=1 ne.


Parse error on line 29 in file ""/kaggle/working/masive_als_tdp43v4/ligandos/CHEMBL109227.pdbqt"": ATOM syntax incorrect: ""B"" is not a valid AutoDock type. Note that AutoDock atom types are case-sensitive.
No valid ligands in the input directory
 | returncode=1 ne.


Parse error on line 29 in file ""/kaggle/working/masive_als_tdp43v4/ligandos/CHEMBL109227.pdbqt"": ATOM syntax incorrect: ""B"" is not a valid AutoDock type. Note that AutoDock atom types are case-sensitive.
No valid ligands in the input directory
",2026-09-05 06:17:34
CHEMBL1092280,TDP43_v2,-6.9,42,-6.9000;-6.7000;-6.6000,ok,2026-09-05 06:17:53
CHEMBL109238,TDP43_v2,-5.6,2026,-5.5000;-5.6000;-5.5000,ok,2026-09-05 06:18:00
CHEMBL1092384,TDP43_v2,-5.7,42,-5.7000;-5.5000;-5.7000,ok,2026-09-05 06:18:06
CHEMBL1092389,TDP43_v2,-8.4,2026,-8.2000;-8.4000;-7.5000,ok,2026-09-05 06:18:40
CHEMBL1092390,TDP43_v2,-8.4,42,-8.4000;-8.2000;-8.4000,ok,2026-09-05 06:19:08
CHEMBL1092391,TDP43_v2,-7.5,777,-6.6000;-7.1000;-7.5000,ok,2026-09-05 06:19:33
CHEMBL1092392,TDP43_v2,-7.2,2026,-7.1000;-7.2000;-7.1000,ok,2026-09-05 06:20:01
CHEMBL1092393,TDP43_v2,-6.9,42,-6.9000;-6.9000;-6.9000,ok,2026-09-05 06:20:21
CHEMBL1092394,TDP43_v2,-7.1,777,-6.9000;-6.9000;-7.1000,ok,2026-09-05 06:20:39
CHEMBL1092395,TDP43_v2,-6.5,42,-6.5000;-6.5000;-6.5000,ok,2026-09-05 06:21:04
CHEMBL1092396,TDP43_v2,-7.7,2026,-6.7000;-7.7000;-6.6000,ok,2026-09-05 06:21:35
CHEMBL1092397,TDP43_v2,-7.5,2026,-7.2000;-7.5000;-6.1000,ok,2026-09-05 06:22:06
CHEMBL1092398,TDP43_v2,-7.3,42,-7.3000;-6.8000;-7.0000,ok,2026-09-05 06:22:31
CHEMBL1092401,TDP43_v2,-7.4,2026,-6.7000;-7.4000;-7.3000,ok,2026-09-05 06:23:02
CHEMBL1092402,TDP43_v2,-6.3,2026,-6.1000;-6.3000;-5.8000,ok,2026-09-05 06:23:30
CHEMBL1092403,TDP43_v2,-7.0,42,-7.0000;-6.9000;-6.9000,ok,2026-09-05 06:23:55
CHEMBL1092404,TDP43_v2,-6.9,777,-6.7000;-6.8000;-6.9000,ok,2026-09-05 06:24:16
CHEMBL1092474,TDP43_v2,-5.6,42,-5.6000;-5.5000;-5.6000,ok,2026-09-05 06:24:26
CHEMBL1092485,TDP43_v2,-7.4,42,-7.4000;-6.8000;-7.3000,ok,2026-09-05 06:24:42
CHEMBL1092486,TDP43_v2,-8.7,2026,-8.4000;-8.7000;-8.5000,ok,2026-09-05 06:24:58
CHEMBL1092504,TDP43_v2,-5.6,42,-5.6000;-4.8000;-5.0000,ok,2026-09-05 06:25:28
CHEMBL109252,TDP43_v2,-6.5,777,-6.4000;-6.3000;-6.5000,ok,2026-09-05 06:25:35
CHEMBL1092546,TDP43_v2,-7.4,777,-7.3000;-7.1000;-7.4000,ok,2026-09-05 06:25:50
CHEMBL1092547,TDP43_v2,-6.3,42,-6.3000;-6.1000;-6.2000,ok,2026-09-05 06:26:09
CHEMBL1092555,TDP43_v2,-7.1,42,-7.1000;-7.1000;-7.1000,ok,2026-09-05 06:26:16
CHEMBL1092556,TDP43_v2,-6.9,42,-6.9000;-6.8000;-6.9000,ok,2026-09-05 06:26:22
CHEMBL1092581,TDP43_v2,-6.0,777,-5.5000;-5.3000;-6.0000,ok,2026-09-05 06:26:38
CHEMBL1092602,TDP43_v2,-5.9,777,-5.8000;-5.8000;-5.9000,ok,2026-09-05 06:26:44
CHEMBL1092603,TDP43_v2,-5.6,42,-5.6000;-5.4000;-5.4000,ok,2026-09-05 06:26:50
CHEMBL1092604,TDP43_v2,-6.4,2026,-6.0000;-6.4000;-6.1000,ok,2026-09-05 06:26:57
CHEMBL109266,TDP43_v2,-6.7,42,-6.7000;-6.7000;-6.7000,ok,2026-09-05 06:27:15
CHEMBL1092665,TDP43_v2,-5.1,2026,-5.0000;-5.1000;-5.1000,ok,2026-09-05 06:27:28
CHEMBL1092754,TDP43_v2,-6.5,777,-5.4000;-5.5000;-6.5000,ok,2026-09-05 06:27:44
CHEMBL1092768,TDP43_v2,-6.0,2026,-5.8000;-6.0000;-5.8000,ok,2026-09-05 06:27:53
CHEMBL1092781,TDP43_v2,-6.4,2026,-6.2000;-6.4000;-6.4000,ok,2026-09-05 06:28:15
CHEMBL1092802,TDP43_v2,-6.1,2026,-6.0000;-6.1000;-6.0000,ok,2026-09-05 06:28:25
CHEMBL1092804,TDP43_v2,-6.4,2026,-5.8000;-6.4000;-6.3000,ok,2026-09-05 06:28:49
CHEMBL1092814,TDP43_v2,-5.8,42,-5.8000;-5.3000;-5.8000,ok,2026-09-05 06:28:59
CHEMBL1092815,TDP43_v2,-7.7,777,-7.2000;-7.3000;-7.7000,ok,2026-09-05 06:29:11
CHEMBL1092818,TDP43_v2,-7.4,42,-7.4000;-7.1000;-7.3000,ok,2026-09-05 06:29:24
CHEMBL1092841,TDP43_v2,-6.0,42,-6.0000;-5.8000;-5.9000,ok,2026-09-05 06:29:43
CHEMBL109299,TDP43_v2,-6.8,42,-6.8000;-5.4000;-5.7000,ok,2026-09-05 06:29:58
CHEMBL1093068,TDP43_v2,-6.9,42,-6.9000;-6.7000;-6.5000,ok,2026-09-05 06:30:11
CHEMBL1093069,TDP43_v2,-7.4,42,-7.4000;-6.1000;-6.9000,ok,2026-09-05 06:30:24
CHEMBL1093079,TDP43_v2,-6.5,42,-6.5000;-6.5000;-6.2000,ok,2026-09-05 06:30:36
CHEMBL1093087,TDP43_v2,-6.3,2026,-6.1000;-6.3000;-6.0000,ok,2026-09-05 06:30:55
CHEMBL1093267,TDP43_v2,-6.6,777,-6.4000;-5.9000;-6.6000,ok,2026-09-05 06:31:14
CHEMBL109330,TDP43_v2,-6.0,42,-6.0000;-5.9000;-5.7000,ok,2026-09-05 06:31:26
CHEMBL1093334,TDP43_v2,-6.5,42,-6.5000;-6.0000;-6.1000,ok,2026-09-05 06:31:45
CHEMBL1093388,TDP43_v2,-5.5,2026,-4.8000;-5.5000;-4.7000,ok,2026-09-05 06:32:13
CHEMBL1093390,TDP43_v2,-6.6,42,-6.6000;-6.5000;-6.4000,ok,2026-09-05 06:32:26
CHEMBL109341,TDP43_v2,-6.6,42,-6.6000;-6.5000;-6.4000,ok,2026-09-05 06:32:32
CHEMBL1093423,TDP43_v2,-5.9,2026,-5.5000;-5.9000;-5.2000,ok,2026-09-05 06:32:48
CHEMBL1093437,TDP43_v2,-6.5,42,-6.5000;-6.5000;-6.5000,ok,2026-09-05 06:33:03
CHEMBL1093445,TDP43_v2,-5.9,42,-5.9000;-5.4000;-5.9000,ok,2026-09-05 06:33:16
CHEMBL1093446,TDP43_v2,-6.7,777,-6.6000;-6.6000;-6.7000,ok,2026-09-05 06:33:25
CHEMBL1093448,TDP43_v2,-5.7,42,-5.7000;-5.4000;-5.6000,ok,2026-09-05 06:33:41
CHEMBL1093449,TDP43_v2,-5.4,2026,-5.3000;-5.4000;-5.2000,ok,2026-09-05 06:34:03
CHEMBL1093458,TDP43_v2,-5.9,2026,-5.7000;-5.9000;-5.4000,ok,2026-09-05 06:34:15
CHEMBL109353,TDP43_v2,-5.2,42,-5.2000;-5.0000;-5.2000,ok,2026-09-05 06:34:25
CHEMBL109366,TDP43_v2,-6.6,42,-6.6000;-6.4000;-6.4000,ok,2026-09-05 06:34:31
CHEMBL109367,TDP43_v2,-7.5,777,-7.4000;-7.4000;-7.5000,ok,2026-09-05 06:34:44
CHEMBL1093685,TDP43_v2,-6.4,42,-6.4000;-6.0000;-6.3000,ok,2026-09-05 06:35:05
CHEMBL1093690,TDP43_v2,-5.8,777,-5.4000;-5.5000;-5.8000,ok,2026-09-05 06:35:14
CHEMBL1093745,TDP43_v2,-6.1,42,-6.1000;-6.1000;-6.1000,ok,2026-09-05 06:35:24
CHEMBL1093747,TDP43_v2,-7.0,2026,-6.9000;-7.0000;-7.0000,ok,2026-09-05 06:35:31
CHEMBL1093754,TDP43_v2,-5.5,777,-5.3000;-5.4000;-5.5000,ok,2026-09-05 06:35:52
CHEMBL109378,TDP43_v2,-5.5,777,-5.3000;-5.4000;-5.5000,ok,2026-09-05 06:35:59
CHEMBL109393,TDP43_v2,-6.5,2026,-6.1000;-6.5000;-6.4000,ok,2026-09-05 06:36:08
CHEMBL1094015,TDP43_v2,-5.9,777,-5.6000;-5.4000;-5.9000,ok,2026-09-05 06:36:21
CHEMBL1094016,TDP43_v2,-5.7,42,-5.7000;-5.7000;-5.6000,ok,2026-09-05 06:36:33
CHEMBL1094017,TDP43_v2,-6.4,42,-6.4000;-6.4000;-6.4000,ok,2026-09-05 06:36:43
CHEMBL109417,TDP43_v2,-6.3,2026,-6.2000;-6.3000;-6.2000,ok,2026-09-05 06:36:53
CHEMBL109420,TDP43_v2,-6.5,42,-6.5000;-6.0000;-6.0000,ok,2026-09-05 06:37:05
CHEMBL109472,TDP43_v2,-6.6,42,-6.6000;-6.4000;-6.5000,ok,2026-09-05 06:37:21
CHEMBL109473,TDP43_v2,-6.2,777,-6.1000;-6.1000;-6.2000,ok,2026-09-05 06:37:27
CHEMBL1094785,TDP43_v2,-8.0,42,-8.0000;-7.9000;-7.3000,ok,2026-09-05 06:37:40
CHEMBL109480,TDP43_v2,-6.5,777,-6.2000;-6.1000;-6.5000,ok,2026-09-05 06:37:56
CHEMBL109490,TDP43_v2,-5.2,2026,-5.0000;-5.2000;-5.1000,ok,2026-09-05 06:38:08
CHEMBL1094981,TDP43_v2,-6.5,2026,-6.3000;-6.5000;-6.5000,ok,2026-09-05 06:38:33
CHEMBL1094982,TDP43_v2,-4.7,42,-4.7000;-3.9000;-3.9000,ok,2026-09-05 06:40:02
CHEMBL1095032,TDP43_v2,-7.0,42,-7.0000;-6.4000;-6.5000,ok,2026-09-05 06:40:18
CHEMBL1095040,TDP43_v2,-6.4,42,-6.4000;-6.4000;-6.3000,ok,2026-09-05 06:40:24
CHEMBL1095041,TDP43_v2,-6.2,42,-6.2000;-6.0000;-6.1000,ok,2026-09-05 06:40:31
CHEMBL109509,TDP43_v2,-7.7,2026,-7.5000;-7.7000;-7.7000,ok,2026-09-05 06:40:43
CHEMBL109516,TDP43_v2,-5.4,42,-5.4000;-5.4000;-5.4000,ok,2026-09-05 06:40:50
CHEMBL109517,TDP43_v2,-6.0,42,-6.0000;-5.9000;-5.9000,ok,2026-09-05 06:40:56
CHEMBL1095281,TDP43_v2,-7.4,777,-7.3000;-7.3000;-7.4000,ok,2026-09-05 06:41:06
CHEMBL1095282,TDP43_v2,-5.8,42,-5.8000;-5.8000;-5.8000,ok,2026-09-05 06:41:12
CHEMBL1095283,TDP43_v2,-6.6,2026,-5.8000;-6.6000;-6.4000,ok,2026-09-05 06:41:28
CHEMBL1095284,TDP43_v2,-5.9,777,-5.6000;-5.6000;-5.9000,ok,2026-09-05 06:41:45
CHEMBL109532,TDP43_v2,-5.8,2026,-5.2000;-5.8000;-4.9000,ok,2026-09-05 06:41:57
CHEMBL1095366,TDP43_v2,-6.1,42,-6.1000;-6.0000;-6.1000,ok,2026-09-05 06:42:04
CHEMBL1095607,TDP43_v2,-6.8,2026,-6.7000;-6.8000;-6.8000,ok,2026-09-05 06:42:16
CHEMBL1095618,TDP43_v2,-7.6,42,-7.6000;-7.6000;-7.6000,ok,2026-09-05 06:42:26
CHEMBL1095623,TDP43_v2,-9.0,42,-9.0000;-8.5000;-7.5000,ok,2026-09-05 06:42:45
CHEMBL1095625,TDP43_v2,-9.3,777,-8.3000;-9.2000;-9.3000,ok,2026-09-05 06:43:00
CHEMBL1095626,TDP43_v2,-6.6,42,-6.6000;-6.5000;-6.6000,ok,2026-09-05 06:43:13
CHEMBL1095627,TDP43_v2,-6.4,777,-6.0000;-6.3000;-6.4000,ok,2026-09-05 06:43:29
CHEMBL109563,TDP43_v2,-7.1,42,-7.1000;-6.9000;-6.9000,ok,2026-09-05 06:43:38
CHEMBL1095673_FUS_out,TDP43_v2,,,,"error:returncode=1 095673_FUS_out_out.pdbqt
Reading input ... done.


Parse error on line 1 in file ""/kaggle/working/masive_als_tdp43v4/ligandos/CHEMBL1095673_FUS_out.pdbqt"": Unexpected multi-MODEL input. Use ""vina_split"" first?
No valid ligands in the input directory
 | returncode=1 095673_FUS_out_out.pdbqt
Reading input ... done.


Parse error on line 1 in file ""/kaggle/working/masive_als_tdp43v4/ligandos/CHEMBL1095673_FUS_out.pdbqt"": Unexpected multi-MODEL input. Use ""vina_split"" first?
No valid ligands in the input directory
 | returncode=1 095673_FUS_out_out.pdbqt
Reading input ... done.


Parse error on line 1 in file ""/kaggle/working/masive_als_tdp43v4/ligandos/CHEMBL1095673_FUS_out.pdbqt"": Unexpected multi-MODEL input. Use ""vina_split"" first?
No valid ligands in the input directory
",2026-09-05 06:43:38
CHEMBL1095699,TDP43_v2,-4.3,42,-4.3000;-4.3000;-4.3000,ok,2026-09-05 06:43:45
CHEMBL109571,TDP43_v2,-8.2,42,-8.2000;-8.2000;-8.2000,ok,2026-09-05 06:43:51
CHEMBL109579,TDP43_v2,-5.8,42,-5.8000;-5.6000;-5.5000,ok,2026-09-05 06:44:01
CHEMBL1095850,TDP43_v2,-4.5,42,-4.5000;-4.5000;-4.5000,ok,2026-09-05 06:44:07
CHEMBL1095932,TDP43_v2,-7.7,2026,-7.2000;-7.7000;-7.7000,ok,2026-09-05 06:44:26
CHEMBL1095933,TDP43_v2,-7.2,2026,-7.0000;-7.2000;-7.2000,ok,2026-09-05 06:44:44
CHEMBL1095945,TDP43_v2,-9.0,2026,-7.8000;-9.0000;-7.8000,ok,2026-09-05 06:45:06
CHEMBL1095946,TDP43_v2,-8.7,42,-8.7000;-7.8000;-7.7000,ok,2026-09-05 06:45:28
CHEMBL109598,TDP43_v2,-7.0,2026,-6.9000;-7.0000;-7.0000,ok,2026-09-05 06:45:38
CHEMBL1095992,TDP43_v2,-5.3,2026,-5.1000;-5.3000;-5.0000,ok,2026-09-05 06:46:45
CHEMBL1095993,TDP43_v2,-6.1,42,-6.1000;-5.7000;-5.2000,ok,2026-09-05 06:47:53
CHEMBL1095994,TDP43_v2,-4.4,777,-4.2000;-4.1000;-4.4000,ok,2026-09-05 06:49:12
CHEMBL1096002,TDP43_v2,-6.7,42,-6.7000;-6.6000;-6.5000,ok,2026-09-05 06:49:21
CHEMBL1096003,TDP43_v2,-6.5,42,-6.5000;-6.4000;-6.1000,ok,2026-09-05 06:49:34
CHEMBL109603,TDP43_v2,-5.9,2026,-5.7000;-5.9000;-5.2000,ok,2026-09-05 06:49:47
CHEMBL109606,TDP43_v2,-5.8,42,-5.8000;-5.8000;-5.8000,ok,2026-09-05 06:49:53
CHEMBL109609,TDP43_v2,-7.2,777,-6.8000;-7.0000;-7.2000,ok,2026-09-05 06:50:24
CHEMBL109610,TDP43_v2,-6.6,2026,-6.4000;-6.6000;-5.8000,ok,2026-09-05 06:50:30
CHEMBL109612,TDP43_v2,-5.8,42,-5.8000;-5.4000;-5.5000,ok,2026-09-05 06:50:40
CHEMBL1096380,TDP43_v2,-6.4,2026,-6.3000;-6.4000;-6.1000,ok,2026-09-05 06:50:49
CHEMBL109645,TDP43_v2,-5.4,42,-5.4000;-5.4000;-5.4000,ok,2026-09-05 06:50:59
CHEMBL109648,TDP43_v2,-5.0,42,-5.0000;-5.0000;-4.8000,ok,2026-09-05 06:51:30
CHEMBL1096495,TDP43_v2,-5.5,2026,-5.1000;-5.5000;-5.5000,ok,2026-09-05 06:51:36
CHEMBL109652,TDP43_v2,-5.1,42,-5.1000;-5.1000;-5.0000,ok,2026-09-05 06:51:43
CHEMBL109655,TDP43_v2,-6.6,42,-6.6000;-6.5000;-6.4000,ok,2026-09-05 06:51:52
CHEMBL109659,TDP43_v2,-6.5,777,-5.2000;-5.2000;-6.5000,ok,2026-09-05 06:52:38
CHEMBL1096643,TDP43_v2,-4.9,42,-4.9000;-4.8000;-4.9000,ok,2026-09-05 06:52:45
CHEMBL109684,TDP43_v2,-6.5,42,-6.5000;-6.4000;-6.2000,ok,2026-09-05 06:52:54
CHEMBL1096842,TDP43_v2,-7.0,2026,-5.8000;-7.0000;-7.0000,ok,2026-09-05 06:53:13
CHEMBL1096896,TDP43_v2,-5.4,2026,-4.3000;-5.4000;-4.6000,ok,2026-09-05 06:54:30
CHEMBL109692,TDP43_v2,-6.2,42,-6.2000;-6.2000;-6.2000,ok,2026-09-05 06:54:39
CHEMBL1096927,TDP43_v2,-6.1,777,-6.0000;-5.8000;-6.1000,ok,2026-09-05 06:54:46
CHEMBL1096979,TDP43_v2,-5.3,42,-5.3000;-5.2000;-5.3000,ok,2026-09-05 06:54:55
CHEMBL1097,TDP43_v2,-5.1,2026,-4.9000;-5.1000;-5.1000,ok,2026-09-05 06:55:02
CHEMBL1097003,TDP43_v2,-7.3,42,-7.3000;-7.3000;-7.3000,ok,2026-09-05 06:55:08
CHEMBL1097007,TDP43_v2,-4.7,777,-4.4000;-4.0000;-4.7000,ok,2026-09-05 06:55:42
CHEMBL109702,TDP43_v2,-7.0,2026,-6.6000;-7.0000;-6.5000,ok,2026-09-05 06:56:01
CHEMBL1097148,TDP43_v2,-5.1,777,-5.0000;-5.0000;-5.1000,ok,2026-09-05 06:56:07
CHEMBL1097205,TDP43_v2,-4.8,42,-4.8000;-4.8000;-4.8000,ok,2026-09-05 06:56:13
CHEMBL109722,TDP43_v2,-7.0,2026,-6.9000;-7.0000;-7.0000,ok,2026-09-05 06:56:23
CHEMBL1097235,TDP43_v2,-5.5,42,-5.5000;-5.0000;-5.3000,ok,2026-09-05 06:56:33
CHEMBL1097261,TDP43_v2,-7.6,42,-7.6000;-7.6000;-7.6000,ok,2026-09-05 06:56:42
CHEMBL1097262,TDP43_v2,-8.1,42,-8.1000;-8.1000;-8.0000,ok,2026-09-05 06:56:52
CHEMBL1097263,TDP43_v2,-7.5,42,-7.5000;-7.4000;-7.5000,ok,2026-09-05 06:57:02
CHEMBL1097342,TDP43_v2,-6.3,2026,-6.1000;-6.3000;-6.3000,ok,2026-09-05 06:57:51
CHEMBL1097361,TDP43_v2,-4.6,42,-4.6000;-4.1000;-4.6000,ok,2026-09-05 06:58:27
CHEMBL109737,TDP43_v2,-5.0,42,-5.0000;-4.9000;-4.8000,ok,2026-09-05 06:58:33
CHEMBL109745,TDP43_v2,,,,"error:returncode=1 orking/masive_als_tdp43v4/ligandos/CHEMBL109745_out.pdbqt
Reading input ... done.


Parse error on line 72 in file ""/kaggle/working/masive_als_tdp43v4/ligandos/CHEMBL109745.pdbqt"": Unknown or inappropriate tag
No valid ligands in the input directory
 | returncode=1 orking/masive_als_tdp43v4/ligandos/CHEMBL109745_out.pdbqt
Reading input ... done.


Parse error on line 72 in file ""/kaggle/working/masive_als_tdp43v4/ligandos/CHEMBL109745.pdbqt"": Unknown or inappropriate tag
No valid ligands in the input directory
 | returncode=1 orking/masive_als_tdp43v4/ligandos/CHEMBL109745_out.pdbqt
Reading input ... done.


Parse error on line 72 in file ""/kaggle/working/masive_als_tdp43v4/ligandos/CHEMBL109745.pdbqt"": Unknown or inappropriate tag
No valid ligands in the input directory
",2026-09-05 06:58:34
CHEMBL109750,TDP43_v2,-7.8,777,-7.4000;-7.7000;-7.8000,ok,2026-09-05 06:58:40
CHEMBL1097561,TDP43_v2,-7.7,42,-7.7000;-7.0000;-7.0000,ok,2026-09-05 06:59:02
CHEMBL1097603,TDP43_v2,-9.4,2026,-8.4000;-9.4000;-8.4000,ok,2026-09-05 06:59:22
CHEMBL1097615,TDP43_v2,-5.7,777,-5.6000;-5.6000;-5.7000,ok,2026-09-05 06:59:28
CHEMBL1097694,TDP43_v2,-6.1,42,-6.1000;-6.1000;-6.1000,ok,2026-09-05 06:59:35
CHEMBL109770,TDP43_v2,-6.2,42,-6.2000;-6.2000;-5.7000,ok,2026-09-05 06:59:47
CHEMBL109787,TDP43_v2,-7.8,777,-7.7000;-7.6000;-7.8000,ok,2026-09-05 07:00:07
CHEMBL1097893,TDP43_v2,-8.4,2026,-7.2000;-8.4000;-7.3000,ok,2026-09-05 07:00:32
CHEMBL1097894,TDP43_v2,-7.0,42,-7.0000;-7.0000;-6.9000,ok,2026-09-05 07:00:54
CHEMBL1097895,TDP43_v2,-9.7,777,-9.6000;-9.6000;-9.7000,ok,2026-09-05 07:01:15
CHEMBL1097896,TDP43_v2,-8.4,2026,-8.0000;-8.4000;-7.7000,ok,2026-09-05 07:01:40
CHEMBL1097897,TDP43_v2,-7.8,2026,-7.2000;-7.8000;-6.6000,ok,2026-09-05 07:02:06
CHEMBL1097898,TDP43_v2,-6.8,777,-6.6000;-6.6000;-6.8000,ok,2026-09-05 07:02:34
CHEMBL1097899,TDP43_v2,-8.0,42,-8.0000;-7.8000;-7.8000,ok,2026-09-05 07:03:02
CHEMBL1097900,TDP43_v2,-7.6,2026,-6.9000;-7.6000;-7.5000,ok,2026-09-05 07:03:30
CHEMBL1097901,TDP43_v2,-9.7,2026,-7.7000;-9.7000;-8.2000,ok,2026-09-05 07:03:58
CHEMBL1097902,TDP43_v2,-10.5,2026,-10.3000;-10.5000;-10.5000,ok,2026-09-05 07:04:23
CHEMBL1097904,TDP43_v2,-5.0,42,-5.0000;-4.9000;-5.0000,ok,2026-09-05 07:04:29
CHEMBL1097942,TDP43_v2,-6.7,42,-6.7000;-6.7000;-6.4000,ok,2026-09-05 07:04:54
CHEMBL1097999,TDP43_v2,-6.8,42,-6.8000;-6.3000;-6.8000,ok,2026-09-05 07:05:00
CHEMBL109802,TDP43_v2,-7.3,42,-7.3000;-7.3000;-7.0000,ok,2026-09-05 07:05:16
CHEMBL109806,TDP43_v2,-5.3,42,-5.3000;-5.2000;-4.8000,ok,2026-09-05 07:05:29
CHEMBL109819,TDP43_v2,-5.1,42,-5.1000;-4.9000;-4.9000,ok,2026-09-05 07:05:35
CHEMBL1098240,TDP43_v2,-6.0,777,-5.0000;-5.6000;-6.0000,ok,2026-09-05 07:07:00
CHEMBL1098242,TDP43_v2,-6.7,2026,-6.6000;-6.7000;-6.4000,ok,2026-09-05 07:07:26
CHEMBL1098243,TDP43_v2,-6.5,42,-6.5000;-6.5000;-6.5000,ok,2026-09-05 07:07:51
CHEMBL1098244,TDP43_v2,-7.2,2026,-7.1000;-7.2000;-7.2000,ok,2026-09-05 07:08:15
CHEMBL1098245,TDP43_v2,-7.0,2026,-6.9000;-7.0000;-6.9000,ok,2026-09-05 07:08:49
CHEMBL1098246,TDP43_v2,-7.6,2026,-7.4000;-7.6000;-6.1000,ok,2026-09-05 07:09:29
CHEMBL1098247,TDP43_v2,-7.9,42,-7.9000;-7.8000;-6.6000,ok,2026-09-05 07:10:13
CHEMBL1098248,TDP43_v2,-7.5,2026,-7.4000;-7.5000;-6.9000,ok,2026-09-05 07:10:53
CHEMBL1098300,TDP43_v2,-7.5,42,-7.5000;-7.3000;-7.5000,ok,2026-09-05 07:11:06
CHEMBL1098301,TDP43_v2,-9.2,2026,-8.4000;-9.2000;-7.3000,ok,2026-09-05 07:11:25
CHEMBL1098305,TDP43_v2,-9.6,2026,-8.4000;-9.6000;-9.5000,ok,2026-09-05 07:11:43
CHEMBL1098306,TDP43_v2,-8.5,777,-8.0000;-7.6000;-8.5000,ok,2026-09-05 07:12:05
CHEMBL109831,TDP43_v2,-5.0,777,-4.7000;-4.7000;-5.0000,ok,2026-09-05 07:12:12
CHEMBL1098310,TDP43_v2,-8.3,42,-8.3000;-7.9000;-8.2000,ok,2026-09-05 07:12:21
CHEMBL1098311,TDP43_v2,-7.4,42,-7.4000;-7.4000;-7.3000,ok,2026-09-05 07:12:31
CHEMBL1098316,TDP43_v2,-5.2,42,-5.2000;-5.1000;-5.2000,ok,2026-09-05 07:12:40
CHEMBL109834,TDP43_v2,-5.2,42,-5.2000;-5.2000;-5.2000,ok,2026-09-05 07:12:53
CHEMBL109851,TDP43_v2,-4.4,42,-4.4000;-4.4000;-4.4000,ok,2026-09-05 07:12:59
CHEMBL10986,TDP43_v2,-6.1,42,-6.1000;-5.9000;-5.9000,ok,2026-09-05 07:13:18
CHEMBL109860,TDP43_v2,-6.2,42,-6.2000;-6.1000;-5.9000,ok,2026-09-05 07:13:25
CHEMBL109861,TDP43_v2,-5.3,777,-5.1000;-5.2000;-5.3000,ok,2026-09-05 07:13:34
CHEMBL1098619,TDP43_v2,-7.8,2026,-7.7000;-7.8000;-7.8000,ok,2026-09-05 07:13:44
CHEMBL109866,TDP43_v2,-4.2,42,-4.2000;-4.2000;-4.2000,ok,2026-09-05 07:13:50
CHEMBL1098668,TDP43_v2,-5.2,42,-5.2000;-4.8000;-4.9000,ok,2026-09-05 07:14:42
CHEMBL1098669,TDP43_v2,-5.1,42,-5.1000;-4.3000;-4.8000,ok,2026-09-05 07:15:37
CHEMBL1098670,TDP43_v2,-5.0,42,-5.0000;-5.0000;-4.9000,ok,2026-09-05 07:16:30
CHEMBL1098671,TDP43_v2,-5.1,2026,-4.5000;-5.1000;-4.9000,ok,2026-09-05 07:17:16
CHEMBL109869,TDP43_v2,-7.0,777,-6.9000;-6.9000;-7.0000,ok,2026-09-05 07:17:22
CHEMBL10987,TDP43_v2,-6.5,42,-6.5000;-6.5000;-6.5000,ok,2026-09-05 07:17:28
CHEMBL1098938,TDP43_v2,-6.0,777,-5.5000;-5.3000;-6.0000,ok,2026-09-05 07:17:47
CHEMBL1098939,TDP43_v2,-5.8,2026,-5.1000;-5.8000;-5.6000,ok,2026-09-05 07:18:07
CHEMBL1098944,TDP43_v2,-5.5,42,-5.5000;-4.8000;-4.9000,ok,2026-09-05 07:18:19
CHEMBL109897,TDP43_v2,-7.2,2026,-6.8000;-7.2000;-6.1000,ok,2026-09-05 07:19:05
CHEMBL1099,TDP43_v2,-4.3,42,-4.3000;-4.3000;-4.2000,ok,2026-09-05 07:19:12
CHEMBL109912,TDP43_v2,-5.1,42,-5.1000;-5.1000;-5.1000,ok,2026-09-05 07:19:24
CHEMBL1099170,TDP43_v2,-5.9,42,-5.9000;-5.8000;-5.7000,ok,2026-09-05 07:19:31
CHEMBL1099179,TDP43_v2,-5.2,42,-5.2000;-5.2000;-5.2000,ok,2026-09-05 07:19:37
CHEMBL1099212,TDP43_v2,-5.3,777,-5.1000;-5.1000;-5.3000,ok,2026-09-05 07:19:47
CHEMBL1099276,TDP43_v2,-5.4,42,-5.4000;-5.2000;-5.4000,ok,2026-09-05 07:20:05
CHEMBL1099290,TDP43_v2,-5.2,2026,-5.1000;-5.2000;-5.2000,ok,2026-09-05 07:20:15
CHEMBL1099296,TDP43_v2,-5.3,42,-5.3000;-5.2000;-5.2000,ok,2026-09-05 07:20:34
CHEMBL1099297,TDP43_v2,-5.2,2026,-5.1000;-5.2000;-5.0000,ok,2026-09-05 07:20:52
CHEMBL109939,TDP43_v2,-5.9,42,-5.9000;-5.8000;-5.8000,ok,2026-09-05 07:20:59
CHEMBL109944,TDP43_v2,-5.4,2026,-5.2000;-5.4000;-5.4000,ok,2026-09-05 07:21:11
CHEMBL109962,TDP43_v2,-3.8,42,-3.8000;-3.8000;-3.8000,ok,2026-09-05 07:21:18
CHEMBL109972,TDP43_v2,-6.6,2026,-6.4000;-6.6000;-6.2000,ok,2026-09-05 07:21:26
CHEMBL109977,TDP43_v2,-6.3,777,-5.8000;-6.2000;-6.3000,ok,2026-09-05 07:21:39
CHEMBL109981,TDP43_v2,-5.7,777,-5.6000;-5.6000;-5.7000,ok,2026-09-05 07:21:57
CHEMBL110000,TDP43_v2,-5.8,42,-5.8000;-5.7000;-5.7000,ok,2026-09-05 07:22:10
CHEMBL110011,TDP43_v2,-5.3,42,-5.3000;-5.1000;-5.1000,ok,2026-09-05 07:22:16
CHEMBL110021,TDP43_v2,-4.9,777,-4.8000;-4.8000;-4.9000,ok,2026-09-05 07:22:23
CHEMBL110037,TDP43_v2,-5.7,42,-5.7000;-5.7000;-5.5000,ok,2026-09-05 07:22:41
CHEMBL110040,TDP43_v2,-4.8,42,-4.8000;-4.8000;-4.5000,ok,2026-09-05 07:23:09
CHEMBL110054,TDP43_v2,-6.1,42,-6.1000;-6.0000;-6.0000,ok,2026-09-05 07:23:19
CHEMBL110057,TDP43_v2,-5.9,42,-5.9000;-5.8000;-5.8000,ok,2026-09-05 07:23:34
CHEMBL110059,TDP43_v2,-5.7,42,-5.7000;-5.7000;-5.7000,ok,2026-09-05 07:23:41
CHEMBL110078,TDP43_v2,-5.0,2026,-4.9000;-5.0000;-4.9000,ok,2026-09-05 07:23:57
CHEMBL110094,TDP43_v2,-6.3,2026,-6.2000;-6.3000;-6.3000,ok,2026-09-05 07:24:03
CHEMBL110120,TDP43_v2,-6.7,777,-6.4000;-6.3000;-6.7000,ok,2026-09-05 07:24:13
CHEMBL110124,TDP43_v2,-6.8,42,-6.8000;-6.4000;-6.4000,ok,2026-09-05 07:24:22
CHEMBL110126,TDP43_v2,-6.3,42,-6.3000;-6.2000;-6.3000,ok,2026-09-05 07:24:32
CHEMBL110138,TDP43_v2,-7.7,42,-7.7000;-6.0000;-7.5000,ok,2026-09-05 07:24:44
CHEMBL110154,TDP43_v2,-6.8,42,-6.8000;-6.8000;-6.7000,ok,2026-09-05 07:24:51
CHEMBL110183,TDP43_v2,-6.1,42,-6.1000;-5.8000;-5.8000,ok,2026-09-05 07:25:52
CHEMBL110239,TDP43_v2,-5.4,2026,-4.7000;-5.4000;-5.0000,ok,2026-09-05 07:25:58
CHEMBL110309,TDP43_v2,-6.6,2026,-6.0000;-6.6000;-6.6000,ok,2026-09-05 07:27:49
CHEMBL110317,TDP43_v2,-5.8,42,-5.8000;-5.7000;-5.8000,ok,2026-09-05 07:27:55
CHEMBL110333,TDP43_v2,-6.1,777,-6.0000;-4.7000;-6.1000,ok,2026-09-05 07:28:52
CHEMBL110349,TDP43_v2,-7.8,777,-7.5000;-7.4000;-7.8000,ok,2026-09-05 07:29:04
CHEMBL110365,TDP43_v2,-7.0,42,-7.0000;-6.9000;-6.9000,ok,2026-09-05 07:29:20
CHEMBL110370,TDP43_v2,-7.7,42,-7.7000;-7.7000;-7.7000,ok,2026-09-05 07:29:27
CHEMBL110410,TDP43_v2,-5.1,42,-5.1000;-5.0000;-4.9000,ok,2026-09-05 07:29:33
CHEMBL110411,TDP43_v2,-7.3,777,-6.8000;-6.9000;-7.3000,ok,2026-09-05 07:29:49
CHEMBL110419,TDP43_v2,-6.8,42,-6.8000;-5.3000;-5.1000,ok,2026-09-05 07:30:12
CHEMBL110441,TDP43_v2,-5.4,42,-5.4000;-4.5000;-5.3000,ok,2026-09-05 07:31:29
CHEMBL110442,TDP43_v2,-5.7,42,-5.7000;-4.3000;-5.7000,ok,2026-09-05 07:32:47
CHEMBL110479,TDP43_v2,-6.8,777,-6.7000;-6.5000;-6.8000,ok,2026-09-05 07:32:53
CHEMBL110489,TDP43_v2,-6.5,42,-6.5000;-5.2000;-6.4000,ok,2026-09-05 07:33:00
CHEMBL110491,TDP43_v2,-7.4,42,-7.4000;-7.4000;-7.4000,ok,2026-09-05 07:33:06
CHEMBL1105,TDP43_v2,-7.1,777,-6.7000;-6.8000;-7.1000,ok,2026-09-05 07:33:13
CHEMBL110530,TDP43_v2,-7.0,2026,-6.8000;-7.0000;-6.4000,ok,2026-09-05 07:33:25
CHEMBL110619,TDP43_v2,-6.6,777,-6.5000;-6.5000;-6.6000,ok,2026-09-05 07:33:32
CHEMBL110640,TDP43_v2,-6.6,42,-6.6000;-6.6000;-6.2000,ok,2026-09-05 07:33:48
CHEMBL11065,TDP43_v2,-5.2,42,-5.2000;-5.1000;-4.9000,ok,2026-09-05 07:33:54
CHEMBL11066,TDP43_v2,-5.5,2026,-5.3000;-5.5000;-5.5000,ok,2026-09-05 07:34:00
CHEMBL110666,TDP43_v2,-6.6,42,-6.6000;-6.5000;-6.3000,ok,2026-09-05 07:34:16
CHEMBL110674,TDP43_v2,-4.4,42,-4.4000;-4.4000;-4.0000,ok,2026-09-05 07:35:16
CHEMBL110712,TDP43_v2,-7.1,777,-6.9000;-6.6000;-7.1000,ok,2026-09-05 07:35:25
CHEMBL110750,TDP43_v2,-5.6,777,-5.4000;-5.5000;-5.6000,ok,2026-09-05 07:35:35
CHEMBL110793,TDP43_v2,-5.5,777,-5.4000;-5.4000;-5.5000,ok,2026-09-05 07:35:51
CHEMBL110823,TDP43_v2,-5.1,42,-5.1000;-4.7000;-4.5000,ok,2026-09-05 07:36:30
CHEMBL110830,TDP43_v2,-4.6,42,-4.6000;-4.6000;-4.5000,ok,2026-09-05 07:36:37
CHEMBL110841,TDP43_v2,-5.1,42,-5.1000;-3.8000;-4.4000,ok,2026-09-05 07:37:46
CHEMBL110888,TDP43_v2,-5.1,42,-5.1000;-5.0000;-5.0000,ok,2026-09-05 07:37:52
CHEMBL110970,TDP43_v2,-5.3,42,-5.3000;-5.1000;-5.0000,ok,2026-09-05 07:38:02
CHEMBL110971,TDP43_v2,-5.2,42,-5.2000;-5.1000;-5.1000,ok,2026-09-05 07:38:11
CHEMBL111005,TDP43_v2,-6.0,42,-6.0000;-6.0000;-6.0000,ok,2026-09-05 07:38:24
CHEMBL111037,TDP43_v2,-6.5,42,-6.5000;-6.5000;-6.5000,ok,2026-09-05 07:38:30
CHEMBL111050,TDP43_v2,-5.3,42,-5.3000;-4.8000;-5.2000,ok,2026-09-05 07:38:37
CHEMBL111054,TDP43_v2,-7.3,777,-6.7000;-7.1000;-7.3000,ok,2026-09-05 07:38:47
CHEMBL111077,TDP43_v2,-5.5,42,-5.5000;-5.2000;-5.2000,ok,2026-09-05 07:38:56
CHEMBL111099,TDP43_v2,-6.4,2026,-6.3000;-6.4000;-6.3000,ok,2026-09-05 07:39:06
CHEMBL111128,TDP43_v2,-7.2,2026,-6.6000;-7.2000;-6.9000,ok,2026-09-05 07:39:12
CHEMBL111134,TDP43_v2,-5.6,42,-5.6000;-5.6000;-5.5000,ok,2026-09-05 07:39:19
CHEMBL111148,TDP43_v2,-7.1,2026,-7.0000;-7.1000;-7.0000,ok,2026-09-05 07:39:28
CHEMBL111179,TDP43_v2,-5.9,42,-5.9000;-5.9000;-5.1000,ok,2026-09-05 07:39:41
CHEMBL111184,TDP43_v2,-6.0,777,-5.9000;-5.9000;-6.0000,ok,2026-09-05 07:39:47
CHEMBL111185,TDP43_v2,-5.6,777,-5.2000;-5.2000;-5.6000,ok,2026-09-05 07:40:06
CHEMBL111192,TDP43_v2,-7.3,42,-7.3000;-7.3000;-7.3000,ok,2026-09-05 07:40:15
CHEMBL11122,TDP43_v2,-4.7,42,-4.7000;-4.6000;-4.7000,ok,2026-09-05 07:40:22
CHEMBL111230,TDP43_v2,-6.6,42,-6.6000;-6.3000;-6.4000,ok,2026-09-05 07:40:31
CHEMBL111232,TDP43_v2,-5.2,42,-5.2000;-5.2000;-4.9000,ok,2026-09-05 07:40:41
CHEMBL111233,TDP43_v2,-7.8,42,-7.8000;-7.0000;-7.5000,ok,2026-09-05 07:40:50
CHEMBL111234,TDP43_v2,-7.3,42,-7.3000;-7.3000;-7.3000,ok,2026-09-05 07:40:57
CHEMBL111257,TDP43_v2,-5.7,2026,-5.5000;-5.7000;-5.5000,ok,2026-09-05 07:41:06
CHEMBL111272,TDP43_v2,-6.8,42,-6.8000;-6.6000;-6.6000,ok,2026-09-05 07:41:13
CHEMBL111298,TDP43_v2,-5.6,42,-5.6000;-5.6000;-5.5000,ok,2026-09-05 07:41:25
CHEMBL111309,TDP43_v2,-8.2,42,-8.2000;-8.1000;-7.7000,ok,2026-09-05 07:41:32
CHEMBL111310,TDP43_v2,-7.1,42,-7.1000;-6.8000;-7.0000,ok,2026-09-05 07:41:38
CHEMBL111340,TDP43_v2,-6.2,42,-6.2000;-6.2000;-6.1000,ok,2026-09-05 07:41:48
CHEMBL111347,TDP43_v2,-6.2,42,-6.2000;-6.2000;-6.2000,ok,2026-09-05 07:41:57
CHEMBL111399,TDP43_v2,-6.0,777,-5.9000;-5.9000;-6.0000,ok,2026-09-05 07:42:10
CHEMBL1114,TDP43_v2,-5.5,777,-5.4000;-5.4000;-5.5000,ok,2026-09-05 07:42:17
CHEMBL111433,TDP43_v2,-6.8,42,-6.8000;-6.7000;-6.7000,ok,2026-09-05 07:42:23
CHEMBL111450,TDP43_v2,-5.4,42,-5.4000;-5.3000;-5.3000,ok,2026-09-05 07:42:36
CHEMBL111469,TDP43_v2,-5.2,42,-5.2000;-5.2000;-5.2000,ok,2026-09-05 07:42:42
CHEMBL111484,TDP43_v2,-6.1,42,-6.1000;-5.8000;-6.0000,ok,2026-09-05 07:42:48
CHEMBL111507,TDP43_v2,-5.0,42,-5.0000;-5.0000;-5.0000,ok,2026-09-05 07:42:55
CHEMBL111532,TDP43_v2,-6.3,42,-6.3000;-6.2000;-6.2000,ok,2026-09-05 07:43:04
CHEMBL111545,TDP43_v2,-4.8,42,-4.8000;-4.5000;-4.8000,ok,2026-09-05 07:43:17
CHEMBL111574,TDP43_v2,-6.5,2026,-6.4000;-6.5000;-6.5000,ok,2026-09-05 07:43:26
CHEMBL111575,TDP43_v2,-7.6,2026,-7.5000;-7.6000;-6.7000,ok,2026-09-05 07:43:39
CHEMBL111583,TDP43_v2,-6.7,42,-6.7000;-6.7000;-6.6000,ok,2026-09-05 07:43:45
CHEMBL111620,TDP43_v2,-6.9,777,-6.6000;-6.4000;-6.9000,ok,2026-09-05 07:43:58
CHEMBL111624,TDP43_v2,-6.1,2026,-5.8000;-6.1000;-6.1000,ok,2026-09-05 07:44:04
CHEMBL111654,TDP43_v2,-4.8,42,-4.8000;-4.7000;-4.7000,ok,2026-09-05 07:44:11
CHEMBL111659,TDP43_v2,-6.0,42,-6.0000;-6.0000;-6.0000,ok,2026-09-05 07:44:17
CHEMBL111670,TDP43_v2,-5.8,42,-5.8000;-5.8000;-5.8000,ok,2026-09-05 07:44:27
CHEMBL111678,TDP43_v2,-5.3,777,-5.0000;-5.1000;-5.3000,ok,2026-09-05 07:44:36
CHEMBL111702,TDP43_v2,-5.6,42,-5.6000;-5.4000;-5.5000,ok,2026-09-05 07:44:51
CHEMBL111705,TDP43_v2,-5.0,42,-5.0000;-5.0000;-4.8000,ok,2026-09-05 07:45:22
CHEMBL111715,TDP43_v2,-6.2,42,-6.2000;-6.1000;-6.2000,ok,2026-09-05 07:45:28
CHEMBL111724,TDP43_v2,-6.3,42,-6.3000;-5.7000;-6.0000,ok,2026-09-05 07:45:38
CHEMBL111749,TDP43_v2,-5.1,777,-5.0000;-5.0000;-5.1000,ok,2026-09-05 07:45:47
CHEMBL111750,TDP43_v2,-6.3,777,-6.0000;-6.1000;-6.3000,ok,2026-09-05 07:46:01
CHEMBL111759,TDP43_v2,-6.4,42,-6.4000;-6.2000;-6.4000,ok,2026-09-05 07:46:07
CHEMBL111825,TDP43_v2,-7.4,42,-7.4000;-6.3000;-6.6000,ok,2026-09-05 07:46:17
CHEMBL111833,TDP43_v2,-4.8,42,-4.8000;-4.5000;-4.8000,ok,2026-09-05 07:47:02
CHEMBL111839,TDP43_v2,-4.9,42,-4.9000;-4.2000;-4.8000,ok,2026-09-05 07:47:32
CHEMBL111856,TDP43_v2,-7.9,42,-7.9000;-7.3000;-7.7000,ok,2026-09-05 07:47:45
CHEMBL111884,TDP43_v2,-5.9,42,-5.9000;-5.6000;-5.6000,ok,2026-09-05 07:47:58
CHEMBL1119,TDP43_v2,-5.1,2026,-5.0000;-5.1000;-5.0000,ok,2026-09-05 07:48:04
CHEMBL111918,TDP43_v2,-5.9,42,-5.9000;-5.7000;-5.4000,ok,2026-09-05 07:48:20
CHEMBL111926,TDP43_v2,-5.5,42,-5.5000;-4.7000;-4.8000,ok,2026-09-05 07:48:38
CHEMBL111928,TDP43_v2,-6.8,42,-6.8000;-6.5000;-6.5000,ok,2026-09-05 07:48:57
CHEMBL111938,TDP43_v2,-5.3,777,-4.7000;-4.9000;-5.3000,ok,2026-09-05 07:49:58
CHEMBL111965,TDP43_v2,-5.5,2026,-5.2000;-5.5000;-5.4000,ok,2026-09-05 07:50:38
CHEMBL112030,TDP43_v2,-5.3,2026,-5.2000;-5.3000;-4.9000,ok,2026-09-05 07:50:47
CHEMBL112035,TDP43_v2,-7.2,42,-7.2000;-7.2000;-7.2000,ok,2026-09-05 07:50:54
CHEMBL112055,TDP43_v2,-5.6,2026,-4.4000;-5.6000;-5.3000,ok,2026-09-05 07:51:27
CHEMBL112065,TDP43_v2,,,,"error:returncode=1 orking/masive_als_tdp43v4/ligandos/CHEMBL112065_out.pdbqt
Reading input ... done.


Parse error on line 92 in file ""/kaggle/working/masive_als_tdp43v4/ligandos/CHEMBL112065.pdbqt"": Unknown or inappropriate tag
No valid ligands in the input directory
 | returncode=1 orking/masive_als_tdp43v4/ligandos/CHEMBL112065_out.pdbqt
Reading input ... done.


Parse error on line 92 in file ""/kaggle/working/masive_als_tdp43v4/ligandos/CHEMBL112065.pdbqt"": Unknown or inappropriate tag
No valid ligands in the input directory
 | returncode=1 orking/masive_als_tdp43v4/ligandos/CHEMBL112065_out.pdbqt
Reading input ... done.


Parse error on line 92 in file ""/kaggle/working/masive_als_tdp43v4/ligandos/CHEMBL112065.pdbqt"": Unknown or inappropriate tag
No valid ligands in the input directory
",2026-09-05 07:51:27
CHEMBL1121,TDP43_v2,-3.6,777,-3.1000;-2.8000;-3.6000,ok,2026-09-05 07:55:56
CHEMBL112138,TDP43_v2,-5.1,777,-4.9000;-4.6000;-5.1000,ok,2026-09-05 07:57:35
CHEMBL112165,TDP43_v2,-6.5,42,-6.5000;-6.5000;-6.5000,ok,2026-09-05 07:57:41
CHEMBL112191,TDP43_v2,-6.1,42,-6.1000;-6.0000;-6.1000,ok,2026-09-05 07:57:51
CHEMBL112207,TDP43_v2,-6.1,2026,-4.8000;-6.1000;-4.8000,ok,2026-09-05 07:58:43
CHEMBL112219,TDP43_v2,-6.9,42,-6.9000;-6.5000;-6.8000,ok,2026-09-05 07:58:58
CHEMBL112235,TDP43_v2,-7.0,42,-7.0000;-7.0000;-7.0000,ok,2026-09-05 07:59:32
CHEMBL112261,TDP43_v2,-5.1,42,-5.1000;-4.2000;-4.9000,ok,2026-09-05 08:00:27
CHEMBL112268,TDP43_v2,-5.7,42,-5.7000;-5.2000;-5.3000,ok,2026-09-05 08:00:40
CHEMBL112302,TDP43_v2,,,,"error:returncode=1 orking/masive_als_tdp43v4/ligandos/CHEMBL112302_out.pdbqt
Reading input ... done.


Parse error on line 18 in file ""/kaggle/working/masive_als_tdp43v4/ligandos/CHEMBL112302.pdbqt"": Unknown or inappropriate tag
No valid ligands in the input directory
 | returncode=1 orking/masive_als_tdp43v4/ligandos/CHEMBL112302_out.pdbqt
Reading input ... done.


Parse error on line 18 in file ""/kaggle/working/masive_als_tdp43v4/ligandos/CHEMBL112302.pdbqt"": Unknown or inappropriate tag
No valid ligands in the input directory
 | returncode=1 orking/masive_als_tdp43v4/ligandos/CHEMBL112302_out.pdbqt
Reading input ... done.


Parse error on line 18 in file ""/kaggle/working/masive_als_tdp43v4/ligandos/CHEMBL112302.pdbqt"": Unknown or inappropriate tag
No valid ligands in the input directory
",2026-09-05 08:00:40
CHEMBL112322,TDP43_v2,-5.2,42,-5.2000;-5.1000;-5.1000,ok,2026-09-05 08:00:46
CHEMBL112328,TDP43_v2,-6.1,42,-6.1000;-6.1000;-6.1000,ok,2026-09-05 08:00:53
CHEMBL112370,TDP43_v2,-5.0,2026,-4.1000;-5.0000;-5.0000,ok,2026-09-05 08:01:36
CHEMBL112372,TDP43_v2,-5.6,42,-5.6000;-5.6000;-5.6000,ok,2026-09-05 08:01:43
CHEMBL112395,TDP43_v2,-6.4,42,-6.4000;-6.4000;-5.9000,ok,2026-09-05 08:01:53
CHEMBL1124,TDP43_v2,-5.6,2026,-5.5000;-5.6000;-5.6000,ok,2026-09-05 08:01:59
CHEMBL112415,TDP43_v2,-5.7,2026,-5.6000;-5.7000;-5.7000,ok,2026-09-05 08:02:09
CHEMBL112462,TDP43_v2,-5.5,42,-5.5000;-5.5000;-5.5000,ok,2026-09-05 08:02:15
CHEMBL112468,TDP43_v2,-5.7,42,-5.7000;-5.7000;-4.2000,ok,2026-09-05 08:02:52
CHEMBL112481,TDP43_v2,-5.4,42,-5.4000;-5.4000;-5.4000,ok,2026-09-05 08:03:02
CHEMBL1125,TDP43_v2,-7.4,42,-7.4000;-7.4000;-7.4000,ok,2026-09-05 08:03:08
CHEMBL11250,TDP43_v2,-7.1,42,-7.1000;-7.1000;-7.1000,ok,2026-09-05 08:03:18
CHEMBL112505,TDP43_v2,-5.6,777,-4.9000;-4.7000;-5.6000,ok,2026-09-05 08:03:34
CHEMBL112511,TDP43_v2,-5.2,2026,-5.0000;-5.2000;-5.0000,ok,2026-09-05 08:03:46
CHEMBL11252,TDP43_v2,-6.2,42,-6.2000;-5.9000;-5.9000,ok,2026-09-05 08:04:09
CHEMBL112528,TDP43_v2,-5.8,2026,-5.7000;-5.8000;-5.4000,ok,2026-09-05 08:04:28
CHEMBL11257,TDP43_v2,-4.8,2026,-4.7000;-4.8000;-4.8000,ok,2026-09-05 08:04:34
CHEMBL112570,TDP43_v2,-6.7,777,-6.4000;-6.6000;-6.7000,ok,2026-09-05 08:04:44
CHEMBL112598,TDP43_v2,-4.8,777,-4.7000;-4.0000;-4.8000,ok,2026-09-05 08:05:42
CHEMBL112656,TDP43_v2,-6.4,42,-6.4000;-6.4000;-6.4000,ok,2026-09-05 08:05:51
CHEMBL11266,TDP43_v2,-6.9,42,-6.9000;-5.0000;-4.9000,ok,2026-09-05 08:07:09
CHEMBL112687,TDP43_v2,-5.6,777,-5.5000;-5.4000;-5.6000,ok,2026-09-05 08:07:16
CHEMBL1127,TDP43_v2,-5.9,42,-5.9000;-5.9000;-5.9000,ok,2026-09-05 08:07:23
CHEMBL112705,TDP43_v2,-5.8,777,-5.7000;-5.4000;-5.8000,ok,2026-09-05 08:07:35
CHEMBL112709,TDP43_v2,-6.5,42,-6.5000;-6.5000;-6.5000,ok,2026-09-05 08:07:48
CHEMBL112735,TDP43_v2,-5.6,2026,-4.9000;-5.6000;-5.2000,ok,2026-09-05 08:08:04
CHEMBL112743,TDP43_v2,-6.4,42,-6.4000;-6.3000;-6.2000,ok,2026-09-05 08:08:26
CHEMBL112793,TDP43_v2,-6.2,2026,-6.1000;-6.2000;-6.1000,ok,2026-09-05 08:08:36
CHEMBL112797,TDP43_v2,-4.6,42,-4.6000;-4.6000;-4.6000,ok,2026-09-05 08:08:42
CHEMBL112816,TDP43_v2,-6.0,777,-5.9000;-5.9000;-6.0000,ok,2026-09-05 08:08:49
CHEMBL112830,TDP43_v2,-6.0,2026,-5.8000;-6.0000;-6.0000,ok,2026-09-05 08:08:55
CHEMBL112831,TDP43_v2,-6.6,2026,-6.5000;-6.6000;-6.6000,ok,2026-09-05 08:09:05
CHEMBL112833,TDP43_v2,-6.5,2026,-6.3000;-6.5000;-6.3000,ok,2026-09-05 08:09:17
CHEMBL112834,TDP43_v2,-5.8,2026,-5.5000;-5.8000;-5.2000,ok,2026-09-05 08:09:27
CHEMBL112868,TDP43_v2,-4.1,42,-4.1000;-4.1000;-4.1000,ok,2026-09-05 08:09:33
CHEMBL112896,TDP43_v2,-5.0,42,-5.0000;-5.0000;-5.0000,ok,2026-09-05 08:09:46
CHEMBL112935,TDP43_v2,-5.5,2026,-5.3000;-5.5000;-5.5000,ok,2026-09-05 08:10:23
CHEMBL112974,TDP43_v2,-6.2,42,-6.2000;-6.1000;-6.1000,ok,2026-09-05 08:10:32
CHEMBL11298,TDP43_v2,-4.3,42,-4.3000;-4.3000;-4.3000,ok,2026-09-05 08:10:39
CHEMBL112998,TDP43_v2,-5.7,42,-5.7000;-5.7000;-5.7000,ok,2026-09-05 08:10:48
CHEMBL1130,TDP43_v2,-5.3,2026,-5.2000;-5.3000;-5.3000,ok,2026-09-05 08:10:55
CHEMBL11301,TDP43_v2,-4.9,42,-4.9000;-4.9000;-4.9000,ok,2026-09-05 08:11:01
CHEMBL113012,TDP43_v2,-5.1,777,-4.3000;-4.7000;-5.1000,ok,2026-09-05 08:11:41
CHEMBL113028,TDP43_v2,-6.8,42,-6.8000;-6.8000;-6.5000,ok,2026-09-05 08:11:48
CHEMBL113029,TDP43_v2,-7.6,777,-7.4000;-7.3000;-7.6000,ok,2026-09-05 08:11:54
CHEMBL113044,TDP43_v2,-6.8,42,-6.8000;-6.7000;-6.8000,ok,2026-09-05 08:12:01
CHEMBL113051,TDP43_v2,-5.9,42,-5.9000;-5.9000;-5.9000,ok,2026-09-05 08:12:10
CHEMBL11306,TDP43_v2,-5.0,2026,-4.9000;-5.0000;-5.0000,ok,2026-09-05 08:12:23
CHEMBL113074,TDP43_v2,-6.1,42,-6.1000;-6.0000;-5.9000,ok,2026-09-05 08:12:45
CHEMBL113108,TDP43_v2,-7.2,42,-7.2000;-7.1000;-7.2000,ok,2026-09-05 08:12:51
CHEMBL113136,TDP43_v2,-5.3,42,-5.3000;-5.2000;-5.1000,ok,2026-09-05 08:12:58
CHEMBL113137,TDP43_v2,-5.2,777,-5.1000;-5.0000;-5.2000,ok,2026-09-05 08:13:07
CHEMBL113142,TDP43_v2,-7.3,2026,-6.7000;-7.3000;-6.7000,ok,2026-09-05 08:13:17
CHEMBL113180,TDP43_v2,-5.5,42,-5.5000;-5.5000;-5.4000,ok,2026-09-05 08:13:23
CHEMBL113194,TDP43_v2,-5.2,42,-5.2000;-5.0000;-5.1000,ok,2026-09-05 08:13:33
CHEMBL113196,TDP43_v2,-6.7,777,-6.5000;-6.6000;-6.7000,ok,2026-09-05 08:13:54
CHEMBL113208,TDP43_v2,-6.0,42,-6.0000;-5.4000;-5.1000,ok,2026-09-05 08:14:43
CHEMBL113229,TDP43_v2,-6.0,2026,-5.0000;-6.0000;-5.5000,ok,2026-09-05 08:14:59
CHEMBL113230,TDP43_v2,-6.7,2026,-6.4000;-6.7000;-6.2000,ok,2026-09-05 08:15:09
CHEMBL113238,TDP43_v2,-6.4,42,-6.4000;-6.4000;-6.4000,ok,2026-09-05 08:15:15
CHEMBL11326,TDP43_v2,-5.2,42,-5.2000;-5.2000;-5.1000,ok,2026-09-05 08:15:22
CHEMBL113272,TDP43_v2,-6.2,2026,-5.5000;-6.2000;-6.2000,ok,2026-09-05 08:15:31
CHEMBL113275,TDP43_v2,-5.3,42,-5.3000;-5.2000;-4.9000,ok,2026-09-05 08:15:41
CHEMBL113278,TDP43_v2,-6.7,42,-6.7000;-6.7000;-6.5000,ok,2026-09-05 08:15:53
CHEMBL113313,TDP43_v2,-5.6,777,-4.8000;-5.5000;-5.6000,ok,2026-09-05 08:16:15
CHEMBL113339,TDP43_v2,-6.4,42,-6.4000;-6.4000;-6.4000,ok,2026-09-05 08:16:34
CHEMBL113377,TDP43_v2,-5.6,42,-5.6000;-5.0000;-4.5000,ok,2026-09-05 08:18:14
CHEMBL113381,TDP43_v2,,,,"error:returncode=1 ne.


Parse error on line 50 in file ""/kaggle/working/masive_als_tdp43v4/ligandos/CHEMBL113381.pdbqt"": ATOM syntax incorrect: ""B"" is not a valid AutoDock type. Note that AutoDock atom types are case-sensitive.
No valid ligands in the input directory
 | returncode=1 ne.


Parse error on line 50 in file ""/kaggle/working/masive_als_tdp43v4/ligandos/CHEMBL113381.pdbqt"": ATOM syntax incorrect: ""B"" is not a valid AutoDock type. Note that AutoDock atom types are case-sensitive.
No valid ligands in the input directory
 | returncode=1 ne.


Parse error on line 50 in file ""/kaggle/working/masive_als_tdp43v4/ligandos/CHEMBL113381.pdbqt"": ATOM syntax incorrect: ""B"" is not a valid AutoDock type. Note that AutoDock atom types are case-sensitive.
No valid ligands in the input directory
",2026-09-05 08:18:14
CHEMBL113382,TDP43_v2,-5.2,2026,-5.1000;-5.2000;-4.9000,ok,2026-09-05 08:18:20
CHEMBL113384,TDP43_v2,-6.8,42,-6.8000;-6.8000;-6.8000,ok,2026-09-05 08:18:30
CHEMBL113385,TDP43_v2,-4.6,42,-4.6000;-4.5000;-4.5000,ok,2026-09-05 08:18:36
CHEMBL113389,TDP43_v2,-7.0,42,-7.0000;-7.0000;-7.0000,ok,2026-09-05 08:18:46
CHEMBL113461,TDP43_v2,-5.8,42,-5.8000;-5.6000;-5.8000,ok,2026-09-05 08:18:52
CHEMBL113471,TDP43_v2,-6.7,2026,-5.7000;-6.7000;-6.5000,ok,2026-09-05 08:19:05
CHEMBL1135,TDP43_v2,-3.4,42,-3.4000;-3.4000;-3.4000,ok,2026-09-05 08:19:12
CHEMBL113523,TDP43_v2,-5.7,42,-5.7000;-5.3000;-5.5000,ok,2026-09-05 08:19:24
CHEMBL113524,TDP43_v2,-6.2,777,-6.1000;-6.1000;-6.2000,ok,2026-09-05 08:19:40
CHEMBL113527,TDP43_v2,-6.9,42,-6.9000;-6.7000;-6.3000,ok,2026-09-05 08:20:01
CHEMBL113536,TDP43_v2,-6.7,2026,-6.6000;-6.7000;-6.7000,ok,2026-09-05 08:20:17
CHEMBL113555,TDP43_v2,-4.3,42,-4.3000;-4.3000;-4.3000,ok,2026-09-05 08:20:24
CHEMBL113575,TDP43_v2,-5.9,42,-5.9000;-4.2000;-4.3000,ok,2026-09-05 08:22:02
CHEMBL113598,TDP43_v2,-7.0,2026,-6.1000;-7.0000;-6.3000,ok,2026-09-05 08:22:42
CHEMBL113606,TDP43_v2,-5.7,2026,-4.8000;-5.7000;-5.0000,ok,2026-09-05 08:22:54
CHEMBL11363,TDP43_v2,-5.4,42,-5.4000;-5.4000;-5.4000,ok,2026-09-05 08:23:01
CHEMBL113644,TDP43_v2,-4.2,777,-3.9000;-4.0000;-4.2000,ok,2026-09-05 08:25:19
CHEMBL113650,TDP43_v2,-5.0,777,-4.9000;-4.9000;-5.0000,ok,2026-09-05 08:25:25
CHEMBL113683,TDP43_v2,-5.4,42,-5.4000;-5.3000;-5.0000,ok,2026-09-05 08:25:35
CHEMBL113684,TDP43_v2,-6.1,42,-6.1000;-6.1000;-6.1000,ok,2026-09-05 08:25:44
CHEMBL113690,TDP43_v2,-5.1,42,-5.1000;-5.0000;-5.0000,ok,2026-09-05 08:25:54
CHEMBL113697,TDP43_v2,-6.8,777,-6.6000;-6.6000;-6.8000,ok,2026-09-05 08:26:03
CHEMBL1137,TDP43_v2,-5.9,2026,-5.8000;-5.9000;-5.9000,ok,2026-09-05 08:26:10
CHEMBL113703,TDP43_v2,-6.7,42,-6.7000;-6.7000;-6.7000,ok,2026-09-05 08:26:17
CHEMBL113706,TDP43_v2,-6.8,777,-6.2000;-5.1000;-6.8000,ok,2026-09-05 08:26:32
CHEMBL113716,TDP43_v2,-4.0,42,-4.0000;-4.0000;-4.0000,ok,2026-09-05 08:26:38
CHEMBL113724,TDP43_v2,-6.4,2026,-6.3000;-6.4000;-5.4000,ok,2026-09-05 08:27:11
CHEMBL113805,TDP43_v2,-7.5,42,-7.5000;-5.2000;-6.7000,ok,2026-09-05 08:27:45
CHEMBL113806,TDP43_v2,-6.5,42,-6.5000;-6.5000;-6.4000,ok,2026-09-05 08:27:55
CHEMBL113830,TDP43_v2,-6.0,42,-6.0000;-5.1000;-5.5000,ok,2026-09-05 08:28:04
CHEMBL113833,TDP43_v2,-8.1,42,-8.1000;-8.1000;-8.1000,ok,2026-09-05 08:28:17
CHEMBL113835,TDP43_v2,-8.4,777,-8.3000;-7.5000;-8.4000,ok,2026-09-05 08:28:26
CHEMBL113841,TDP43_v2,-4.8,42,-4.8000;-4.3000;-4.2000,ok,2026-09-05 08:29:26
CHEMBL113842,TDP43_v2,-6.0,42,-6.0000;-5.6000;-5.1000,ok,2026-09-05 08:29:39
CHEMBL113870,TDP43_v2,-4.3,777,-3.9000;-4.0000;-4.3000,ok,2026-09-05 08:30:21
CHEMBL113882,TDP43_v2,,,,"error:returncode=1 orking/masive_als_tdp43v4/ligandos/CHEMBL113882_out.pdbqt
Reading input ... done.


Parse error on line 50 in file ""/kaggle/working/masive_als_tdp43v4/ligandos/CHEMBL113882.pdbqt"": Unknown or inappropriate tag
No valid ligands in the input directory
 | returncode=1 orking/masive_als_tdp43v4/ligandos/CHEMBL113882_out.pdbqt
Reading input ... done.


Parse error on line 50 in file ""/kaggle/working/masive_als_tdp43v4/ligandos/CHEMBL113882.pdbqt"": Unknown or inappropriate tag
No valid ligands in the input directory
 | returncode=1 orking/masive_als_tdp43v4/ligandos/CHEMBL113882_out.pdbqt
Reading input ... done.


Parse error on line 50 in file ""/kaggle/working/masive_als_tdp43v4/ligandos/CHEMBL113882.pdbqt"": Unknown or inappropriate tag
No valid ligands in the input directory
",2026-09-05 08:30:21
CHEMBL113897,TDP43_v2,-5.9,42,-5.9000;-5.9000;-5.9000,ok,2026-09-05 08:30:28
CHEMBL11390,TDP43_v2,-5.4,42,-5.4000;-5.3000;-5.2000,ok,2026-09-05 08:30:34
CHEMBL113942,TDP43_v2,-5.6,2026,-5.5000;-5.6000;-5.5000,ok,2026-09-05 08:30:41
CHEMBL113948,TDP43_v2,-5.7,42,-5.7000;-5.5000;-5.7000,ok,2026-09-05 08:30:50
CHEMBL113956,TDP43_v2,-6.5,777,-6.2000;-6.3000;-6.5000,ok,2026-09-05 08:31:15
CHEMBL113957,TDP43_v2,-3.6,42,-3.6000;-3.6000;-3.5000,ok,2026-09-05 08:31:21
CHEMBL113989,TDP43_v2,-5.5,2026,-4.8000;-5.5000;-5.2000,ok,2026-09-05 08:32:22
CHEMBL113997,TDP43_v2,-5.6,42,-5.6000;-5.6000;-5.6000,ok,2026-09-05 08:32:28
CHEMBL114044,TDP43_v2,-7.0,2026,-6.4000;-7.0000;-7.0000,ok,2026-09-05 08:32:35
CHEMBL114059,TDP43_v2,-5.4,2026,-4.9000;-5.4000;-5.3000,ok,2026-09-05 08:32:41
CHEMBL114062,TDP43_v2,-3.8,42,-3.8000;-3.8000;-3.8000,ok,2026-09-05 08:32:48
CHEMBL114070,TDP43_v2,-5.2,2026,-5.1000;-5.2000;-5.2000,ok,2026-09-05 08:32:54
CHEMBL114123,TDP43_v2,-7.4,2026,-7.3000;-7.4000;-7.4000,ok,2026-09-05 08:33:01
CHEMBL114161,TDP43_v2,-6.3,42,-6.3000;-6.0000;-6.0000,ok,2026-09-05 08:33:10
CHEMBL114163,TDP43_v2,-7.7,777,-7.6000;-7.4000;-7.7000,ok,2026-09-05 08:33:20
CHEMBL114167,TDP43_v2,-5.6,777,-4.8000;-5.1000;-5.6000,ok,2026-09-05 08:33:56
CHEMBL11417,TDP43_v2,-5.3,42,-5.3000;-5.2000;-5.3000,ok,2026-09-05 08:34:18
CHEMBL114186,TDP43_v2,-6.2,42,-6.2000;-6.2000;-6.1000,ok,2026-09-05 08:34:25
CHEMBL114189,TDP43_v2,-6.4,777,-6.2000;-6.2000;-6.4000,ok,2026-09-05 08:34:31
CHEMBL1142,TDP43_v2,-5.8,42,-5.8000;-5.8000;-5.8000,ok,2026-09-05 08:34:38
CHEMBL114203,TDP43_v2,-7.1,42,-7.1000;-7.1000;-7.1000,ok,2026-09-05 08:34:44
CHEMBL114230,TDP43_v2,-5.2,777,-4.7000;-4.9000;-5.2000,ok,2026-09-05 08:35:59
CHEMBL11425,TDP43_v2,-6.6,42,-6.6000;-6.5000;-6.2000,ok,2026-09-05 08:36:12
CHEMBL114275,TDP43_v2,-5.2,2026,-4.9000;-5.2000;-4.9000,ok,2026-09-05 08:36:18
CHEMBL114278,TDP43_v2,-5.7,2026,-4.5000;-5.7000;-5.4000,ok,2026-09-05 08:36:49
CHEMBL114280,TDP43_v2,-6.7,777,-5.7000;-6.4000;-6.7000,ok,2026-09-05 08:36:59
CHEMBL114283,TDP43_v2,-5.8,42,-5.8000;-5.8000;-5.7000,ok,2026-09-05 08:37:05
CHEMBL1143,TDP43_v2,-5.1,42,-5.1000;-5.1000;-5.1000,ok,2026-09-05 08:37:12
CHEMBL114323,TDP43_v2,-6.9,42,-6.9000;-6.8000;-6.8000,ok,2026-09-05 08:37:21
CHEMBL114325,TDP43_v2,-5.3,42,-5.3000;-4.4000;-5.1000,ok,2026-09-05 08:37:43
CHEMBL114330,TDP43_v2,-5.4,42,-5.4000;-4.9000;-4.9000,ok,2026-09-05 08:38:14
CHEMBL114350,TDP43_v2,-5.6,42,-5.6000;-5.5000;-5.6000,ok,2026-09-05 08:38:26
CHEMBL114358,TDP43_v2,-7.3,42,-7.3000;-6.9000;-7.3000,ok,2026-09-05 08:38:33
CHEMBL114379,TDP43_v2,-6.7,777,-6.2000;-6.5000;-6.7000,ok,2026-09-05 08:38:42
CHEMBL114388,TDP43_v2,,,,"error:returncode=1 ne.


Parse error on line 53 in file ""/kaggle/working/masive_als_tdp43v4/ligandos/CHEMBL114388.pdbqt"": ATOM syntax incorrect: ""B"" is not a valid AutoDock type. Note that AutoDock atom types are case-sensitive.
No valid ligands in the input directory
 | returncode=1 ne.


Parse error on line 53 in file ""/kaggle/working/masive_als_tdp43v4/ligandos/CHEMBL114388.pdbqt"": ATOM syntax incorrect: ""B"" is not a valid AutoDock type. Note that AutoDock atom types are case-sensitive.
No valid ligands in the input directory
 | returncode=1 ne.


Parse error on line 53 in file ""/kaggle/working/masive_als_tdp43v4/ligandos/CHEMBL114388.pdbqt"": ATOM syntax incorrect: ""B"" is not a valid AutoDock type. Note that AutoDock atom types are case-sensitive.
No valid ligands in the input directory
",2026-09-05 08:38:42
CHEMBL114395,TDP43_v2,-6.1,2026,-5.8000;-6.1000;-5.9000,ok,2026-09-05 08:38:52
CHEMBL114410,TDP43_v2,-7.0,2026,-5.4000;-7.0000;-5.3000,ok,2026-09-05 08:39:07
CHEMBL114453,TDP43_v2,-6.4,2026,-6.3000;-6.4000;-6.4000,ok,2026-09-05 08:39:17
CHEMBL114462,TDP43_v2,-6.0,777,-5.8000;-5.6000;-6.0000,ok,2026-09-05 08:39:27
CHEMBL114484,TDP43_v2,-6.4,42,-6.4000;-6.4000;-6.4000,ok,2026-09-05 08:39:34
CHEMBL114492,TDP43_v2,-4.6,42,-4.6000;-4.5000;-4.5000,ok,2026-09-05 08:39:41
CHEMBL1145,TDP43_v2,-5.7,2026,-5.6000;-5.7000;-5.3000,ok,2026-09-05 08:39:47
CHEMBL114500,TDP43_v2,-5.9,2026,-5.3000;-5.9000;-5.3000,ok,2026-09-05 08:39:56
CHEMBL114503,TDP43_v2,,,,"error:returncode=1 orking/masive_als_tdp43v4/ligandos/CHEMBL114503_out.pdbqt
Reading input ... done.


Parse error on line 19 in file ""/kaggle/working/masive_als_tdp43v4/ligandos/CHEMBL114503.pdbqt"": Unknown or inappropriate tag
No valid ligands in the input directory
 | returncode=1 orking/masive_als_tdp43v4/ligandos/CHEMBL114503_out.pdbqt
Reading input ... done.


Parse error on line 19 in file ""/kaggle/working/masive_als_tdp43v4/ligandos/CHEMBL114503.pdbqt"": Unknown or inappropriate tag
No valid ligands in the input directory
 | returncode=1 orking/masive_als_tdp43v4/ligandos/CHEMBL114503_out.pdbqt
Reading input ... done.


Parse error on line 19 in file ""/kaggle/working/masive_als_tdp43v4/ligandos/CHEMBL114503.pdbqt"": Unknown or inappropriate tag
No valid ligands in the input directory
",2026-09-05 08:39:56
CHEMBL114523,TDP43_v2,-6.5,777,-6.2000;-6.4000;-6.5000,ok,2026-09-05 08:40:02
CHEMBL114536,TDP43_v2,-7.1,777,-6.9000;-7.0000;-7.1000,ok,2026-09-05 08:40:12
CHEMBL114541,TDP43_v2,-5.9,777,-5.6000;-5.2000;-5.9000,ok,2026-09-05 08:40:24
CHEMBL114551,TDP43_v2,-5.0,2026,-4.8000;-5.0000;-4.9000,ok,2026-09-05 08:40:31
CHEMBL11458,TDP43_v2,-5.3,42,-5.3000;-5.2000;-4.6000,ok,2026-09-05 08:40:37
CHEMBL114586,TDP43_v2,-9.8,42,-9.8000;-8.8000;-8.9000,ok,2026-09-05 08:40:50
CHEMBL114597,TDP43_v2,-5.9,777,-5.6000;-5.7000;-5.9000,ok,2026-09-05 08:41:14
CHEMBL114608,TDP43_v2,-4.8,42,-4.8000;-4.7000;-4.4000,ok,2026-09-05 08:41:33
CHEMBL114634,TDP43_v2,-6.4,777,-6.1000;-4.5000;-6.4000,ok,2026-09-05 08:42:12
CHEMBL114644,TDP43_v2,-7.2,777,-7.1000;-6.9000;-7.2000,ok,2026-09-05 08:42:22
CHEMBL114648,TDP43_v2,-7.0,42,-7.0000;-6.9000;-7.0000,ok,2026-09-05 08:42:28
CHEMBL114651,TDP43_v2,-7.0,42,-7.0000;-7.0000;-7.0000,ok,2026-09-05 08:42:35
CHEMBL114655,TDP43_v2,-6.3,777,-5.5000;-6.1000;-6.3000,ok,2026-09-05 08:42:44
CHEMBL114680,TDP43_v2,-5.8,42,-5.8000;-5.1000;-5.6000,ok,2026-09-05 08:43:06
CHEMBL11470,TDP43_v2,-4.7,2026,-4.6000;-4.7000;-4.7000,ok,2026-09-05 08:43:12
CHEMBL11471,TDP43_v2,-5.4,42,-5.4000;-5.4000;-5.4000,ok,2026-09-05 08:43:19
CHEMBL114715,TDP43_v2,-5.9,42,-5.9000;-5.2000;-5.4000,ok,2026-09-05 08:43:40
CHEMBL11475,TDP43_v2,-7.4,42,-7.4000;-7.4000;-7.4000,ok,2026-09-05 08:43:47
CHEMBL114757,TDP43_v2,-6.4,777,-5.7000;-5.2000;-6.4000,ok,2026-09-05 08:44:05
CHEMBL114791,TDP43_v2,-5.8,2026,-5.6000;-5.8000;-5.8000,ok,2026-09-05 08:44:24
CHEMBL114792,TDP43_v2,-4.5,42,-4.5000;-4.5000;-4.3000,ok,2026-09-05 08:44:31
CHEMBL114803,TDP43_v2,-7.1,42,-7.1000;-7.1000;-7.1000,ok,2026-09-05 08:44:37
CHEMBL114804,TDP43_v2,-6.6,2026,-5.8000;-6.6000;-6.5000,ok,2026-09-05 08:44:50
CHEMBL114823,TDP43_v2,-6.6,42,-6.6000;-6.4000;-6.6000,ok,2026-09-05 08:44:59
CHEMBL114824,TDP43_v2,-6.5,2026,-6.4000;-6.5000;-6.5000,ok,2026-09-05 08:45:12
CHEMBL114825,TDP43_v2,-7.2,777,-5.5000;-5.5000;-7.2000,ok,2026-09-05 08:45:27
CHEMBL114830,TDP43_v2,-5.7,777,-5.0000;-5.5000;-5.7000,ok,2026-09-05 08:45:52
CHEMBL114840,TDP43_v2,-4.7,42,-4.7000;-4.1000;-3.9000,ok,2026-09-05 08:46:11
CHEMBL114844,TDP43_v2,-5.6,42,-5.6000;-5.3000;-5.5000,ok,2026-09-05 08:46:20
CHEMBL11488,TDP43_v2,-4.2,777,-4.1000;-4.1000;-4.2000,ok,2026-09-05 08:46:26
CHEMBL114904,TDP43_v2,-6.2,777,-5.5000;-5.5000;-6.2000,ok,2026-09-05 08:46:36
CHEMBL114951,TDP43_v2,-5.9,2026,-5.7000;-5.9000;-5.9000,ok,2026-09-05 08:46:45
CHEMBL114952,TDP43_v2,-5.1,42,-5.1000;-5.0000;-5.0000,ok,2026-09-05 08:47:22
CHEMBL114957,TDP43_v2,-5.8,42,-5.8000;-5.7000;-5.8000,ok,2026-09-05 08:47:29
CHEMBL115048,TDP43_v2,-6.0,2026,-5.3000;-6.0000;-6.0000,ok,2026-09-05 08:47:59
CHEMBL115090,TDP43_v2,-5.4,42,-5.4000;-4.7000;-5.2000,ok,2026-09-05 08:48:39
CHEMBL115092,TDP43_v2,-6.3,42,-6.3000;-6.3000;-6.2000,ok,2026-09-05 08:48:45
CHEMBL11510,TDP43_v2,-4.4,42,-4.4000;-4.4000;-4.4000,ok,2026-09-05 08:48:52
CHEMBL115109,TDP43_v2,-6.9,42,-6.9000;-6.8000;-6.9000,ok,2026-09-05 08:48:59
CHEMBL115145,TDP43_v2,-7.3,777,-6.6000;-6.5000;-7.3000,ok,2026-09-05 08:49:08
CHEMBL115189,TDP43_v2,-5.0,42,-5.0000;-4.9000;-5.0000,ok,2026-09-05 08:49:21
CHEMBL115214,TDP43_v2,-5.1,42,-5.1000;-5.1000;-4.8000,ok,2026-09-05 08:50:18
CHEMBL115216,TDP43_v2,-6.2,777,-5.6000;-5.8000;-6.2000,ok,2026-09-05 08:51:22
CHEMBL115220,TDP43_v2,-8.3,777,-8.1000;-8.2000;-8.3000,ok,2026-09-05 08:51:29
CHEMBL115222,TDP43_v2,-5.7,2026,-5.6000;-5.7000;-5.7000,ok,2026-09-05 08:51:42
CHEMBL115229,TDP43_v2,-6.8,2026,-6.3000;-6.8000;-6.6000,ok,2026-09-05 08:51:52
CHEMBL115234,TDP43_v2,-7.1,2026,-7.0000;-7.1000;-7.1000,ok,2026-09-05 08:51:58
CHEMBL115243,TDP43_v2,-5.3,2026,-5.1000;-5.3000;-5.0000,ok,2026-09-05 08:52:05
CHEMBL115252,TDP43_v2,-6.4,42,-6.4000;-6.3000;-6.3000,ok,2026-09-05 08:52:20
CHEMBL115253,TDP43_v2,-5.3,42,-5.3000;-5.2000;-4.9000,ok,2026-09-05 08:52:39
CHEMBL115280,TDP43_v2,-6.2,2026,-5.4000;-6.2000;-6.0000,ok,2026-09-05 08:52:51
CHEMBL115297,TDP43_v2,-5.6,777,-5.1000;-4.7000;-5.6000,ok,2026-09-05 08:53:34
CHEMBL115299,TDP43_v2,-5.1,42,-5.1000;-4.9000;-4.8000,ok,2026-09-05 08:53:53
CHEMBL11531,TDP43_v2,-6.8,42,-6.8000;-6.8000;-6.8000,ok,2026-09-05 08:53:59
CHEMBL115314,TDP43_v2,-6.1,2026,-6.0000;-6.1000;-5.7000,ok,2026-09-05 08:54:06
CHEMBL115316,TDP43_v2,-6.5,42,-6.5000;-6.4000;-6.4000,ok,2026-09-05 08:54:18
CHEMBL115328,TDP43_v2,-5.5,777,-5.1000;-5.4000;-5.5000,ok,2026-09-05 08:54:34
CHEMBL115336,TDP43_v2,-5.4,777,-5.2000;-4.6000;-5.4000,ok,2026-09-05 08:55:17
CHEMBL115339,TDP43_v2,-5.5,42,-5.5000;-5.5000;-5.5000,ok,2026-09-05 08:55:38
CHEMBL115350,TDP43_v2,-6.7,42,-6.7000;-6.7000;-6.7000,ok,2026-09-05 08:55:45
CHEMBL115357,TDP43_v2,-5.9,42,-5.9000;-5.0000;-5.7000,ok,2026-09-05 08:56:28
CHEMBL115394,TDP43_v2,-5.2,42,-5.2000;-5.0000;-4.7000,ok,2026-09-05 08:56:46
CHEMBL115402,TDP43_v2,-6.8,777,-6.7000;-6.5000;-6.8000,ok,2026-09-05 08:56:53
CHEMBL115421,TDP43_v2,-6.4,42,-6.4000;-6.4000;-6.3000,ok,2026-09-05 08:57:06
CHEMBL115435,TDP43_v2,,,,"error:returncode=1 orking/masive_als_tdp43v4/ligandos/CHEMBL115435_out.pdbqt
Reading input ... done.


Parse error on line 92 in file ""/kaggle/working/masive_als_tdp43v4/ligandos/CHEMBL115435.pdbqt"": Unknown or inappropriate tag
No valid ligands in the input directory
 | returncode=1 orking/masive_als_tdp43v4/ligandos/CHEMBL115435_out.pdbqt
Reading input ... done.


Parse error on line 92 in file ""/kaggle/working/masive_als_tdp43v4/ligandos/CHEMBL115435.pdbqt"": Unknown or inappropriate tag
No valid ligands in the input directory
 | returncode=1 orking/masive_als_tdp43v4/ligandos/CHEMBL115435_out.pdbqt
Reading input ... done.


Parse error on line 92 in file ""/kaggle/working/masive_als_tdp43v4/ligandos/CHEMBL115435.pdbqt"": Unknown or inappropriate tag
No valid ligands in the input directory
",2026-09-05 08:57:06
CHEMBL11544,TDP43_v2,-3.6,42,-3.6000;-3.6000;-3.6000,ok,2026-09-05 08:57:12
CHEMBL115444,TDP43_v2,-5.7,42,-5.7000;-5.7000;-5.7000,ok,2026-09-05 08:57:25
CHEMBL115452,TDP43_v2,-6.6,2026,-5.9000;-6.6000;-5.8000,ok,2026-09-05 08:57:38
CHEMBL115523,TDP43_v2,-6.0,2026,-5.5000;-6.0000;-5.5000,ok,2026-09-05 08:57:44
CHEMBL115530,TDP43_v2,-3.5,2026,-3.4000;-3.5000;-3.4000,ok,2026-09-05 08:57:50
CHEMBL115585,TDP43_v2,-8.7,777,-8.6000;-8.6000;-8.7000,ok,2026-09-05 08:57:57
CHEMBL115590,TDP43_v2,-6.5,2026,-6.3000;-6.5000;-6.5000,ok,2026-09-05 08:58:03
CHEMBL115619,TDP43_v2,-5.5,42,-5.5000;-4.7000;-5.5000,ok,2026-09-05 08:58:52
CHEMBL115620,TDP43_v2,-5.3,42,-5.3000;-5.0000;-4.4000,ok,2026-09-05 08:59:30
CHEMBL115622,TDP43_v2,-5.5,777,-5.1000;-5.1000;-5.5000,ok,2026-09-05 08:59:48
CHEMBL115652,TDP43_v2,-5.8,42,-5.8000;-5.8000;-5.8000,ok,2026-09-05 08:59:58
CHEMBL115653,TDP43_v2,-6.0,2026,-5.8000;-6.0000;-5.8000,ok,2026-09-05 09:00:14
CHEMBL115660,TDP43_v2,-5.4,2026,-5.3000;-5.4000;-5.4000,ok,2026-09-05 09:01:05
CHEMBL115668,TDP43_v2,-4.8,42,-4.8000;-4.8000;-4.7000,ok,2026-09-05 09:01:12
CHEMBL115676,TDP43_v2,-6.0,777,-5.3000;-5.8000;-6.0000,ok,2026-09-05 09:01:33
CHEMBL115684,TDP43_v2,-5.0,42,-5.0000;-4.6000;-4.7000,ok,2026-09-05 09:01:43
CHEMBL1157,TDP43_v2,-5.3,42,-5.3000;-5.2000;-5.1000,ok,2026-09-05 09:01:49
CHEMBL115709,TDP43_v2,-7.3,42,-7.3000;-7.0000;-7.1000,ok,2026-09-05 09:02:02
CHEMBL115710,TDP43_v2,-6.4,777,-6.1000;-6.2000;-6.4000,ok,2026-09-05 09:02:21
CHEMBL115725,TDP43_v2,-5.0,42,-5.0000;-4.9000;-4.9000,ok,2026-09-05 09:02:27
CHEMBL115727,TDP43_v2,-6.2,2026,-6.1000;-6.2000;-6.2000,ok,2026-09-05 09:02:46
CHEMBL115734,TDP43_v2,-5.7,42,-5.7000;-5.5000;-5.7000,ok,2026-09-05 09:02:59
CHEMBL115756,TDP43_v2,-5.7,42,-5.7000;-5.5000;-5.7000,ok,2026-09-05 09:03:08
CHEMBL115761,TDP43_v2,-7.5,777,-7.2000;-7.1000;-7.5000,ok,2026-09-05 09:03:18
CHEMBL115762,TDP43_v2,,,,"error:returncode=1 ne.


Parse error on line 38 in file ""/kaggle/working/masive_als_tdp43v4/ligandos/CHEMBL115762.pdbqt"": ATOM syntax incorrect: ""B"" is not a valid AutoDock type. Note that AutoDock atom types are case-sensitive.
No valid ligands in the input directory
 | returncode=1 ne.


Parse error on line 38 in file ""/kaggle/working/masive_als_tdp43v4/ligandos/CHEMBL115762.pdbqt"": ATOM syntax incorrect: ""B"" is not a valid AutoDock type. Note that AutoDock atom types are case-sensitive.
No valid ligands in the input directory
 | returncode=1 ne.


Parse error on line 38 in file ""/kaggle/working/masive_als_tdp43v4/ligandos/CHEMBL115762.pdbqt"": ATOM syntax incorrect: ""B"" is not a valid AutoDock type. Note that AutoDock atom types are case-sensitive.
No valid ligands in the input directory
",2026-09-05 09:03:18
CHEMBL115774,TDP43_v2,-6.3,42,-6.3000;-5.6000;-6.0000,ok,2026-09-05 09:04:25
CHEMBL115794,TDP43_v2,-5.6,42,-5.6000;-5.5000;-5.6000,ok,2026-09-05 09:04:31
CHEMBL1158,TDP43_v2,-5.7,42,-5.7000;-5.7000;-5.7000,ok,2026-09-05 09:04:38
CHEMBL115823,TDP43_v2,-6.1,2026,-4.9000;-6.1000;-4.3000,ok,2026-09-05 09:05:14
CHEMBL115824,TDP43_v2,-5.5,42,-5.5000;-5.5000;-5.5000,ok,2026-09-05 09:05:21
CHEMBL115835,TDP43_v2,-6.4,42,-6.4000;-5.3000;-5.4000,ok,2026-09-05 09:05:39
CHEMBL115849,TDP43_v2,-1.7,777,-1.6000;-1.6000;-1.7000,ok,2026-09-05 09:05:45
CHEMBL115860,TDP43_v2,-6.2,42,-6.2000;-6.1000;-5.9000,ok,2026-09-05 09:05:54
CHEMBL115873,TDP43_v2,-5.5,42,-5.5000;-5.4000;-5.4000,ok,2026-09-05 09:06:31
CHEMBL115883,TDP43_v2,-6.8,2026,-6.3000;-6.8000;-6.3000,ok,2026-09-05 09:06:41
CHEMBL115897,TDP43_v2,-5.5,42,-5.5000;-5.5000;-5.5000,ok,2026-09-05 09:06:47
CHEMBL115917,TDP43_v2,-7.6,777,-7.5000;-7.5000;-7.6000,ok,2026-09-05 09:06:53
CHEMBL11592,TDP43_v2,-5.6,2026,-5.4000;-5.6000;-5.6000,ok,2026-09-05 09:07:09
CHEMBL115921,TDP43_v2,-5.8,2026,-5.6000;-5.8000;-5.4000,ok,2026-09-05 09:07:18
CHEMBL115952,TDP43_v2,-5.5,2026,-4.9000;-5.5000;-5.3000,ok,2026-09-05 09:08:09
CHEMBL1159662,TDP43_v2,-4.4,2026,-4.3000;-4.4000;-4.3000,ok,2026-09-05 09:08:16
CHEMBL1159663,TDP43_v2,-6.0,2026,-5.8000;-6.0000;-5.7000,ok,2026-09-05 09:08:25
CHEMBL1159684,TDP43_v2,-5.9,42,-5.9000;-5.8000;-5.9000,ok,2026-09-05 09:08:32
CHEMBL115969,TDP43_v2,-6.5,42,-6.5000;-6.5000;-6.5000,ok,2026-09-05 09:08:38
CHEMBL115970,TDP43_v2,-6.1,2026,-5.6000;-6.1000;-5.6000,ok,2026-09-05 09:08:54
CHEMBL1159715,TDP43_v2,-6.1,777,-5.9000;-5.6000;-6.1000,ok,2026-09-05 09:09:00
CHEMBL1159717,TDP43_v2,-5.5,2026,-5.4000;-5.5000;-5.5000,ok,2026-09-05 09:09:07
CHEMBL1159892,TDP43_v2,-5.4,2026,-5.1000;-5.4000;-5.1000,ok,2026-09-05 09:09:13
CHEMBL115998,TDP43_v2,-7.6,42,-7.6000;-7.6000;-7.5000,ok,2026-09-05 09:09:20
CHEMBL1160,TDP43_v2,-6.5,777,-6.4000;-6.4000;-6.5000,ok,2026-09-05 09:09:26
CHEMBL1160008,TDP43_v2,-5.4,777,-5.1000;-5.1000;-5.4000,ok,2026-09-05 09:09:36
CHEMBL116018,TDP43_v2,-4.9,42,-4.9000;-4.9000;-4.9000,ok,2026-09-05 09:09:42
CHEMBL1160385,TDP43_v2,-5.5,42,-5.5000;-5.4000;-5.4000,ok,2026-09-05 09:09:48
CHEMBL116041,TDP43_v2,-5.9,2026,-5.5000;-5.9000;-5.5000,ok,2026-09-05 09:10:04
CHEMBL1160520,TDP43_v2,-4.8,42,-4.8000;-4.8000;-4.0000,ok,2026-09-05 09:10:44
CHEMBL1160571,TDP43_v2,-4.5,42,-4.5000;-4.5000;-4.5000,ok,2026-09-05 09:10:50
CHEMBL116070,TDP43_v2,-5.3,42,-5.3000;-5.3000;-5.3000,ok,2026-09-05 09:10:56
CHEMBL1160714,TDP43_v2,-5.7,42,-5.7000;-5.7000;-5.7000,ok,2026-09-05 09:11:03
CHEMBL1160723,TDP43_v2,-5.2,2026,-5.0000;-5.2000;-5.2000,ok,2026-09-05 09:11:09
CHEMBL1160771_FUS_out,TDP43_v2,,,,"error:returncode=1 160771_FUS_out_out.pdbqt
Reading input ... done.


Parse error on line 1 in file ""/kaggle/working/masive_als_tdp43v4/ligandos/CHEMBL1160771_FUS_out.pdbqt"": Unexpected multi-MODEL input. Use ""vina_split"" first?
No valid ligands in the input directory
 | returncode=1 160771_FUS_out_out.pdbqt
Reading input ... done.


Parse error on line 1 in file ""/kaggle/working/masive_als_tdp43v4/ligandos/CHEMBL1160771_FUS_out.pdbqt"": Unexpected multi-MODEL input. Use ""vina_split"" first?
No valid ligands in the input directory
 | returncode=1 160771_FUS_out_out.pdbqt
Reading input ... done.


Parse error on line 1 in file ""/kaggle/working/masive_als_tdp43v4/ligandos/CHEMBL1160771_FUS_out.pdbqt"": Unexpected multi-MODEL input. Use ""vina_split"" first?
No valid ligands in the input directory
",2026-09-05 09:11:09
CHEMBL1160787,TDP43_v2,-6.7,42,-6.7000;-6.7000;-6.7000,ok,2026-09-05 09:11:16
CHEMBL11608,TDP43_v2,-5.4,42,-5.4000;-5.4000;-5.4000,ok,2026-09-05 09:11:22
CHEMBL116124,TDP43_v2,-6.0,777,-4.1000;-4.2000;-6.0000,ok,2026-09-05 09:12:08
CHEMBL1161412,TDP43_v2,-6.6,777,-5.9000;-6.5000;-6.6000,ok,2026-09-05 09:12:54
CHEMBL1161413,TDP43_v2,-6.7,777,-5.6000;-6.5000;-6.7000,ok,2026-09-05 09:13:30
CHEMBL1161414,TDP43_v2,-6.7,2026,-6.4000;-6.7000;-6.0000,ok,2026-09-05 09:14:16
CHEMBL1161415,TDP43_v2,-6.9,2026,-6.8000;-6.9000;-5.4000,ok,2026-09-05 09:15:02
CHEMBL1161416,TDP43_v2,-5.9,2026,-5.4000;-5.9000;-5.6000,ok,2026-09-05 09:15:47
CHEMBL1161417,TDP43_v2,-5.9,777,-4.8000;-5.4000;-5.9000,ok,2026-09-05 09:16:33
CHEMBL1161419,TDP43_v2,-6.8,42,-6.8000;-6.4000;-5.9000,ok,2026-09-05 09:17:10
CHEMBL1161422,TDP43_v2,-6.5,777,-6.4000;-5.8000;-6.5000,ok,2026-09-05 09:17:46
CHEMBL1161423,TDP43_v2,-7.2,42,-7.2000;-6.7000;-7.1000,ok,2026-09-05 09:18:30
CHEMBL1161424,TDP43_v2,-6.9,2026,-6.6000;-6.9000;-4.7000,ok,2026-09-05 09:19:07
CHEMBL1161425,TDP43_v2,-5.6,2026,-4.6000;-5.6000;-5.6000,ok,2026-09-05 09:19:53
CHEMBL1161427,TDP43_v2,-7.0,2026,-4.8000;-7.0000;-5.4000,ok,2026-09-05 09:20:35
CHEMBL1161428,TDP43_v2,-7.3,777,-6.6000;-5.7000;-7.3000,ok,2026-09-05 09:21:12
CHEMBL1161429,TDP43_v2,-7.1,2026,-5.7000;-7.1000;-6.9000,ok,2026-09-05 09:21:49
CHEMBL1161430,TDP43_v2,-7.0,42,-7.0000;-5.6000;-6.1000,ok,2026-09-05 09:22:25
CHEMBL11615,TDP43_v2,-5.5,42,-5.5000;-5.5000;-5.5000,ok,2026-09-05 09:22:32
CHEMBL116157,TDP43_v2,-6.4,42,-6.4000;-6.4000;-6.3000,ok,2026-09-05 09:22:38
CHEMBL116158,TDP43_v2,-5.9,42,-5.9000;-5.7000;-5.5000,ok,2026-09-05 09:22:45
CHEMBL1161632,TDP43_v2,-3.1,777,-3.0000;-3.0000;-3.1000,ok,2026-09-05 09:22:51
CHEMBL1161674,TDP43_v2,-5.7,2026,-5.5000;-5.7000;-5.7000,ok,2026-09-05 09:22:57
CHEMBL1161714,TDP43_v2,-6.1,2026,-6.0000;-6.1000;-6.1000,ok,2026-09-05 09:23:04
CHEMBL1161715,TDP43_v2,-6.9,42,-6.9000;-6.9000;-6.9000,ok,2026-09-05 09:23:10
CHEMBL1161717,TDP43_v2,-5.9,42,-5.9000;-5.9000;-5.9000,ok,2026-09-05 09:23:17
CHEMBL1161718,TDP43_v2,-6.9,42,-6.9000;-6.9000;-6.9000,ok,2026-09-05 09:23:23
CHEMBL116175,TDP43_v2,-6.2,777,-6.1000;-6.0000;-6.2000,ok,2026-09-05 09:23:29
CHEMBL116190,TDP43_v2,-5.3,42,-5.3000;-5.3000;-5.3000,ok,2026-09-05 09:23:36
CHEMBL1162097_SOD1_out,TDP43_v2,,,,"error:returncode=1 2097_SOD1_out_out.pdbqt
Reading input ... done.


Parse error on line 1 in file ""/kaggle/working/masive_als_tdp43v4/ligandos/CHEMBL1162097_SOD1_out.pdbqt"": Unexpected multi-MODEL input. Use ""vina_split"" first?
No valid ligands in the input directory
 | returncode=1 2097_SOD1_out_out.pdbqt
Reading input ... done.


Parse error on line 1 in file ""/kaggle/working/masive_als_tdp43v4/ligandos/CHEMBL1162097_SOD1_out.pdbqt"": Unexpected multi-MODEL input. Use ""vina_split"" first?
No valid ligands in the input directory
 | returncode=1 2097_SOD1_out_out.pdbqt
Reading input ... done.


Parse error on line 1 in file ""/kaggle/working/masive_als_tdp43v4/ligandos/CHEMBL1162097_SOD1_out.pdbqt"": Unexpected multi-MODEL input. Use ""vina_split"" first?
No valid ligands in the input directory
",2026-09-05 09:23:36
CHEMBL1162097_TDP43_out,TDP43_v2,,,,"error:returncode=1 97_TDP43_out_out.pdbqt
Reading input ... done.


Parse error on line 1 in file ""/kaggle/working/masive_als_tdp43v4/ligandos/CHEMBL1162097_TDP43_out.pdbqt"": Unexpected multi-MODEL input. Use ""vina_split"" first?
No valid ligands in the input directory
 | returncode=1 97_TDP43_out_out.pdbqt
Reading input ... done.


Parse error on line 1 in file ""/kaggle/working/masive_als_tdp43v4/ligandos/CHEMBL1162097_TDP43_out.pdbqt"": Unexpected multi-MODEL input. Use ""vina_split"" first?
No valid ligands in the input directory
 | returncode=1 97_TDP43_out_out.pdbqt
Reading input ... done.


Parse error on line 1 in file ""/kaggle/working/masive_als_tdp43v4/ligandos/CHEMBL1162097_TDP43_out.pdbqt"": Unexpected multi-MODEL input. Use ""vina_split"" first?
No valid ligands in the input directory
",2026-09-05 09:23:36
CHEMBL116212,TDP43_v2,-3.9,777,-3.8000;-3.8000;-3.9000,ok,2026-09-05 09:23:42
CHEMBL1162144,TDP43_v2,-3.9,42,-3.9000;-3.9000;-3.9000,ok,2026-09-05 09:23:49
CHEMBL116223,TDP43_v2,-6.2,777,-6.1000;-6.1000;-6.2000,ok,2026-09-05 09:23:58
CHEMBL116224,TDP43_v2,-7.3,42,-7.3000;-7.0000;-6.8000,ok,2026-09-05 09:24:08
CHEMBL116226,TDP43_v2,-6.0,42,-6.0000;-5.9000;-6.0000,ok,2026-09-05 09:24:17
CHEMBL116231,TDP43_v2,-5.8,2026,-5.3000;-5.8000;-4.7000,ok,2026-09-05 09:24:54
CHEMBL1162496,TDP43_v2,-4.4,42,-4.4000;-4.4000;-4.4000,ok,2026-09-05 09:25:00
CHEMBL116251,TDP43_v2,-4.5,42,-4.5000;-4.5000;-4.3000,ok,2026-09-05 09:25:07
CHEMBL116267,TDP43_v2,-5.4,42,-5.4000;-5.1000;-4.7000,ok,2026-09-05 09:25:50
CHEMBL116268,TDP43_v2,-5.3,2026,-5.2000;-5.3000;-5.3000,ok,2026-09-05 09:25:56
CHEMBL116282,TDP43_v2,-6.5,777,-5.0000;-4.9000;-6.5000,ok,2026-09-05 09:26:36
CHEMBL1162901,TDP43_v2,,,,"error:returncode=1 king/masive_als_tdp43v4/ligandos/CHEMBL1162901_out.pdbqt
Reading input ... done.


Parse error on line 36 in file ""/kaggle/working/masive_als_tdp43v4/ligandos/CHEMBL1162901.pdbqt"": Unknown or inappropriate tag
No valid ligands in the input directory
 | returncode=1 king/masive_als_tdp43v4/ligandos/CHEMBL1162901_out.pdbqt
Reading input ... done.


Parse error on line 36 in file ""/kaggle/working/masive_als_tdp43v4/ligandos/CHEMBL1162901.pdbqt"": Unknown or inappropriate tag
No valid ligands in the input directory
 | returncode=1 king/masive_als_tdp43v4/ligandos/CHEMBL1162901_out.pdbqt
Reading input ... done.


Parse error on line 36 in file ""/kaggle/working/masive_als_tdp43v4/ligandos/CHEMBL1162901.pdbqt"": Unknown or inappropriate tag
No valid ligands in the input directory
",2026-09-05 09:26:36
CHEMBL1162922,TDP43_v2,-6.0,777,-5.2000;-5.3000;-6.0000,ok,2026-09-05 09:27:00
CHEMBL1162933,TDP43_v2,-6.4,42,-6.4000;-6.0000;-6.3000,ok,2026-09-05 09:27:16
CHEMBL116296,TDP43_v2,-5.0,42,-5.0000;-4.9000;-4.9000,ok,2026-09-05 09:27:22
CHEMBL1162963,TDP43_v2,-7.8,777,-7.7000;-7.7000;-7.8000,ok,2026-09-05 09:27:32
CHEMBL1162965,TDP43_v2,-5.5,2026,-5.4000;-5.5000;-5.5000,ok,2026-09-05 09:27:39
CHEMBL1162994,TDP43_v2,-5.2,42,-5.2000;-5.1000;-5.2000,ok,2026-09-05 09:27:51
CHEMBL1163020,TDP43_v2,-5.8,777,-5.5000;-5.5000;-5.8000,ok,2026-09-05 09:28:19
CHEMBL116315,TDP43_v2,-7.3,777,-6.7000;-6.6000;-7.3000,ok,2026-09-05 09:28:32
CHEMBL116318,TDP43_v2,-5.4,777,-5.2000;-5.1000;-5.4000,ok,2026-09-05 09:28:56
CHEMBL1163197,TDP43_v2,-6.5,42,-6.5000;-6.4000;-6.4000,ok,2026-09-05 09:29:33
CHEMBL116320,TDP43_v2,-5.4,777,-5.3000;-5.0000;-5.4000,ok,2026-09-05 09:29:39
CHEMBL1163200,TDP43_v2,-7.9,777,-7.4000;-7.7000;-7.9000,ok,2026-09-05 09:30:10
CHEMBL1163213,TDP43_v2,-7.3,42,-7.3000;-6.9000;-7.0000,ok,2026-09-05 09:30:29
CHEMBL1163216,TDP43_v2,-8.1,42,-8.1000;-8.1000;-7.9000,ok,2026-09-05 09:31:00
CHEMBL1163230_FUS_out,TDP43_v2,,,,"error:returncode=1 163230_FUS_out_out.pdbqt
Reading input ... done.


Parse error on line 1 in file ""/kaggle/working/masive_als_tdp43v4/ligandos/CHEMBL1163230_FUS_out.pdbqt"": Unexpected multi-MODEL input. Use ""vina_split"" first?
No valid ligands in the input directory
 | returncode=1 163230_FUS_out_out.pdbqt
Reading input ... done.


Parse error on line 1 in file ""/kaggle/working/masive_als_tdp43v4/ligandos/CHEMBL1163230_FUS_out.pdbqt"": Unexpected multi-MODEL input. Use ""vina_split"" first?
No valid ligands in the input directory
 | returncode=1 163230_FUS_out_out.pdbqt
Reading input ... done.


Parse error on line 1 in file ""/kaggle/working/masive_als_tdp43v4/ligandos/CHEMBL1163230_FUS_out.pdbqt"": Unexpected multi-MODEL input. Use ""vina_split"" first?
No valid ligands in the input directory
",2026-09-05 09:31:00
CHEMBL1163233,TDP43_v2,-7.3,42,-7.3000;-7.3000;-7.2000,ok,2026-09-05 09:31:22
CHEMBL1163234,TDP43_v2,-7.6,777,-6.6000;-6.8000;-7.6000,ok,2026-09-05 09:32:22
CHEMBL1163245_SOD1_out,TDP43_v2,,,,"error:returncode=1 3245_SOD1_out_out.pdbqt
Reading input ... done.


Parse error on line 1 in file ""/kaggle/working/masive_als_tdp43v4/ligandos/CHEMBL1163245_SOD1_out.pdbqt"": Unexpected multi-MODEL input. Use ""vina_split"" first?
No valid ligands in the input directory
 | returncode=1 3245_SOD1_out_out.pdbqt
Reading input ... done.


Parse error on line 1 in file ""/kaggle/working/masive_als_tdp43v4/ligandos/CHEMBL1163245_SOD1_out.pdbqt"": Unexpected multi-MODEL input. Use ""vina_split"" first?
No valid ligands in the input directory
 | returncode=1 3245_SOD1_out_out.pdbqt
Reading input ... done.


Parse error on line 1 in file ""/kaggle/working/masive_als_tdp43v4/ligandos/CHEMBL1163245_SOD1_out.pdbqt"": Unexpected multi-MODEL input. Use ""vina_split"" first?
No valid ligands in the input directory
",2026-09-05 09:32:22
CHEMBL116336,TDP43_v2,-1.9,42,-1.9000;-1.9000;-1.9000,ok,2026-09-05 09:32:29
CHEMBL1163427,TDP43_v2,,,,"error:returncode=1 if used),
* ligand file as PDBQT,
* receptor file as PDBQT,
* flexible side chains file as PDBQT (if used),
* output file as PDBQT (if any),
* input (if possible),
* random seed the program used (this is printed when the program starts).

Thank you!
 | returncode=1 if used),
* ligand file as PDBQT,
* receptor file as PDBQT,
* flexible side chains file as PDBQT (if used),
* output file as PDBQT (if any),
* input (if possible),
* random seed the program used (this is printed when the program starts).

Thank you!
 | returncode=1 if used),
* ligand file as PDBQT,
* receptor file as PDBQT,
* flexible side chains file as PDBQT (if used),
* output file as PDBQT (if any),
* input (if possible),
* random seed the program used (this is printed when the program starts).

Thank you!
",2026-09-05 09:32:29
CHEMBL1163528,TDP43_v2,-5.8,42,-5.8000;-5.7000;-5.6000,ok,2026-09-05 09:32:38
CHEMBL116354,TDP43_v2,-7.3,42,-7.3000;-7.3000;-7.0000,ok,2026-09-05 09:32:48
CHEMBL1163584,TDP43_v2,-7.3,42,-7.3000;-7.3000;-7.3000,ok,2026-09-05 09:33:00
CHEMBL116368,TDP43_v2,-6.8,42,-6.8000;-6.7000;-6.8000,ok,2026-09-05 09:33:07
CHEMBL116372,TDP43_v2,-5.4,42,-5.4000;-5.2000;-5.3000,ok,2026-09-05 09:33:13
CHEMBL1163729,TDP43_v2,-7.4,2026,-6.8000;-7.4000;-6.9000,ok,2026-09-05 09:33:23
CHEMBL1163742,TDP43_v2,-8.1,2026,-8.0000;-8.1000;-8.1000,ok,2026-09-05 09:33:29
CHEMBL1163890,TDP43_v2,-7.0,42,-7.0000;-7.0000;-7.0000,ok,2026-09-05 09:33:36
CHEMBL1163891,TDP43_v2,-6.6,42,-6.6000;-6.1000;-6.2000,ok,2026-09-05 09:33:42
CHEMBL1163892,TDP43_v2,-6.7,2026,-6.6000;-6.7000;-6.5000,ok,2026-09-05 09:33:52
CHEMBL1164,TDP43_v2,,,,"error:returncode=1 le/working/masive_als_tdp43v4/ligandos/CHEMBL1164_out.pdbqt
Reading input ... done.


Parse error on line 69 in file ""/kaggle/working/masive_als_tdp43v4/ligandos/CHEMBL1164.pdbqt"": Unknown or inappropriate tag
No valid ligands in the input directory
 | returncode=1 le/working/masive_als_tdp43v4/ligandos/CHEMBL1164_out.pdbqt
Reading input ... done.


Parse error on line 69 in file ""/kaggle/working/masive_als_tdp43v4/ligandos/CHEMBL1164.pdbqt"": Unknown or inappropriate tag
No valid ligands in the input directory
 | returncode=1 le/working/masive_als_tdp43v4/ligandos/CHEMBL1164_out.pdbqt
Reading input ... done.


Parse error on line 69 in file ""/kaggle/working/masive_als_tdp43v4/ligandos/CHEMBL1164.pdbqt"": Unknown or inappropriate tag
No valid ligands in the input directory
",2026-09-05 09:33:52
CHEMBL116402,TDP43_v2,-6.2,42,-6.2000;-5.4000;-6.1000,ok,2026-09-05 09:34:01
CHEMBL1164177,TDP43_v2,-6.2,2026,-5.8000;-6.2000;-6.0000,ok,2026-09-05 09:34:14
CHEMBL1164257,TDP43_v2,-5.7,42,-5.7000;-5.7000;-5.7000,ok,2026-09-05 09:34:23
CHEMBL1164258,TDP43_v2,-6.0,2026,-5.7000;-6.0000;-5.9000,ok,2026-09-05 09:34:33
CHEMBL116430,TDP43_v2,-5.0,42,-5.0000;-4.9000;-5.0000,ok,2026-09-05 09:34:39
CHEMBL1164373,TDP43_v2,-7.4,42,-7.4000;-7.4000;-7.4000,ok,2026-09-05 09:34:46
CHEMBL1164476,TDP43_v2,-6.4,42,-6.4000;-6.4000;-6.4000,ok,2026-09-05 09:34:55
CHEMBL116448,TDP43_v2,-5.9,2026,-5.5000;-5.9000;-5.4000,ok,2026-09-05 09:35:05
CHEMBL1164505,TDP43_v2,-6.4,42,-6.4000;-6.2000;-6.0000,ok,2026-09-05 09:35:17
CHEMBL1164526,TDP43_v2,-7.7,2026,-7.5000;-7.7000;-7.5000,ok,2026-09-05 09:35:33
CHEMBL116455,TDP43_v2,-3.0,42,-3.0000;-3.0000;-3.0000,ok,2026-09-05 09:35:39
CHEMBL1164552,TDP43_v2,-5.4,777,-5.0000;-5.1000;-5.4000,ok,2026-09-05 09:36:01
CHEMBL1164553,TDP43_v2,-6.8,42,-6.8000;-6.7000;-6.7000,ok,2026-09-05 09:36:10
CHEMBL1164608,TDP43_v2,-7.4,42,-7.4000;-7.4000;-7.4000,ok,2026-09-05 09:36:23
CHEMBL116463,TDP43_v2,-6.1,777,-5.9000;-5.9000;-6.1000,ok,2026-09-05 09:36:48
CHEMBL116473,TDP43_v2,-5.8,42,-5.8000;-5.3000;-5.8000,ok,2026-09-05 09:36:54
CHEMBL1164859,TDP43_v2,-5.8,777,-5.6000;-5.6000;-5.8000,ok,2026-09-05 09:37:07
CHEMBL1164860,TDP43_v2,-6.1,2026,-6.0000;-6.1000;-6.1000,ok,2026-09-05 09:37:17
CHEMBL116487,TDP43_v2,-6.3,2026,-6.1000;-6.3000;-6.1000,ok,2026-09-05 09:37:23
CHEMBL1164920,TDP43_v2,-6.7,42,-6.7000;-6.7000;-6.7000,ok,2026-09-05 09:37:30
CHEMBL1165017,TDP43_v2,-5.7,42,-5.7000;-5.6000;-5.5000,ok,2026-09-05 09:37:39
CHEMBL1165411,TDP43_v2,-6.5,2026,-6.3000;-6.5000;-6.5000,ok,2026-09-05 09:37:46
CHEMBL116545,TDP43_v2,-6.3,42,-6.3000;-6.3000;-6.3000,ok,2026-09-05 09:37:52
CHEMBL1165484,TDP43_v2,-6.2,2026,-6.1000;-6.2000;-6.2000,ok,2026-09-05 09:38:05
CHEMBL116550,TDP43_v2,-5.5,42,-5.5000;-5.1000;-5.3000,ok,2026-09-05 09:38:14
CHEMBL1165578,TDP43_v2,-7.5,2026,-7.4000;-7.5000;-7.4000,ok,2026-09-05 09:38:21
CHEMBL116583,TDP43_v2,-2.6,42,-2.6000;-2.6000;-2.6000,ok,2026-09-05 09:38:27
CHEMBL116590,TDP43_v2,-6.2,42,-6.2000;-6.2000;-6.2000,ok,2026-09-05 09:38:33
CHEMBL116597,TDP43_v2,-7.0,777,-5.8000;-6.7000;-7.0000,ok,2026-09-05 09:38:46
CHEMBL116643,TDP43_v2,-6.7,42,-6.7000;-6.7000;-6.4000,ok,2026-09-05 09:38:52
CHEMBL116661,TDP43_v2,-6.2,777,-5.3000;-5.7000;-6.2000,ok,2026-09-05 09:39:26
CHEMBL116663,TDP43_v2,-3.8,2026,-3.7000;-3.8000;-3.8000,ok,2026-09-05 09:39:32
CHEMBL116709,TDP43_v2,-3.9,2026,-3.8000;-3.9000;-3.8000,ok,2026-09-05 09:39:39
CHEMBL11672,TDP43_v2,-6.5,2026,-6.4000;-6.5000;-6.4000,ok,2026-09-05 09:39:45
CHEMBL116724,TDP43_v2,-5.8,42,-5.8000;-4.7000;-4.8000,ok,2026-09-05 09:39:55
CHEMBL116735,TDP43_v2,-6.2,2026,-5.7000;-6.2000;-5.3000,ok,2026-09-05 09:40:13
CHEMBL116736,TDP43_v2,-2.3,42,-2.3000;-2.3000;-2.3000,ok,2026-09-05 09:40:19
CHEMBL116738,TDP43_v2,-7.6,42,-7.6000;-7.3000;-7.2000,ok,2026-09-05 09:40:29
CHEMBL116745,TDP43_v2,-3.2,42,-3.2000;-3.2000;-3.2000,ok,2026-09-05 09:40:35
CHEMBL116779,TDP43_v2,-5.6,2026,-4.0000;-5.6000;-4.8000,ok,2026-09-05 09:40:45
CHEMBL116790,TDP43_v2,-5.3,2026,-5.2000;-5.3000;-5.3000,ok,2026-09-05 09:40:51
CHEMBL116794,TDP43_v2,-5.9,42,-5.9000;-5.9000;-5.6000,ok,2026-09-05 09:40:57
CHEMBL116810,TDP43_v2,-5.7,42,-5.7000;-5.5000;-5.7000,ok,2026-09-05 09:41:04
CHEMBL116832,TDP43_v2,-8.3,2026,-8.2000;-8.3000;-8.3000,ok,2026-09-05 09:41:10
CHEMBL116834,TDP43_v2,-3.9,777,-3.8000;-3.8000;-3.9000,ok,2026-09-05 09:41:17
CHEMBL116835,TDP43_v2,-4.1,42,-4.1000;-4.1000;-4.1000,ok,2026-09-05 09:41:23
CHEMBL116888,TDP43_v2,-5.7,2026,-5.6000;-5.7000;-5.6000,ok,2026-09-05 09:41:30
CHEMBL116903,TDP43_v2,-5.7,777,-5.6000;-5.6000;-5.7000,ok,2026-09-05 09:41:39
CHEMBL116919,TDP43_v2,-6.5,42,-6.5000;-6.5000;-6.1000,ok,2026-09-05 09:41:46
CHEMBL116932,TDP43_v2,-6.0,2026,-5.4000;-6.0000;-6.0000,ok,2026-09-05 09:41:52
CHEMBL116943,TDP43_v2,-5.4,42,-5.4000;-5.4000;-5.4000,ok,2026-09-05 09:41:59
CHEMBL116944,TDP43_v2,-6.2,777,-5.8000;-6.0000;-6.2000,ok,2026-09-05 09:42:11
CHEMBL1169490,TDP43_v2,-4.9,42,-4.9000;-4.8000;-4.9000,ok,2026-09-05 09:42:17
CHEMBL1169492,TDP43_v2,-5.9,42,-5.9000;-5.6000;-5.6000,ok,2026-09-05 09:42:30
CHEMBL1169547,TDP43_v2,-5.3,42,-5.3000;-5.3000;-5.3000,ok,2026-09-05 09:42:43
CHEMBL116955,TDP43_v2,-6.7,777,-5.8000;-5.7000;-6.7000,ok,2026-09-05 09:43:20
CHEMBL1169580,TDP43_v2,-6.8,42,-6.8000;-6.8000;-6.8000,ok,2026-09-05 09:43:29
CHEMBL1169582,TDP43_v2,-7.2,42,-7.2000;-6.3000;-7.2000,ok,2026-09-05 09:43:36
CHEMBL1169583,TDP43_v2,-6.7,42,-6.7000;-6.7000;-6.7000,ok,2026-09-05 09:43:42
CHEMBL1169584,TDP43_v2,-7.2,2026,-7.1000;-7.2000;-7.1000,ok,2026-09-05 09:43:52
CHEMBL1169585,TDP43_v2,-6.7,42,-6.7000;-6.7000;-6.7000,ok,2026-09-05 09:44:01
CHEMBL116961,TDP43_v2,-3.6,42,-3.6000;-3.6000;-3.6000,ok,2026-09-05 09:44:08
CHEMBL1169733,TDP43_v2,-7.4,777,-7.0000;-7.1000;-7.4000,ok,2026-09-05 09:44:14
CHEMBL116981,TDP43_v2,-6.3,42,-6.3000;-6.0000;-5.5000,ok,2026-09-05 09:44:30
CHEMBL1169912,TDP43_v2,-5.3,2026,-5.1000;-5.3000;-5.3000,ok,2026-09-05 09:44:36
CHEMBL1169916,TDP43_v2,-6.0,777,-5.8000;-5.9000;-6.0000,ok,2026-09-05 09:44:43
CHEMBL116995,TDP43_v2,-6.5,2026,-5.7000;-6.5000;-6.5000,ok,2026-09-05 09:44:49
CHEMBL117,TDP43_v2,-7.0,777,-6.7000;-6.8000;-7.0000,ok,2026-09-05 09:44:56
CHEMBL1170017,TDP43_v2,-7.6,42,-7.6000;-7.6000;-7.6000,ok,2026-09-05 09:45:05
CHEMBL1170047,TDP43_v2,-5.7,2026,-5.6000;-5.7000;-5.6000,ok,2026-09-05 09:45:11
CHEMBL117021,TDP43_v2,-5.9,2026,-4.8000;-5.9000;-5.4000,ok,2026-09-05 09:45:39
CHEMBL1170210,TDP43_v2,-7.4,42,-7.4000;-7.4000;-6.9000,ok,2026-09-05 09:45:45
CHEMBL1170211,TDP43_v2,-7.5,2026,-7.4000;-7.5000;-7.3000,ok,2026-09-05 09:45:52
CHEMBL1170212,TDP43_v2,-6.0,42,-6.0000;-5.9000;-6.0000,ok,2026-09-05 09:45:58
CHEMBL1170213,TDP43_v2,-6.1,42,-6.1000;-6.1000;-5.6000,ok,2026-09-05 09:46:05
CHEMBL1170284,TDP43_v2,-8.4,42,-8.4000;-8.3000;-8.3000,ok,2026-09-05 09:46:11
CHEMBL1170373,TDP43_v2,-5.9,42,-5.9000;-5.4000;-5.9000,ok,2026-09-05 09:46:18
CHEMBL1170374,TDP43_v2,-5.3,2026,-5.1000;-5.3000;-5.3000,ok,2026-09-05 09:46:24
CHEMBL1170396,TDP43_v2,-6.7,2026,-6.6000;-6.7000;-6.6000,ok,2026-09-05 09:46:31
CHEMBL1170397,TDP43_v2,-5.7,777,-5.5000;-5.5000;-5.7000,ok,2026-09-05 09:46:37
CHEMBL117042,TDP43_v2,-7.4,777,-6.5000;-7.3000;-7.4000,ok,2026-09-05 09:46:44
CHEMBL117044,TDP43_v2,-5.8,42,-5.8000;-5.5000;-5.4000,ok,2026-09-05 09:47:06
CHEMBL1170444,TDP43_v2,-9.4,42,-9.4000;-9.4000;-9.4000,ok,2026-09-05 09:47:13
CHEMBL117045,TDP43_v2,-6.9,777,-6.7000;-6.8000;-6.9000,ok,2026-09-05 09:47:22
CHEMBL117054,TDP43_v2,-6.6,42,-6.6000;-5.8000;-6.0000,ok,2026-09-05 09:47:50
CHEMBL1170585,TDP43_v2,-6.4,2026,-5.7000;-6.4000;-5.7000,ok,2026-09-05 09:47:56
CHEMBL1170610,TDP43_v2,-7.7,42,-7.7000;-7.7000;-7.7000,ok,2026-09-05 09:48:03
CHEMBL1170621,TDP43_v2,-8.6,42,-8.6000;-8.6000;-8.6000,ok,2026-09-05 09:48:09
CHEMBL1170719,TDP43_v2,-6.5,42,-6.5000;-6.0000;-6.5000,ok,2026-09-05 09:48:37
CHEMBL117075,TDP43_v2,-5.7,42,-5.7000;-5.7000;-5.3000,ok,2026-09-05 09:48:56
CHEMBL1170793,TDP43_v2,-6.8,42,-6.8000;-6.8000;-6.8000,ok,2026-09-05 09:49:02
CHEMBL1170794,TDP43_v2,-7.6,42,-7.6000;-6.0000;-7.6000,ok,2026-09-05 09:49:09
CHEMBL1170795,TDP43_v2,-7.5,42,-7.5000;-7.5000;-7.5000,ok,2026-09-05 09:49:18
CHEMBL117080,TDP43_v2,-3.5,2026,-3.4000;-3.5000;-3.5000,ok,2026-09-05 09:49:25
CHEMBL117082,TDP43_v2,-5.9,2026,-5.8000;-5.9000;-5.0000,ok,2026-09-05 09:49:34
CHEMBL11709,TDP43_v2,-7.7,42,-7.7000;-7.7000;-7.7000,ok,2026-09-05 09:49:40
CHEMBL1171,TDP43_v2,-3.7,42,-3.7000;-3.7000;-3.7000,ok,2026-09-05 09:49:47
CHEMBL1171007,TDP43_v2,-6.7,2026,-6.6000;-6.7000;-6.6000,ok,2026-09-05 09:49:53
CHEMBL117118,TDP43_v2,-5.4,42,-5.4000;-5.1000;-5.0000,ok,2026-09-05 09:50:45
CHEMBL1171272,TDP43_v2,-4.6,2026,-4.5000;-4.6000;-4.6000,ok,2026-09-05 09:50:51
CHEMBL117128,TDP43_v2,-6.8,42,-6.8000;-6.8000;-6.7000,ok,2026-09-05 09:50:58
CHEMBL117135,TDP43_v2,-3.6,42,-3.6000;-3.6000;-3.6000,ok,2026-09-05 09:51:04
CHEMBL1171391,TDP43_v2,-6.8,42,-6.8000;-6.3000;-6.3000,ok,2026-09-05 09:51:11
CHEMBL1171392,TDP43_v2,-6.9,2026,-5.9000;-6.9000;-5.8000,ok,2026-09-05 09:51:17
CHEMBL1171424,TDP43_v2,-7.3,42,-7.3000;-7.3000;-7.3000,ok,2026-09-05 09:51:23
CHEMBL1171425,TDP43_v2,-5.9,2026,-5.8000;-5.9000;-5.9000,ok,2026-09-05 09:51:30
CHEMBL117144,TDP43_v2,-4.9,42,-4.9000;-4.9000;-4.9000,ok,2026-09-05 09:51:39
CHEMBL117149,TDP43_v2,-6.3,42,-6.3000;-6.2000;-6.2000,ok,2026-09-05 09:51:49
CHEMBL1171754,TDP43_v2,-7.2,777,-7.0000;-7.0000;-7.2000,ok,2026-09-05 09:51:58
CHEMBL117181,TDP43_v2,-3.0,42,-3.0000;-3.0000;-3.0000,ok,2026-09-05 09:52:05
CHEMBL1171829,TDP43_v2,-6.8,42,-6.8000;-6.8000;-6.7000,ok,2026-09-05 09:52:20
CHEMBL117183,TDP43_v2,-7.3,2026,-7.2000;-7.3000;-7.3000,ok,2026-09-05 09:52:27
CHEMBL117185,TDP43_v2,-5.3,2026,-5.2000;-5.3000;-5.2000,ok,2026-09-05 09:52:45
CHEMBL1171975,TDP43_v2,-6.4,42,-6.4000;-6.3000;-5.8000,ok,2026-09-05 09:52:52
CHEMBL1171980,TDP43_v2,-8.6,42,-8.6000;-8.6000;-8.6000,ok,2026-09-05 09:52:58
CHEMBL117210,TDP43_v2,-3.3,42,-3.3000;-3.3000;-3.3000,ok,2026-09-05 09:53:05
CHEMBL117213,TDP43_v2,-2.7,42,-2.7000;-2.7000;-2.7000,ok,2026-09-05 09:53:11
CHEMBL11722,TDP43_v2,-4.4,777,-4.3000;-4.3000;-4.4000,ok,2026-09-05 09:53:17
CHEMBL117225,TDP43_v2,-5.7,2026,-5.5000;-5.7000;-5.3000,ok,2026-09-05 09:53:54
CHEMBL11723,TDP43_v2,-4.9,42,-4.9000;-4.9000;-4.9000,ok,2026-09-05 09:54:00
CHEMBL1172524,TDP43_v2,-5.3,2026,-5.2000;-5.3000;-5.3000,ok,2026-09-05 09:54:07
CHEMBL1172525,TDP43_v2,-6.7,42,-6.7000;-6.7000;-6.7000,ok,2026-09-05 09:54:13
CHEMBL1172526,TDP43_v2,-6.6,42,-6.6000;-6.1000;-6.6000,ok,2026-09-05 09:54:20
CHEMBL117260,TDP43_v2,-7.1,42,-7.1000;-6.7000;-6.6000,ok,2026-09-05 09:54:29
CHEMBL117261,TDP43_v2,-7.2,42,-7.2000;-7.2000;-7.1000,ok,2026-09-05 09:54:39
CHEMBL1172928,TDP43_v2,-5.5,2026,-5.4000;-5.5000;-5.5000,ok,2026-09-05 09:54:45
CHEMBL1172929,TDP43_v2,-5.2,42,-5.2000;-5.2000;-5.2000,ok,2026-09-05 09:54:51
CHEMBL1173,TDP43_v2,-4.7,42,-4.7000;-4.7000;-4.7000,ok,2026-09-05 09:54:58
CHEMBL117303,TDP43_v2,-6.2,42,-6.2000;-5.2000;-5.8000,ok,2026-09-05 09:55:07
CHEMBL117304,TDP43_v2,-5.6,2026,-5.0000;-5.6000;-5.5000,ok,2026-09-05 09:55:14
CHEMBL117311,TDP43_v2,-2.7,42,-2.7000;-2.7000;-2.7000,ok,2026-09-05 09:55:20
CHEMBL1173167,TDP43_v2,-9.2,42,-9.2000;-9.2000;-9.1000,ok,2026-09-05 09:55:26
CHEMBL117319,TDP43_v2,-5.8,777,-5.7000;-5.7000;-5.8000,ok,2026-09-05 09:55:33
CHEMBL117321,TDP43_v2,-7.7,2026,-7.6000;-7.7000;-7.2000,ok,2026-09-05 09:55:42
CHEMBL1173354,TDP43_v2,-6.0,42,-6.0000;-6.0000;-6.0000,ok,2026-09-05 09:55:49
CHEMBL117348,TDP43_v2,-6.2,2026,-5.6000;-6.2000;-5.3000,ok,2026-09-05 09:56:07
CHEMBL1173532,TDP43_v2,-6.2,777,-6.1000;-6.1000;-6.2000,ok,2026-09-05 09:56:14
CHEMBL1173703,TDP43_v2,-7.7,42,-7.7000;-7.7000;-7.6000,ok,2026-09-05 09:56:20
CHEMBL1173704,TDP43_v2,-8.1,2026,-8.0000;-8.1000;-8.0000,ok,2026-09-05 09:56:27
CHEMBL117371,TDP43_v2,-5.7,42,-5.7000;-5.5000;-5.5000,ok,2026-09-05 09:56:39
CHEMBL117379,TDP43_v2,-6.6,42,-6.6000;-6.6000;-6.6000,ok,2026-09-05 09:56:46
CHEMBL117391,TDP43_v2,-5.8,2026,-5.6000;-5.8000;-5.8000,ok,2026-09-05 09:57:01
CHEMBL1174,TDP43_v2,-5.8,42,-5.8000;-5.5000;-4.9000,ok,2026-09-05 09:57:54
CHEMBL117403,TDP43_v2,-5.6,777,-5.0000;-5.4000;-5.6000,ok,2026-09-05 09:58:10
CHEMBL117405,TDP43_v2,-6.3,42,-6.3000;-6.2000;-6.0000,ok,2026-09-05 09:58:16
CHEMBL117447,TDP43_v2,-5.1,42,-5.1000;-5.0000;-5.1000,ok,2026-09-05 09:58:23
CHEMBL117470,TDP43_v2,-4.8,42,-4.8000;-4.8000;-4.8000,ok,2026-09-05 09:58:29
CHEMBL117479,TDP43_v2,-4.9,2026,-4.6000;-4.9000;-4.9000,ok,2026-09-05 09:58:57
CHEMBL117529,TDP43_v2,-5.5,2026,-5.4000;-5.5000;-5.3000,ok,2026-09-05 09:59:21
CHEMBL117537,TDP43_v2,-6.5,2026,-5.7000;-6.5000;-6.1000,ok,2026-09-05 09:59:40
CHEMBL117545,TDP43_v2,-1.6,42,-1.6000;-1.6000;-1.6000,ok,2026-09-05 09:59:46
CHEMBL117614,TDP43_v2,-4.3,42,-4.3000;-4.3000;-4.3000,ok,2026-09-05 09:59:52
CHEMBL117625,TDP43_v2,-4.7,2026,-4.6000;-4.7000;-4.6000,ok,2026-09-05 09:59:59
CHEMBL117649,TDP43_v2,-4.8,42,-4.8000;-4.8000;-4.8000,ok,2026-09-05 10:00:05
CHEMBL117651,TDP43_v2,-7.5,2026,-6.7000;-7.5000;-5.7000,ok,2026-09-05 10:00:57
CHEMBL117658,TDP43_v2,-5.7,42,-5.7000;-5.7000;-5.7000,ok,2026-09-05 10:01:06
CHEMBL117715,TDP43_v2,-5.3,2026,-5.1000;-5.3000;-5.1000,ok,2026-09-05 10:01:25
CHEMBL117720,TDP43_v2,-5.3,42,-5.3000;-4.6000;-4.9000,ok,2026-09-05 10:01:40
CHEMBL117723,TDP43_v2,-5.4,777,-5.1000;-5.0000;-5.4000,ok,2026-09-05 10:01:59
CHEMBL11773,TDP43_v2,-6.2,42,-6.2000;-6.2000;-5.9000,ok,2026-09-05 10:02:05
CHEMBL117754,TDP43_v2,-5.4,2026,-5.1000;-5.4000;-5.1000,ok,2026-09-05 10:02:27
CHEMBL1177931,TDP43_v2,,,,"error:returncode=1 king/masive_als_tdp43v4/ligandos/CHEMBL1177931_out.pdbqt
Reading input ... done.


Parse error on line 64 in file ""/kaggle/working/masive_als_tdp43v4/ligandos/CHEMBL1177931.pdbqt"": Unknown or inappropriate tag
No valid ligands in the input directory
 | returncode=1 king/masive_als_tdp43v4/ligandos/CHEMBL1177931_out.pdbqt
Reading input ... done.


Parse error on line 64 in file ""/kaggle/working/masive_als_tdp43v4/ligandos/CHEMBL1177931.pdbqt"": Unknown or inappropriate tag
No valid ligands in the input directory
 | returncode=1 king/masive_als_tdp43v4/ligandos/CHEMBL1177931_out.pdbqt
Reading input ... done.


Parse error on line 64 in file ""/kaggle/working/masive_als_tdp43v4/ligandos/CHEMBL1177931.pdbqt"": Unknown or inappropriate tag
No valid ligands in the input directory
",2026-09-05 10:02:27
CHEMBL1177958,TDP43_v2,-6.9,42,-6.9000;-6.2000;-5.9000,ok,2026-09-05 10:02:55
CHEMBL117798,TDP43_v2,-5.2,42,-5.2000;-5.2000;-5.0000,ok,2026-09-05 10:03:19
CHEMBL1178,TDP43_v2,-4.5,42,-4.5000;-4.5000;-4.5000,ok,2026-09-05 10:03:26
CHEMBL1178103,TDP43_v2,-6.8,2026,-6.6000;-6.8000;-6.5000,ok,2026-09-05 10:03:37
CHEMBL117822,TDP43_v2,-1.9,42,-1.9000;-1.9000;-1.9000,ok,2026-09-05 10:03:43
CHEMBL1178316,TDP43_v2,,,,"error:returncode=1 ing/masive_als_tdp43v4/ligandos/CHEMBL1178316_out.pdbqt
Reading input ... done.


Parse error on line 172 in file ""/kaggle/working/masive_als_tdp43v4/ligandos/CHEMBL1178316.pdbqt"": Unknown or inappropriate tag
No valid ligands in the input directory
 | returncode=1 ing/masive_als_tdp43v4/ligandos/CHEMBL1178316_out.pdbqt
Reading input ... done.


Parse error on line 172 in file ""/kaggle/working/masive_als_tdp43v4/ligandos/CHEMBL1178316.pdbqt"": Unknown or inappropriate tag
No valid ligands in the input directory
 | returncode=1 ing/masive_als_tdp43v4/ligandos/CHEMBL1178316_out.pdbqt
Reading input ... done.


Parse error on line 172 in file ""/kaggle/working/masive_als_tdp43v4/ligandos/CHEMBL1178316.pdbqt"": Unknown or inappropriate tag
No valid ligands in the input directory
",2026-09-05 10:03:44
CHEMBL1178405,TDP43_v2,,,,"error:returncode=1 king/masive_als_tdp43v4/ligandos/CHEMBL1178405_out.pdbqt
Reading input ... done.


Parse error on line 62 in file ""/kaggle/working/masive_als_tdp43v4/ligandos/CHEMBL1178405.pdbqt"": Unknown or inappropriate tag
No valid ligands in the input directory
 | returncode=1 king/masive_als_tdp43v4/ligandos/CHEMBL1178405_out.pdbqt
Reading input ... done.


Parse error on line 62 in file ""/kaggle/working/masive_als_tdp43v4/ligandos/CHEMBL1178405.pdbqt"": Unknown or inappropriate tag
No valid ligands in the input directory
 | returncode=1 king/masive_als_tdp43v4/ligandos/CHEMBL1178405_out.pdbqt
Reading input ... done.


Parse error on line 62 in file ""/kaggle/working/masive_als_tdp43v4/ligandos/CHEMBL1178405.pdbqt"": Unknown or inappropriate tag
No valid ligands in the input directory
",2026-09-05 10:03:44
CHEMBL117841,TDP43_v2,-6.8,2026,-6.7000;-6.8000;-6.8000,ok,2026-09-05 10:03:50
CHEMBL1178410,TDP43_v2,,,,"error:returncode=1 king/masive_als_tdp43v4/ligandos/CHEMBL1178410_out.pdbqt
Reading input ... done.


Parse error on line 26 in file ""/kaggle/working/masive_als_tdp43v4/ligandos/CHEMBL1178410.pdbqt"": Unknown or inappropriate tag
No valid ligands in the input directory
 | returncode=1 king/masive_als_tdp43v4/ligandos/CHEMBL1178410_out.pdbqt
Reading input ... done.


Parse error on line 26 in file ""/kaggle/working/masive_als_tdp43v4/ligandos/CHEMBL1178410.pdbqt"": Unknown or inappropriate tag
No valid ligands in the input directory
 | returncode=1 king/masive_als_tdp43v4/ligandos/CHEMBL1178410_out.pdbqt
Reading input ... done.


Parse error on line 26 in file ""/kaggle/working/masive_als_tdp43v4/ligandos/CHEMBL1178410.pdbqt"": Unknown or inappropriate tag
No valid ligands in the input directory
",2026-09-05 10:03:50
CHEMBL117865,TDP43_v2,-3.9,42,-3.9000;-3.7000;-3.8000,ok,2026-09-05 10:03:56
CHEMBL1178725,TDP43_v2,-5.7,2026,-5.0000;-5.7000;-5.7000,ok,2026-09-05 10:04:24
CHEMBL1178861,TDP43_v2,-6.8,777,-6.1000;-5.2000;-6.8000,ok,2026-09-05 10:05:00
CHEMBL117895,TDP43_v2,-6.1,2026,-5.6000;-6.1000;-5.7000,ok,2026-09-05 10:05:06
CHEMBL1179,TDP43_v2,-5.8,42,-5.8000;-5.8000;-5.8000,ok,2026-09-05 10:05:13
CHEMBL1179070,TDP43_v2,,,,"error:returncode=1 king/masive_als_tdp43v4/ligandos/CHEMBL1179070_out.pdbqt
Reading input ... done.


Parse error on line 50 in file ""/kaggle/working/masive_als_tdp43v4/ligandos/CHEMBL1179070.pdbqt"": Unknown or inappropriate tag
No valid ligands in the input directory
 | returncode=1 king/masive_als_tdp43v4/ligandos/CHEMBL1179070_out.pdbqt
Reading input ... done.


Parse error on line 50 in file ""/kaggle/working/masive_als_tdp43v4/ligandos/CHEMBL1179070.pdbqt"": Unknown or inappropriate tag
No valid ligands in the input directory
 | returncode=1 king/masive_als_tdp43v4/ligandos/CHEMBL1179070_out.pdbqt
Reading input ... done.


Parse error on line 50 in file ""/kaggle/working/masive_als_tdp43v4/ligandos/CHEMBL1179070.pdbqt"": Unknown or inappropriate tag
No valid ligands in the input directory
",2026-09-05 10:05:13
CHEMBL1179080,TDP43_v2,,,,"error:returncode=1 king/masive_als_tdp43v4/ligandos/CHEMBL1179080_out.pdbqt
Reading input ... done.


Parse error on line 56 in file ""/kaggle/working/masive_als_tdp43v4/ligandos/CHEMBL1179080.pdbqt"": Unknown or inappropriate tag
No valid ligands in the input directory
 | returncode=1 king/masive_als_tdp43v4/ligandos/CHEMBL1179080_out.pdbqt
Reading input ... done.


Parse error on line 56 in file ""/kaggle/working/masive_als_tdp43v4/ligandos/CHEMBL1179080.pdbqt"": Unknown or inappropriate tag
No valid ligands in the input directory
 | returncode=1 king/masive_als_tdp43v4/ligandos/CHEMBL1179080_out.pdbqt
Reading input ... done.


Parse error on line 56 in file ""/kaggle/working/masive_als_tdp43v4/ligandos/CHEMBL1179080.pdbqt"": Unknown or inappropriate tag
No valid ligands in the input directory
",2026-09-05 10:05:13
CHEMBL1179098,TDP43_v2,,,,"error:returncode=1 king/masive_als_tdp43v4/ligandos/CHEMBL1179098_out.pdbqt
Reading input ... done.


Parse error on line 88 in file ""/kaggle/working/masive_als_tdp43v4/ligandos/CHEMBL1179098.pdbqt"": Unknown or inappropriate tag
No valid ligands in the input directory
 | returncode=1 king/masive_als_tdp43v4/ligandos/CHEMBL1179098_out.pdbqt
Reading input ... done.


Parse error on line 88 in file ""/kaggle/working/masive_als_tdp43v4/ligandos/CHEMBL1179098.pdbqt"": Unknown or inappropriate tag
No valid ligands in the input directory
 | returncode=1 king/masive_als_tdp43v4/ligandos/CHEMBL1179098_out.pdbqt
Reading input ... done.


Parse error on line 88 in file ""/kaggle/working/masive_als_tdp43v4/ligandos/CHEMBL1179098.pdbqt"": Unknown or inappropriate tag
No valid ligands in the input directory
",2026-09-05 10:05:13
CHEMBL1179189,TDP43_v2,,,,"error:returncode=1 king/masive_als_tdp43v4/ligandos/CHEMBL1179189_out.pdbqt
Reading input ... done.


Parse error on line 77 in file ""/kaggle/working/masive_als_tdp43v4/ligandos/CHEMBL1179189.pdbqt"": Unknown or inappropriate tag
No valid ligands in the input directory
 | returncode=1 king/masive_als_tdp43v4/ligandos/CHEMBL1179189_out.pdbqt
Reading input ... done.


Parse error on line 77 in file ""/kaggle/working/masive_als_tdp43v4/ligandos/CHEMBL1179189.pdbqt"": Unknown or inappropriate tag
No valid ligands in the input directory
 | returncode=1 king/masive_als_tdp43v4/ligandos/CHEMBL1179189_out.pdbqt
Reading input ... done.


Parse error on line 77 in file ""/kaggle/working/masive_als_tdp43v4/ligandos/CHEMBL1179189.pdbqt"": Unknown or inappropriate tag
No valid ligands in the input directory
",2026-09-05 10:05:13
CHEMBL117928,TDP43_v2,-5.8,2026,-5.3000;-5.8000;-5.0000,ok,2026-09-05 10:05:28
CHEMBL1179283,TDP43_v2,,,,"error:returncode=1 king/masive_als_tdp43v4/ligandos/CHEMBL1179283_out.pdbqt
Reading input ... done.


Parse error on line 69 in file ""/kaggle/working/masive_als_tdp43v4/ligandos/CHEMBL1179283.pdbqt"": Unknown or inappropriate tag
No valid ligands in the input directory
 | returncode=1 king/masive_als_tdp43v4/ligandos/CHEMBL1179283_out.pdbqt
Reading input ... done.


Parse error on line 69 in file ""/kaggle/working/masive_als_tdp43v4/ligandos/CHEMBL1179283.pdbqt"": Unknown or inappropriate tag
No valid ligands in the input directory
 | returncode=1 king/masive_als_tdp43v4/ligandos/CHEMBL1179283_out.pdbqt
Reading input ... done.


Parse error on line 69 in file ""/kaggle/working/masive_als_tdp43v4/ligandos/CHEMBL1179283.pdbqt"": Unknown or inappropriate tag
No valid ligands in the input directory
",2026-09-05 10:05:28
CHEMBL1179284,TDP43_v2,,,,"error:returncode=1 king/masive_als_tdp43v4/ligandos/CHEMBL1179284_out.pdbqt
Reading input ... done.


Parse error on line 74 in file ""/kaggle/working/masive_als_tdp43v4/ligandos/CHEMBL1179284.pdbqt"": Unknown or inappropriate tag
No valid ligands in the input directory
 | returncode=1 king/masive_als_tdp43v4/ligandos/CHEMBL1179284_out.pdbqt
Reading input ... done.


Parse error on line 74 in file ""/kaggle/working/masive_als_tdp43v4/ligandos/CHEMBL1179284.pdbqt"": Unknown or inappropriate tag
No valid ligands in the input directory
 | returncode=1 king/masive_als_tdp43v4/ligandos/CHEMBL1179284_out.pdbqt
Reading input ... done.


Parse error on line 74 in file ""/kaggle/working/masive_als_tdp43v4/ligandos/CHEMBL1179284.pdbqt"": Unknown or inappropriate tag
No valid ligands in the input directory
",2026-09-05 10:05:28
CHEMBL117940,TDP43_v2,-7.2,42,-7.2000;-7.0000;-7.1000,ok,2026-09-05 10:05:38
CHEMBL1179502,TDP43_v2,,,,"error:returncode=1 king/masive_als_tdp43v4/ligandos/CHEMBL1179502_out.pdbqt
Reading input ... done.


Parse error on line 52 in file ""/kaggle/working/masive_als_tdp43v4/ligandos/CHEMBL1179502.pdbqt"": Unknown or inappropriate tag
No valid ligands in the input directory
 | returncode=1 king/masive_als_tdp43v4/ligandos/CHEMBL1179502_out.pdbqt
Reading input ... done.


Parse error on line 52 in file ""/kaggle/working/masive_als_tdp43v4/ligandos/CHEMBL1179502.pdbqt"": Unknown or inappropriate tag
No valid ligands in the input directory
 | returncode=1 king/masive_als_tdp43v4/ligandos/CHEMBL1179502_out.pdbqt
Reading input ... done.


Parse error on line 52 in file ""/kaggle/working/masive_als_tdp43v4/ligandos/CHEMBL1179502.pdbqt"": Unknown or inappropriate tag
No valid ligands in the input directory
",2026-09-05 10:05:38
CHEMBL1179503,TDP43_v2,,,,"error:returncode=1 king/masive_als_tdp43v4/ligandos/CHEMBL1179503_out.pdbqt
Reading input ... done.


Parse error on line 52 in file ""/kaggle/working/masive_als_tdp43v4/ligandos/CHEMBL1179503.pdbqt"": Unknown or inappropriate tag
No valid ligands in the input directory
 | returncode=1 king/masive_als_tdp43v4/ligandos/CHEMBL1179503_out.pdbqt
Reading input ... done.


Parse error on line 52 in file ""/kaggle/working/masive_als_tdp43v4/ligandos/CHEMBL1179503.pdbqt"": Unknown or inappropriate tag
No valid ligands in the input directory
 | returncode=1 king/masive_als_tdp43v4/ligandos/CHEMBL1179503_out.pdbqt
Reading input ... done.


Parse error on line 52 in file ""/kaggle/working/masive_als_tdp43v4/ligandos/CHEMBL1179503.pdbqt"": Unknown or inappropriate tag
No valid ligands in the input directory
",2026-09-05 10:05:38
CHEMBL1179504,TDP43_v2,,,,"error:returncode=1 king/masive_als_tdp43v4/ligandos/CHEMBL1179504_out.pdbqt
Reading input ... done.


Parse error on line 48 in file ""/kaggle/working/masive_als_tdp43v4/ligandos/CHEMBL1179504.pdbqt"": Unknown or inappropriate tag
No valid ligands in the input directory
 | returncode=1 king/masive_als_tdp43v4/ligandos/CHEMBL1179504_out.pdbqt
Reading input ... done.


Parse error on line 48 in file ""/kaggle/working/masive_als_tdp43v4/ligandos/CHEMBL1179504.pdbqt"": Unknown or inappropriate tag
No valid ligands in the input directory
 | returncode=1 king/masive_als_tdp43v4/ligandos/CHEMBL1179504_out.pdbqt
Reading input ... done.


Parse error on line 48 in file ""/kaggle/working/masive_als_tdp43v4/ligandos/CHEMBL1179504.pdbqt"": Unknown or inappropriate tag
No valid ligands in the input directory
",2026-09-05 10:05:38
CHEMBL1179506,TDP43_v2,,,,"error:returncode=1 king/masive_als_tdp43v4/ligandos/CHEMBL1179506_out.pdbqt
Reading input ... done.


Parse error on line 77 in file ""/kaggle/working/masive_als_tdp43v4/ligandos/CHEMBL1179506.pdbqt"": Unknown or inappropriate tag
No valid ligands in the input directory
 | returncode=1 king/masive_als_tdp43v4/ligandos/CHEMBL1179506_out.pdbqt
Reading input ... done.


Parse error on line 77 in file ""/kaggle/working/masive_als_tdp43v4/ligandos/CHEMBL1179506.pdbqt"": Unknown or inappropriate tag
No valid ligands in the input directory
 | returncode=1 king/masive_als_tdp43v4/ligandos/CHEMBL1179506_out.pdbqt
Reading input ... done.


Parse error on line 77 in file ""/kaggle/working/masive_als_tdp43v4/ligandos/CHEMBL1179506.pdbqt"": Unknown or inappropriate tag
No valid ligands in the input directory
",2026-09-05 10:05:38
CHEMBL1179507,TDP43_v2,,,,"error:returncode=1 king/masive_als_tdp43v4/ligandos/CHEMBL1179507_out.pdbqt
Reading input ... done.


Parse error on line 28 in file ""/kaggle/working/masive_als_tdp43v4/ligandos/CHEMBL1179507.pdbqt"": Unknown or inappropriate tag
No valid ligands in the input directory
 | returncode=1 king/masive_als_tdp43v4/ligandos/CHEMBL1179507_out.pdbqt
Reading input ... done.


Parse error on line 28 in file ""/kaggle/working/masive_als_tdp43v4/ligandos/CHEMBL1179507.pdbqt"": Unknown or inappropriate tag
No valid ligands in the input directory
 | returncode=1 king/masive_als_tdp43v4/ligandos/CHEMBL1179507_out.pdbqt
Reading input ... done.


Parse error on line 28 in file ""/kaggle/working/masive_als_tdp43v4/ligandos/CHEMBL1179507.pdbqt"": Unknown or inappropriate tag
No valid ligands in the input directory
",2026-09-05 10:05:38
CHEMBL1179509,TDP43_v2,,,,"error:returncode=1 king/masive_als_tdp43v4/ligandos/CHEMBL1179509_out.pdbqt
Reading input ... done.


Parse error on line 26 in file ""/kaggle/working/masive_als_tdp43v4/ligandos/CHEMBL1179509.pdbqt"": Unknown or inappropriate tag
No valid ligands in the input directory
 | returncode=1 king/masive_als_tdp43v4/ligandos/CHEMBL1179509_out.pdbqt
Reading input ... done.


Parse error on line 26 in file ""/kaggle/working/masive_als_tdp43v4/ligandos/CHEMBL1179509.pdbqt"": Unknown or inappropriate tag
No valid ligands in the input directory
 | returncode=1 king/masive_als_tdp43v4/ligandos/CHEMBL1179509_out.pdbqt
Reading input ... done.


Parse error on line 26 in file ""/kaggle/working/masive_als_tdp43v4/ligandos/CHEMBL1179509.pdbqt"": Unknown or inappropriate tag
No valid ligands in the input directory
",2026-09-05 10:05:38
CHEMBL1179525,TDP43_v2,,,,"error:returncode=1 king/masive_als_tdp43v4/ligandos/CHEMBL1179525_out.pdbqt
Reading input ... done.


Parse error on line 78 in file ""/kaggle/working/masive_als_tdp43v4/ligandos/CHEMBL1179525.pdbqt"": Unknown or inappropriate tag
No valid ligands in the input directory
 | returncode=1 king/masive_als_tdp43v4/ligandos/CHEMBL1179525_out.pdbqt
Reading input ... done.


Parse error on line 78 in file ""/kaggle/working/masive_als_tdp43v4/ligandos/CHEMBL1179525.pdbqt"": Unknown or inappropriate tag
No valid ligands in the input directory
 | returncode=1 king/masive_als_tdp43v4/ligandos/CHEMBL1179525_out.pdbqt
Reading input ... done.


Parse error on line 78 in file ""/kaggle/working/masive_als_tdp43v4/ligandos/CHEMBL1179525.pdbqt"": Unknown or inappropriate tag
No valid ligands in the input directory
",2026-09-05 10:05:38
CHEMBL1179528,TDP43_v2,,,,"error:returncode=1 king/masive_als_tdp43v4/ligandos/CHEMBL1179528_out.pdbqt
Reading input ... done.


Parse error on line 84 in file ""/kaggle/working/masive_als_tdp43v4/ligandos/CHEMBL1179528.pdbqt"": Unknown or inappropriate tag
No valid ligands in the input directory
 | returncode=1 king/masive_als_tdp43v4/ligandos/CHEMBL1179528_out.pdbqt
Reading input ... done.


Parse error on line 84 in file ""/kaggle/working/masive_als_tdp43v4/ligandos/CHEMBL1179528.pdbqt"": Unknown or inappropriate tag
No valid ligands in the input directory
 | returncode=1 king/masive_als_tdp43v4/ligandos/CHEMBL1179528_out.pdbqt
Reading input ... done.


Parse error on line 84 in file ""/kaggle/working/masive_als_tdp43v4/ligandos/CHEMBL1179528.pdbqt"": Unknown or inappropriate tag
No valid ligands in the input directory
",2026-09-05 10:05:38
CHEMBL1179573,TDP43_v2,,,,"error:returncode=1 king/masive_als_tdp43v4/ligandos/CHEMBL1179573_out.pdbqt
Reading input ... done.


Parse error on line 73 in file ""/kaggle/working/masive_als_tdp43v4/ligandos/CHEMBL1179573.pdbqt"": Unknown or inappropriate tag
No valid ligands in the input directory
 | returncode=1 king/masive_als_tdp43v4/ligandos/CHEMBL1179573_out.pdbqt
Reading input ... done.


Parse error on line 73 in file ""/kaggle/working/masive_als_tdp43v4/ligandos/CHEMBL1179573.pdbqt"": Unknown or inappropriate tag
No valid ligands in the input directory
 | returncode=1 king/masive_als_tdp43v4/ligandos/CHEMBL1179573_out.pdbqt
Reading input ... done.


Parse error on line 73 in file ""/kaggle/working/masive_als_tdp43v4/ligandos/CHEMBL1179573.pdbqt"": Unknown or inappropriate tag
No valid ligands in the input directory
",2026-09-05 10:05:38
CHEMBL1179577,TDP43_v2,,,,"error:returncode=1 king/masive_als_tdp43v4/ligandos/CHEMBL1179577_out.pdbqt
Reading input ... done.


Parse error on line 86 in file ""/kaggle/working/masive_als_tdp43v4/ligandos/CHEMBL1179577.pdbqt"": Unknown or inappropriate tag
No valid ligands in the input directory
 | returncode=1 king/masive_als_tdp43v4/ligandos/CHEMBL1179577_out.pdbqt
Reading input ... done.


Parse error on line 86 in file ""/kaggle/working/masive_als_tdp43v4/ligandos/CHEMBL1179577.pdbqt"": Unknown or inappropriate tag
No valid ligands in the input directory
 | returncode=1 king/masive_als_tdp43v4/ligandos/CHEMBL1179577_out.pdbqt
Reading input ... done.


Parse error on line 86 in file ""/kaggle/working/masive_als_tdp43v4/ligandos/CHEMBL1179577.pdbqt"": Unknown or inappropriate tag
No valid ligands in the input directory
",2026-09-05 10:05:38
CHEMBL1179578,TDP43_v2,,,,"error:returncode=1 king/masive_als_tdp43v4/ligandos/CHEMBL1179578_out.pdbqt
Reading input ... done.


Parse error on line 77 in file ""/kaggle/working/masive_als_tdp43v4/ligandos/CHEMBL1179578.pdbqt"": Unknown or inappropriate tag
No valid ligands in the input directory
 | returncode=1 king/masive_als_tdp43v4/ligandos/CHEMBL1179578_out.pdbqt
Reading input ... done.


Parse error on line 77 in file ""/kaggle/working/masive_als_tdp43v4/ligandos/CHEMBL1179578.pdbqt"": Unknown or inappropriate tag
No valid ligands in the input directory
 | returncode=1 king/masive_als_tdp43v4/ligandos/CHEMBL1179578_out.pdbqt
Reading input ... done.


Parse error on line 77 in file ""/kaggle/working/masive_als_tdp43v4/ligandos/CHEMBL1179578.pdbqt"": Unknown or inappropriate tag
No valid ligands in the input directory
",2026-09-05 10:05:38
CHEMBL1179584,TDP43_v2,,,,"error:returncode=1 king/masive_als_tdp43v4/ligandos/CHEMBL1179584_out.pdbqt
Reading input ... done.


Parse error on line 93 in file ""/kaggle/working/masive_als_tdp43v4/ligandos/CHEMBL1179584.pdbqt"": Unknown or inappropriate tag
No valid ligands in the input directory
 | returncode=1 king/masive_als_tdp43v4/ligandos/CHEMBL1179584_out.pdbqt
Reading input ... done.


Parse error on line 93 in file ""/kaggle/working/masive_als_tdp43v4/ligandos/CHEMBL1179584.pdbqt"": Unknown or inappropriate tag
No valid ligands in the input directory
 | returncode=1 king/masive_als_tdp43v4/ligandos/CHEMBL1179584_out.pdbqt
Reading input ... done.


Parse error on line 93 in file ""/kaggle/working/masive_als_tdp43v4/ligandos/CHEMBL1179584.pdbqt"": Unknown or inappropriate tag
No valid ligands in the input directory
",2026-09-05 10:05:38
CHEMBL1179586,TDP43_v2,,,,"error:returncode=1 king/masive_als_tdp43v4/ligandos/CHEMBL1179586_out.pdbqt
Reading input ... done.


Parse error on line 76 in file ""/kaggle/working/masive_als_tdp43v4/ligandos/CHEMBL1179586.pdbqt"": Unknown or inappropriate tag
No valid ligands in the input directory
 | returncode=1 king/masive_als_tdp43v4/ligandos/CHEMBL1179586_out.pdbqt
Reading input ... done.


Parse error on line 76 in file ""/kaggle/working/masive_als_tdp43v4/ligandos/CHEMBL1179586.pdbqt"": Unknown or inappropriate tag
No valid ligands in the input directory
 | returncode=1 king/masive_als_tdp43v4/ligandos/CHEMBL1179586_out.pdbqt
Reading input ... done.


Parse error on line 76 in file ""/kaggle/working/masive_als_tdp43v4/ligandos/CHEMBL1179586.pdbqt"": Unknown or inappropriate tag
No valid ligands in the input directory
",2026-09-05 10:05:38
CHEMBL1179588,TDP43_v2,,,,"error:returncode=1 king/masive_als_tdp43v4/ligandos/CHEMBL1179588_out.pdbqt
Reading input ... done.


Parse error on line 93 in file ""/kaggle/working/masive_als_tdp43v4/ligandos/CHEMBL1179588.pdbqt"": Unknown or inappropriate tag
No valid ligands in the input directory
 | returncode=1 king/masive_als_tdp43v4/ligandos/CHEMBL1179588_out.pdbqt
Reading input ... done.


Parse error on line 93 in file ""/kaggle/working/masive_als_tdp43v4/ligandos/CHEMBL1179588.pdbqt"": Unknown or inappropriate tag
No valid ligands in the input directory
 | returncode=1 king/masive_als_tdp43v4/ligandos/CHEMBL1179588_out.pdbqt
Reading input ... done.


Parse error on line 93 in file ""/kaggle/working/masive_als_tdp43v4/ligandos/CHEMBL1179588.pdbqt"": Unknown or inappropriate tag
No valid ligands in the input directory
",2026-09-05 10:05:39
CHEMBL1179697,TDP43_v2,,,,"error:returncode=1 king/masive_als_tdp43v4/ligandos/CHEMBL1179697_out.pdbqt
Reading input ... done.


Parse error on line 69 in file ""/kaggle/working/masive_als_tdp43v4/ligandos/CHEMBL1179697.pdbqt"": Unknown or inappropriate tag
No valid ligands in the input directory
 | returncode=1 king/masive_als_tdp43v4/ligandos/CHEMBL1179697_out.pdbqt
Reading input ... done.


Parse error on line 69 in file ""/kaggle/working/masive_als_tdp43v4/ligandos/CHEMBL1179697.pdbqt"": Unknown or inappropriate tag
No valid ligands in the input directory
 | returncode=1 king/masive_als_tdp43v4/ligandos/CHEMBL1179697_out.pdbqt
Reading input ... done.


Parse error on line 69 in file ""/kaggle/working/masive_als_tdp43v4/ligandos/CHEMBL1179697.pdbqt"": Unknown or inappropriate tag
No valid ligands in the input directory
",2026-09-05 10:05:39
CHEMBL1179735,TDP43_v2,-6.0,42,-6.0000;-6.0000;-5.9000,ok,2026-09-05 10:05:45
CHEMBL1179902,TDP43_v2,,,,"error:returncode=1 king/masive_als_tdp43v4/ligandos/CHEMBL1179902_out.pdbqt
Reading input ... done.


Parse error on line 73 in file ""/kaggle/working/masive_als_tdp43v4/ligandos/CHEMBL1179902.pdbqt"": Unknown or inappropriate tag
No valid ligands in the input directory
 | returncode=1 king/masive_als_tdp43v4/ligandos/CHEMBL1179902_out.pdbqt
Reading input ... done.


Parse error on line 73 in file ""/kaggle/working/masive_als_tdp43v4/ligandos/CHEMBL1179902.pdbqt"": Unknown or inappropriate tag
No valid ligands in the input directory
 | returncode=1 king/masive_als_tdp43v4/ligandos/CHEMBL1179902_out.pdbqt
Reading input ... done.


Parse error on line 73 in file ""/kaggle/working/masive_als_tdp43v4/ligandos/CHEMBL1179902.pdbqt"": Unknown or inappropriate tag
No valid ligands in the input directory
",2026-09-05 10:05:45
CHEMBL1179955,TDP43_v2,,,,"error:returncode=1 king/masive_als_tdp43v4/ligandos/CHEMBL1179955_out.pdbqt
Reading input ... done.


Parse error on line 37 in file ""/kaggle/working/masive_als_tdp43v4/ligandos/CHEMBL1179955.pdbqt"": Unknown or inappropriate tag
No valid ligands in the input directory
 | returncode=1 king/masive_als_tdp43v4/ligandos/CHEMBL1179955_out.pdbqt
Reading input ... done.


Parse error on line 37 in file ""/kaggle/working/masive_als_tdp43v4/ligandos/CHEMBL1179955.pdbqt"": Unknown or inappropriate tag
No valid ligands in the input directory
 | returncode=1 king/masive_als_tdp43v4/ligandos/CHEMBL1179955_out.pdbqt
Reading input ... done.


Parse error on line 37 in file ""/kaggle/working/masive_als_tdp43v4/ligandos/CHEMBL1179955.pdbqt"": Unknown or inappropriate tag
No valid ligands in the input directory
",2026-09-05 10:05:45
CHEMBL1180074,TDP43_v2,-5.3,2026,-5.2000;-5.3000;-5.0000,ok,2026-09-05 10:05:57
CHEMBL1180156,TDP43_v2,-5.4,2026,-5.3000;-5.4000;-5.2000,ok,2026-09-05 10:06:07
CHEMBL118016,TDP43_v2,-5.6,2026,-5.4000;-5.6000;-5.6000,ok,2026-09-05 10:06:13
CHEMBL1180325,TDP43_v2,,,,"error:returncode=1 king/masive_als_tdp43v4/ligandos/CHEMBL1180325_out.pdbqt
Reading input ... done.


Parse error on line 46 in file ""/kaggle/working/masive_als_tdp43v4/ligandos/CHEMBL1180325.pdbqt"": Unknown or inappropriate tag
No valid ligands in the input directory
 | returncode=1 king/masive_als_tdp43v4/ligandos/CHEMBL1180325_out.pdbqt
Reading input ... done.


Parse error on line 46 in file ""/kaggle/working/masive_als_tdp43v4/ligandos/CHEMBL1180325.pdbqt"": Unknown or inappropriate tag
No valid ligands in the input directory
 | returncode=1 king/masive_als_tdp43v4/ligandos/CHEMBL1180325_out.pdbqt
Reading input ... done.


Parse error on line 46 in file ""/kaggle/working/masive_als_tdp43v4/ligandos/CHEMBL1180325.pdbqt"": Unknown or inappropriate tag
No valid ligands in the input directory
",2026-09-05 10:06:13
CHEMBL1180370,TDP43_v2,,,,"error:returncode=1 king/masive_als_tdp43v4/ligandos/CHEMBL1180370_out.pdbqt
Reading input ... done.


Parse error on line 53 in file ""/kaggle/working/masive_als_tdp43v4/ligandos/CHEMBL1180370.pdbqt"": Unknown or inappropriate tag
No valid ligands in the input directory
 | returncode=1 king/masive_als_tdp43v4/ligandos/CHEMBL1180370_out.pdbqt
Reading input ... done.


Parse error on line 53 in file ""/kaggle/working/masive_als_tdp43v4/ligandos/CHEMBL1180370.pdbqt"": Unknown or inappropriate tag
No valid ligands in the input directory
 | returncode=1 king/masive_als_tdp43v4/ligandos/CHEMBL1180370_out.pdbqt
Reading input ... done.


Parse error on line 53 in file ""/kaggle/working/masive_als_tdp43v4/ligandos/CHEMBL1180370.pdbqt"": Unknown or inappropriate tag
No valid ligands in the input directory
",2026-09-05 10:06:13
CHEMBL1180407,TDP43_v2,,,,"error:returncode=1 king/masive_als_tdp43v4/ligandos/CHEMBL1180407_out.pdbqt
Reading input ... done.


Parse error on line 87 in file ""/kaggle/working/masive_als_tdp43v4/ligandos/CHEMBL1180407.pdbqt"": Unknown or inappropriate tag
No valid ligands in the input directory
 | returncode=1 king/masive_als_tdp43v4/ligandos/CHEMBL1180407_out.pdbqt
Reading input ... done.


Parse error on line 87 in file ""/kaggle/working/masive_als_tdp43v4/ligandos/CHEMBL1180407.pdbqt"": Unknown or inappropriate tag
No valid ligands in the input directory
 | returncode=1 king/masive_als_tdp43v4/ligandos/CHEMBL1180407_out.pdbqt
Reading input ... done.


Parse error on line 87 in file ""/kaggle/working/masive_als_tdp43v4/ligandos/CHEMBL1180407.pdbqt"": Unknown or inappropriate tag
No valid ligands in the input directory
",2026-09-05 10:06:13
CHEMBL1180412,TDP43_v2,,,,"error:returncode=1 ing/masive_als_tdp43v4/ligandos/CHEMBL1180412_out.pdbqt
Reading input ... done.


Parse error on line 102 in file ""/kaggle/working/masive_als_tdp43v4/ligandos/CHEMBL1180412.pdbqt"": Unknown or inappropriate tag
No valid ligands in the input directory
 | returncode=1 ing/masive_als_tdp43v4/ligandos/CHEMBL1180412_out.pdbqt
Reading input ... done.


Parse error on line 102 in file ""/kaggle/working/masive_als_tdp43v4/ligandos/CHEMBL1180412.pdbqt"": Unknown or inappropriate tag
No valid ligands in the input directory
 | returncode=1 ing/masive_als_tdp43v4/ligandos/CHEMBL1180412_out.pdbqt
Reading input ... done.


Parse error on line 102 in file ""/kaggle/working/masive_als_tdp43v4/ligandos/CHEMBL1180412.pdbqt"": Unknown or inappropriate tag
No valid ligands in the input directory
",2026-09-05 10:06:13
CHEMBL1180418,TDP43_v2,-4.1,2026,-3.9000;-4.1000;-4.1000,ok,2026-09-05 10:06:20
CHEMBL1180430,TDP43_v2,,,,"error:returncode=1 king/masive_als_tdp43v4/ligandos/CHEMBL1180430_out.pdbqt
Reading input ... done.


Parse error on line 88 in file ""/kaggle/working/masive_als_tdp43v4/ligandos/CHEMBL1180430.pdbqt"": Unknown or inappropriate tag
No valid ligands in the input directory
 | returncode=1 king/masive_als_tdp43v4/ligandos/CHEMBL1180430_out.pdbqt
Reading input ... done.


Parse error on line 88 in file ""/kaggle/working/masive_als_tdp43v4/ligandos/CHEMBL1180430.pdbqt"": Unknown or inappropriate tag
No valid ligands in the input directory
 | returncode=1 king/masive_als_tdp43v4/ligandos/CHEMBL1180430_out.pdbqt
Reading input ... done.


Parse error on line 88 in file ""/kaggle/working/masive_als_tdp43v4/ligandos/CHEMBL1180430.pdbqt"": Unknown or inappropriate tag
No valid ligands in the input directory
",2026-09-05 10:06:20
CHEMBL1180434,TDP43_v2,,,,"error:returncode=1 king/masive_als_tdp43v4/ligandos/CHEMBL1180434_out.pdbqt
Reading input ... done.


Parse error on line 84 in file ""/kaggle/working/masive_als_tdp43v4/ligandos/CHEMBL1180434.pdbqt"": Unknown or inappropriate tag
No valid ligands in the input directory
 | returncode=1 king/masive_als_tdp43v4/ligandos/CHEMBL1180434_out.pdbqt
Reading input ... done.


Parse error on line 84 in file ""/kaggle/working/masive_als_tdp43v4/ligandos/CHEMBL1180434.pdbqt"": Unknown or inappropriate tag
No valid ligands in the input directory
 | returncode=1 king/masive_als_tdp43v4/ligandos/CHEMBL1180434_out.pdbqt
Reading input ... done.


Parse error on line 84 in file ""/kaggle/working/masive_als_tdp43v4/ligandos/CHEMBL1180434.pdbqt"": Unknown or inappropriate tag
No valid ligands in the input directory
",2026-09-05 10:06:20
CHEMBL1180436,TDP43_v2,,,,"error:returncode=1 king/masive_als_tdp43v4/ligandos/CHEMBL1180436_out.pdbqt
Reading input ... done.


Parse error on line 86 in file ""/kaggle/working/masive_als_tdp43v4/ligandos/CHEMBL1180436.pdbqt"": Unknown or inappropriate tag
No valid ligands in the input directory
 | returncode=1 king/masive_als_tdp43v4/ligandos/CHEMBL1180436_out.pdbqt
Reading input ... done.


Parse error on line 86 in file ""/kaggle/working/masive_als_tdp43v4/ligandos/CHEMBL1180436.pdbqt"": Unknown or inappropriate tag
No valid ligands in the input directory
 | returncode=1 king/masive_als_tdp43v4/ligandos/CHEMBL1180436_out.pdbqt
Reading input ... done.


Parse error on line 86 in file ""/kaggle/working/masive_als_tdp43v4/ligandos/CHEMBL1180436.pdbqt"": Unknown or inappropriate tag
No valid ligands in the input directory
",2026-09-05 10:06:20
CHEMBL1180437,TDP43_v2,,,,"error:returncode=1 king/masive_als_tdp43v4/ligandos/CHEMBL1180437_out.pdbqt
Reading input ... done.


Parse error on line 97 in file ""/kaggle/working/masive_als_tdp43v4/ligandos/CHEMBL1180437.pdbqt"": Unknown or inappropriate tag
No valid ligands in the input directory
 | returncode=1 king/masive_als_tdp43v4/ligandos/CHEMBL1180437_out.pdbqt
Reading input ... done.


Parse error on line 97 in file ""/kaggle/working/masive_als_tdp43v4/ligandos/CHEMBL1180437.pdbqt"": Unknown or inappropriate tag
No valid ligands in the input directory
 | returncode=1 king/masive_als_tdp43v4/ligandos/CHEMBL1180437_out.pdbqt
Reading input ... done.


Parse error on line 97 in file ""/kaggle/working/masive_als_tdp43v4/ligandos/CHEMBL1180437.pdbqt"": Unknown or inappropriate tag
No valid ligands in the input directory
",2026-09-05 10:06:20
CHEMBL1180439,TDP43_v2,,,,"error:returncode=1 ing/masive_als_tdp43v4/ligandos/CHEMBL1180439_out.pdbqt
Reading input ... done.


Parse error on line 103 in file ""/kaggle/working/masive_als_tdp43v4/ligandos/CHEMBL1180439.pdbqt"": Unknown or inappropriate tag
No valid ligands in the input directory
 | returncode=1 ing/masive_als_tdp43v4/ligandos/CHEMBL1180439_out.pdbqt
Reading input ... done.


Parse error on line 103 in file ""/kaggle/working/masive_als_tdp43v4/ligandos/CHEMBL1180439.pdbqt"": Unknown or inappropriate tag
No valid ligands in the input directory
 | returncode=1 ing/masive_als_tdp43v4/ligandos/CHEMBL1180439_out.pdbqt
Reading input ... done.


Parse error on line 103 in file ""/kaggle/working/masive_als_tdp43v4/ligandos/CHEMBL1180439.pdbqt"": Unknown or inappropriate tag
No valid ligands in the input directory
",2026-09-05 10:06:20
CHEMBL1180446,TDP43_v2,,,,"error:returncode=1 king/masive_als_tdp43v4/ligandos/CHEMBL1180446_out.pdbqt
Reading input ... done.


Parse error on line 83 in file ""/kaggle/working/masive_als_tdp43v4/ligandos/CHEMBL1180446.pdbqt"": Unknown or inappropriate tag
No valid ligands in the input directory
 | returncode=1 king/masive_als_tdp43v4/ligandos/CHEMBL1180446_out.pdbqt
Reading input ... done.


Parse error on line 83 in file ""/kaggle/working/masive_als_tdp43v4/ligandos/CHEMBL1180446.pdbqt"": Unknown or inappropriate tag
No valid ligands in the input directory
 | returncode=1 king/masive_als_tdp43v4/ligandos/CHEMBL1180446_out.pdbqt
Reading input ... done.


Parse error on line 83 in file ""/kaggle/working/masive_als_tdp43v4/ligandos/CHEMBL1180446.pdbqt"": Unknown or inappropriate tag
No valid ligands in the input directory
",2026-09-05 10:06:20
CHEMBL1180454,TDP43_v2,,,,"error:returncode=1 king/masive_als_tdp43v4/ligandos/CHEMBL1180454_out.pdbqt
Reading input ... done.


Parse error on line 86 in file ""/kaggle/working/masive_als_tdp43v4/ligandos/CHEMBL1180454.pdbqt"": Unknown or inappropriate tag
No valid ligands in the input directory
 | returncode=1 king/masive_als_tdp43v4/ligandos/CHEMBL1180454_out.pdbqt
Reading input ... done.


Parse error on line 86 in file ""/kaggle/working/masive_als_tdp43v4/ligandos/CHEMBL1180454.pdbqt"": Unknown or inappropriate tag
No valid ligands in the input directory
 | returncode=1 king/masive_als_tdp43v4/ligandos/CHEMBL1180454_out.pdbqt
Reading input ... done.


Parse error on line 86 in file ""/kaggle/working/masive_als_tdp43v4/ligandos/CHEMBL1180454.pdbqt"": Unknown or inappropriate tag
No valid ligands in the input directory
",2026-09-05 10:06:20
CHEMBL1180455,TDP43_v2,,,,"error:returncode=1 king/masive_als_tdp43v4/ligandos/CHEMBL1180455_out.pdbqt
Reading input ... done.


Parse error on line 89 in file ""/kaggle/working/masive_als_tdp43v4/ligandos/CHEMBL1180455.pdbqt"": Unknown or inappropriate tag
No valid ligands in the input directory
 | returncode=1 king/masive_als_tdp43v4/ligandos/CHEMBL1180455_out.pdbqt
Reading input ... done.


Parse error on line 89 in file ""/kaggle/working/masive_als_tdp43v4/ligandos/CHEMBL1180455.pdbqt"": Unknown or inappropriate tag
No valid ligands in the input directory
 | returncode=1 king/masive_als_tdp43v4/ligandos/CHEMBL1180455_out.pdbqt
Reading input ... done.


Parse error on line 89 in file ""/kaggle/working/masive_als_tdp43v4/ligandos/CHEMBL1180455.pdbqt"": Unknown or inappropriate tag
No valid ligands in the input directory
",2026-09-05 10:06:20
CHEMBL1180459,TDP43_v2,,,,"error:returncode=1 king/masive_als_tdp43v4/ligandos/CHEMBL1180459_out.pdbqt
Reading input ... done.


Parse error on line 86 in file ""/kaggle/working/masive_als_tdp43v4/ligandos/CHEMBL1180459.pdbqt"": Unknown or inappropriate tag
No valid ligands in the input directory
 | returncode=1 king/masive_als_tdp43v4/ligandos/CHEMBL1180459_out.pdbqt
Reading input ... done.


Parse error on line 86 in file ""/kaggle/working/masive_als_tdp43v4/ligandos/CHEMBL1180459.pdbqt"": Unknown or inappropriate tag
No valid ligands in the input directory
 | returncode=1 king/masive_als_tdp43v4/ligandos/CHEMBL1180459_out.pdbqt
Reading input ... done.


Parse error on line 86 in file ""/kaggle/working/masive_als_tdp43v4/ligandos/CHEMBL1180459.pdbqt"": Unknown or inappropriate tag
No valid ligands in the input directory
",2026-09-05 10:06:20
CHEMBL1180460,TDP43_v2,,,,"error:returncode=1 king/masive_als_tdp43v4/ligandos/CHEMBL1180460_out.pdbqt
Reading input ... done.


Parse error on line 98 in file ""/kaggle/working/masive_als_tdp43v4/ligandos/CHEMBL1180460.pdbqt"": Unknown or inappropriate tag
No valid ligands in the input directory
 | returncode=1 king/masive_als_tdp43v4/ligandos/CHEMBL1180460_out.pdbqt
Reading input ... done.


Parse error on line 98 in file ""/kaggle/working/masive_als_tdp43v4/ligandos/CHEMBL1180460.pdbqt"": Unknown or inappropriate tag
No valid ligands in the input directory
 | returncode=1 king/masive_als_tdp43v4/ligandos/CHEMBL1180460_out.pdbqt
Reading input ... done.


Parse error on line 98 in file ""/kaggle/working/masive_als_tdp43v4/ligandos/CHEMBL1180460.pdbqt"": Unknown or inappropriate tag
No valid ligands in the input directory
",2026-09-05 10:06:20
CHEMBL1180464,TDP43_v2,,,,"error:returncode=1 king/masive_als_tdp43v4/ligandos/CHEMBL1180464_out.pdbqt
Reading input ... done.


Parse error on line 92 in file ""/kaggle/working/masive_als_tdp43v4/ligandos/CHEMBL1180464.pdbqt"": Unknown or inappropriate tag
No valid ligands in the input directory
 | returncode=1 king/masive_als_tdp43v4/ligandos/CHEMBL1180464_out.pdbqt
Reading input ... done.


Parse error on line 92 in file ""/kaggle/working/masive_als_tdp43v4/ligandos/CHEMBL1180464.pdbqt"": Unknown or inappropriate tag
No valid ligands in the input directory
 | returncode=1 king/masive_als_tdp43v4/ligandos/CHEMBL1180464_out.pdbqt
Reading input ... done.


Parse error on line 92 in file ""/kaggle/working/masive_als_tdp43v4/ligandos/CHEMBL1180464.pdbqt"": Unknown or inappropriate tag
No valid ligands in the input directory
",2026-09-05 10:06:20
CHEMBL1180466,TDP43_v2,,,,"error:returncode=1 king/masive_als_tdp43v4/ligandos/CHEMBL1180466_out.pdbqt
Reading input ... done.


Parse error on line 92 in file ""/kaggle/working/masive_als_tdp43v4/ligandos/CHEMBL1180466.pdbqt"": Unknown or inappropriate tag
No valid ligands in the input directory
 | returncode=1 king/masive_als_tdp43v4/ligandos/CHEMBL1180466_out.pdbqt
Reading input ... done.


Parse error on line 92 in file ""/kaggle/working/masive_als_tdp43v4/ligandos/CHEMBL1180466.pdbqt"": Unknown or inappropriate tag
No valid ligands in the input directory
 | returncode=1 king/masive_als_tdp43v4/ligandos/CHEMBL1180466_out.pdbqt
Reading input ... done.


Parse error on line 92 in file ""/kaggle/working/masive_als_tdp43v4/ligandos/CHEMBL1180466.pdbqt"": Unknown or inappropriate tag
No valid ligands in the input directory
",2026-09-05 10:06:20
CHEMBL1180467,TDP43_v2,,,,"error:returncode=1 king/masive_als_tdp43v4/ligandos/CHEMBL1180467_out.pdbqt
Reading input ... done.


Parse error on line 89 in file ""/kaggle/working/masive_als_tdp43v4/ligandos/CHEMBL1180467.pdbqt"": Unknown or inappropriate tag
No valid ligands in the input directory
 | returncode=1 king/masive_als_tdp43v4/ligandos/CHEMBL1180467_out.pdbqt
Reading input ... done.


Parse error on line 89 in file ""/kaggle/working/masive_als_tdp43v4/ligandos/CHEMBL1180467.pdbqt"": Unknown or inappropriate tag
No valid ligands in the input directory
 | returncode=1 king/masive_als_tdp43v4/ligandos/CHEMBL1180467_out.pdbqt
Reading input ... done.


Parse error on line 89 in file ""/kaggle/working/masive_als_tdp43v4/ligandos/CHEMBL1180467.pdbqt"": Unknown or inappropriate tag
No valid ligands in the input directory
",2026-09-05 10:06:20
CHEMBL1180482,TDP43_v2,,,,"error:returncode=1 king/masive_als_tdp43v4/ligandos/CHEMBL1180482_out.pdbqt
Reading input ... done.


Parse error on line 89 in file ""/kaggle/working/masive_als_tdp43v4/ligandos/CHEMBL1180482.pdbqt"": Unknown or inappropriate tag
No valid ligands in the input directory
 | returncode=1 king/masive_als_tdp43v4/ligandos/CHEMBL1180482_out.pdbqt
Reading input ... done.


Parse error on line 89 in file ""/kaggle/working/masive_als_tdp43v4/ligandos/CHEMBL1180482.pdbqt"": Unknown or inappropriate tag
No valid ligands in the input directory
 | returncode=1 king/masive_als_tdp43v4/ligandos/CHEMBL1180482_out.pdbqt
Reading input ... done.


Parse error on line 89 in file ""/kaggle/working/masive_als_tdp43v4/ligandos/CHEMBL1180482.pdbqt"": Unknown or inappropriate tag
No valid ligands in the input directory
",2026-09-05 10:06:20
CHEMBL1180484,TDP43_v2,-5.7,42,-5.7000;-5.2000;-5.3000,ok,2026-09-05 10:06:30
CHEMBL1180489,TDP43_v2,,,,"error:returncode=1 king/masive_als_tdp43v4/ligandos/CHEMBL1180489_out.pdbqt
Reading input ... done.


Parse error on line 86 in file ""/kaggle/working/masive_als_tdp43v4/ligandos/CHEMBL1180489.pdbqt"": Unknown or inappropriate tag
No valid ligands in the input directory
 | returncode=1 king/masive_als_tdp43v4/ligandos/CHEMBL1180489_out.pdbqt
Reading input ... done.


Parse error on line 86 in file ""/kaggle/working/masive_als_tdp43v4/ligandos/CHEMBL1180489.pdbqt"": Unknown or inappropriate tag
No valid ligands in the input directory
 | returncode=1 king/masive_als_tdp43v4/ligandos/CHEMBL1180489_out.pdbqt
Reading input ... done.


Parse error on line 86 in file ""/kaggle/working/masive_als_tdp43v4/ligandos/CHEMBL1180489.pdbqt"": Unknown or inappropriate tag
No valid ligands in the input directory
",2026-09-05 10:06:30
CHEMBL1180494,TDP43_v2,,,,"error:returncode=1 king/masive_als_tdp43v4/ligandos/CHEMBL1180494_out.pdbqt
Reading input ... done.


Parse error on line 89 in file ""/kaggle/working/masive_als_tdp43v4/ligandos/CHEMBL1180494.pdbqt"": Unknown or inappropriate tag
No valid ligands in the input directory
 | returncode=1 king/masive_als_tdp43v4/ligandos/CHEMBL1180494_out.pdbqt
Reading input ... done.


Parse error on line 89 in file ""/kaggle/working/masive_als_tdp43v4/ligandos/CHEMBL1180494.pdbqt"": Unknown or inappropriate tag
No valid ligands in the input directory
 | returncode=1 king/masive_als_tdp43v4/ligandos/CHEMBL1180494_out.pdbqt
Reading input ... done.


Parse error on line 89 in file ""/kaggle/working/masive_als_tdp43v4/ligandos/CHEMBL1180494.pdbqt"": Unknown or inappropriate tag
No valid ligands in the input directory
",2026-09-05 10:06:30
CHEMBL1180495,TDP43_v2,,,,"error:returncode=1 ing/masive_als_tdp43v4/ligandos/CHEMBL1180495_out.pdbqt
Reading input ... done.


Parse error on line 105 in file ""/kaggle/working/masive_als_tdp43v4/ligandos/CHEMBL1180495.pdbqt"": Unknown or inappropriate tag
No valid ligands in the input directory
 | returncode=1 ing/masive_als_tdp43v4/ligandos/CHEMBL1180495_out.pdbqt
Reading input ... done.


Parse error on line 105 in file ""/kaggle/working/masive_als_tdp43v4/ligandos/CHEMBL1180495.pdbqt"": Unknown or inappropriate tag
No valid ligands in the input directory
 | returncode=1 ing/masive_als_tdp43v4/ligandos/CHEMBL1180495_out.pdbqt
Reading input ... done.


Parse error on line 105 in file ""/kaggle/working/masive_als_tdp43v4/ligandos/CHEMBL1180495.pdbqt"": Unknown or inappropriate tag
No valid ligands in the input directory
",2026-09-05 10:06:30
CHEMBL1180499,TDP43_v2,,,,"error:returncode=1 king/masive_als_tdp43v4/ligandos/CHEMBL1180499_out.pdbqt
Reading input ... done.


Parse error on line 86 in file ""/kaggle/working/masive_als_tdp43v4/ligandos/CHEMBL1180499.pdbqt"": Unknown or inappropriate tag
No valid ligands in the input directory
 | returncode=1 king/masive_als_tdp43v4/ligandos/CHEMBL1180499_out.pdbqt
Reading input ... done.


Parse error on line 86 in file ""/kaggle/working/masive_als_tdp43v4/ligandos/CHEMBL1180499.pdbqt"": Unknown or inappropriate tag
No valid ligands in the input directory
 | returncode=1 king/masive_als_tdp43v4/ligandos/CHEMBL1180499_out.pdbqt
Reading input ... done.


Parse error on line 86 in file ""/kaggle/working/masive_als_tdp43v4/ligandos/CHEMBL1180499.pdbqt"": Unknown or inappropriate tag
No valid ligands in the input directory
",2026-09-05 10:06:30
CHEMBL11805,TDP43_v2,-4.2,777,-4.0000;-4.0000;-4.2000,ok,2026-09-05 10:07:35
CHEMBL1180536,TDP43_v2,,,,"error:returncode=1 king/masive_als_tdp43v4/ligandos/CHEMBL1180536_out.pdbqt
Reading input ... done.


Parse error on line 95 in file ""/kaggle/working/masive_als_tdp43v4/ligandos/CHEMBL1180536.pdbqt"": Unknown or inappropriate tag
No valid ligands in the input directory
 | returncode=1 king/masive_als_tdp43v4/ligandos/CHEMBL1180536_out.pdbqt
Reading input ... done.


Parse error on line 95 in file ""/kaggle/working/masive_als_tdp43v4/ligandos/CHEMBL1180536.pdbqt"": Unknown or inappropriate tag
No valid ligands in the input directory
 | returncode=1 king/masive_als_tdp43v4/ligandos/CHEMBL1180536_out.pdbqt
Reading input ... done.


Parse error on line 95 in file ""/kaggle/working/masive_als_tdp43v4/ligandos/CHEMBL1180536.pdbqt"": Unknown or inappropriate tag
No valid ligands in the input directory
",2026-09-05 10:07:35
CHEMBL1180538,TDP43_v2,,,,"error:returncode=1 king/masive_als_tdp43v4/ligandos/CHEMBL1180538_out.pdbqt
Reading input ... done.


Parse error on line 85 in file ""/kaggle/working/masive_als_tdp43v4/ligandos/CHEMBL1180538.pdbqt"": Unknown or inappropriate tag
No valid ligands in the input directory
 | returncode=1 king/masive_als_tdp43v4/ligandos/CHEMBL1180538_out.pdbqt
Reading input ... done.


Parse error on line 85 in file ""/kaggle/working/masive_als_tdp43v4/ligandos/CHEMBL1180538.pdbqt"": Unknown or inappropriate tag
No valid ligands in the input directory
 | returncode=1 king/masive_als_tdp43v4/ligandos/CHEMBL1180538_out.pdbqt
Reading input ... done.


Parse error on line 85 in file ""/kaggle/working/masive_als_tdp43v4/ligandos/CHEMBL1180538.pdbqt"": Unknown or inappropriate tag
No valid ligands in the input directory
",2026-09-05 10:07:36
CHEMBL1180540,TDP43_v2,,,,"error:returncode=1 king/masive_als_tdp43v4/ligandos/CHEMBL1180540_out.pdbqt
Reading input ... done.


Parse error on line 78 in file ""/kaggle/working/masive_als_tdp43v4/ligandos/CHEMBL1180540.pdbqt"": Unknown or inappropriate tag
No valid ligands in the input directory
 | returncode=1 king/masive_als_tdp43v4/ligandos/CHEMBL1180540_out.pdbqt
Reading input ... done.


Parse error on line 78 in file ""/kaggle/working/masive_als_tdp43v4/ligandos/CHEMBL1180540.pdbqt"": Unknown or inappropriate tag
No valid ligands in the input directory
 | returncode=1 king/masive_als_tdp43v4/ligandos/CHEMBL1180540_out.pdbqt
Reading input ... done.


Parse error on line 78 in file ""/kaggle/working/masive_als_tdp43v4/ligandos/CHEMBL1180540.pdbqt"": Unknown or inappropriate tag
No valid ligands in the input directory
",2026-09-05 10:07:36
CHEMBL1180542,TDP43_v2,,,,"error:returncode=1 king/masive_als_tdp43v4/ligandos/CHEMBL1180542_out.pdbqt
Reading input ... done.


Parse error on line 69 in file ""/kaggle/working/masive_als_tdp43v4/ligandos/CHEMBL1180542.pdbqt"": Unknown or inappropriate tag
No valid ligands in the input directory
 | returncode=1 king/masive_als_tdp43v4/ligandos/CHEMBL1180542_out.pdbqt
Reading input ... done.


Parse error on line 69 in file ""/kaggle/working/masive_als_tdp43v4/ligandos/CHEMBL1180542.pdbqt"": Unknown or inappropriate tag
No valid ligands in the input directory
 | returncode=1 king/masive_als_tdp43v4/ligandos/CHEMBL1180542_out.pdbqt
Reading input ... done.


Parse error on line 69 in file ""/kaggle/working/masive_als_tdp43v4/ligandos/CHEMBL1180542.pdbqt"": Unknown or inappropriate tag
No valid ligands in the input directory
",2026-09-05 10:07:36
CHEMBL1180550,TDP43_v2,-3.2,42,-3.2000;-3.2000;-3.2000,ok,2026-09-05 10:07:42
CHEMBL1180562,TDP43_v2,,,,"error:returncode=1 king/masive_als_tdp43v4/ligandos/CHEMBL1180562_out.pdbqt
Reading input ... done.


Parse error on line 69 in file ""/kaggle/working/masive_als_tdp43v4/ligandos/CHEMBL1180562.pdbqt"": Unknown or inappropriate tag
No valid ligands in the input directory
 | returncode=1 king/masive_als_tdp43v4/ligandos/CHEMBL1180562_out.pdbqt
Reading input ... done.


Parse error on line 69 in file ""/kaggle/working/masive_als_tdp43v4/ligandos/CHEMBL1180562.pdbqt"": Unknown or inappropriate tag
No valid ligands in the input directory
 | returncode=1 king/masive_als_tdp43v4/ligandos/CHEMBL1180562_out.pdbqt
Reading input ... done.


Parse error on line 69 in file ""/kaggle/working/masive_als_tdp43v4/ligandos/CHEMBL1180562.pdbqt"": Unknown or inappropriate tag
No valid ligands in the input directory
",2026-09-05 10:07:42
CHEMBL1180589,TDP43_v2,,,,"error:returncode=1 king/masive_als_tdp43v4/ligandos/CHEMBL1180589_out.pdbqt
Reading input ... done.


Parse error on line 44 in file ""/kaggle/working/masive_als_tdp43v4/ligandos/CHEMBL1180589.pdbqt"": Unknown or inappropriate tag
No valid ligands in the input directory
 | returncode=1 king/masive_als_tdp43v4/ligandos/CHEMBL1180589_out.pdbqt
Reading input ... done.


Parse error on line 44 in file ""/kaggle/working/masive_als_tdp43v4/ligandos/CHEMBL1180589.pdbqt"": Unknown or inappropriate tag
No valid ligands in the input directory
 | returncode=1 king/masive_als_tdp43v4/ligandos/CHEMBL1180589_out.pdbqt
Reading input ... done.


Parse error on line 44 in file ""/kaggle/working/masive_als_tdp43v4/ligandos/CHEMBL1180589.pdbqt"": Unknown or inappropriate tag
No valid ligands in the input directory
",2026-09-05 10:07:42
CHEMBL1180604,TDP43_v2,,,,"error:returncode=1 king/masive_als_tdp43v4/ligandos/CHEMBL1180604_out.pdbqt
Reading input ... done.


Parse error on line 40 in file ""/kaggle/working/masive_als_tdp43v4/ligandos/CHEMBL1180604.pdbqt"": Unknown or inappropriate tag
No valid ligands in the input directory
 | returncode=1 king/masive_als_tdp43v4/ligandos/CHEMBL1180604_out.pdbqt
Reading input ... done.


Parse error on line 40 in file ""/kaggle/working/masive_als_tdp43v4/ligandos/CHEMBL1180604.pdbqt"": Unknown or inappropriate tag
No valid ligands in the input directory
 | returncode=1 king/masive_als_tdp43v4/ligandos/CHEMBL1180604_out.pdbqt
Reading input ... done.


Parse error on line 40 in file ""/kaggle/working/masive_als_tdp43v4/ligandos/CHEMBL1180604.pdbqt"": Unknown or inappropriate tag
No valid ligands in the input directory
",2026-09-05 10:07:42
CHEMBL1180609,TDP43_v2,,,,"error:returncode=1 king/masive_als_tdp43v4/ligandos/CHEMBL1180609_out.pdbqt
Reading input ... done.


Parse error on line 40 in file ""/kaggle/working/masive_als_tdp43v4/ligandos/CHEMBL1180609.pdbqt"": Unknown or inappropriate tag
No valid ligands in the input directory
 | returncode=1 king/masive_als_tdp43v4/ligandos/CHEMBL1180609_out.pdbqt
Reading input ... done.


Parse error on line 40 in file ""/kaggle/working/masive_als_tdp43v4/ligandos/CHEMBL1180609.pdbqt"": Unknown or inappropriate tag
No valid ligands in the input directory
 | returncode=1 king/masive_als_tdp43v4/ligandos/CHEMBL1180609_out.pdbqt
Reading input ... done.


Parse error on line 40 in file ""/kaggle/working/masive_als_tdp43v4/ligandos/CHEMBL1180609.pdbqt"": Unknown or inappropriate tag
No valid ligands in the input directory
",2026-09-05 10:07:42
CHEMBL118062,TDP43_v2,-5.9,42,-5.9000;-5.7000;-5.9000,ok,2026-09-05 10:07:48
CHEMBL1180627,TDP43_v2,,,,"error:returncode=1 king/masive_als_tdp43v4/ligandos/CHEMBL1180627_out.pdbqt
Reading input ... done.


Parse error on line 44 in file ""/kaggle/working/masive_als_tdp43v4/ligandos/CHEMBL1180627.pdbqt"": Unknown or inappropriate tag
No valid ligands in the input directory
 | returncode=1 king/masive_als_tdp43v4/ligandos/CHEMBL1180627_out.pdbqt
Reading input ... done.


Parse error on line 44 in file ""/kaggle/working/masive_als_tdp43v4/ligandos/CHEMBL1180627.pdbqt"": Unknown or inappropriate tag
No valid ligands in the input directory
 | returncode=1 king/masive_als_tdp43v4/ligandos/CHEMBL1180627_out.pdbqt
Reading input ... done.


Parse error on line 44 in file ""/kaggle/working/masive_als_tdp43v4/ligandos/CHEMBL1180627.pdbqt"": Unknown or inappropriate tag
No valid ligands in the input directory
",2026-09-05 10:07:48
CHEMBL1180629,TDP43_v2,,,,"error:returncode=1 king/masive_als_tdp43v4/ligandos/CHEMBL1180629_out.pdbqt
Reading input ... done.


Parse error on line 44 in file ""/kaggle/working/masive_als_tdp43v4/ligandos/CHEMBL1180629.pdbqt"": Unknown or inappropriate tag
No valid ligands in the input directory
 | returncode=1 king/masive_als_tdp43v4/ligandos/CHEMBL1180629_out.pdbqt
Reading input ... done.


Parse error on line 44 in file ""/kaggle/working/masive_als_tdp43v4/ligandos/CHEMBL1180629.pdbqt"": Unknown or inappropriate tag
No valid ligands in the input directory
 | returncode=1 king/masive_als_tdp43v4/ligandos/CHEMBL1180629_out.pdbqt
Reading input ... done.


Parse error on line 44 in file ""/kaggle/working/masive_als_tdp43v4/ligandos/CHEMBL1180629.pdbqt"": Unknown or inappropriate tag
No valid ligands in the input directory
",2026-09-05 10:07:48
CHEMBL1180636,TDP43_v2,,,,"error:returncode=1 king/masive_als_tdp43v4/ligandos/CHEMBL1180636_out.pdbqt
Reading input ... done.


Parse error on line 40 in file ""/kaggle/working/masive_als_tdp43v4/ligandos/CHEMBL1180636.pdbqt"": Unknown or inappropriate tag
No valid ligands in the input directory
 | returncode=1 king/masive_als_tdp43v4/ligandos/CHEMBL1180636_out.pdbqt
Reading input ... done.


Parse error on line 40 in file ""/kaggle/working/masive_als_tdp43v4/ligandos/CHEMBL1180636.pdbqt"": Unknown or inappropriate tag
No valid ligands in the input directory
 | returncode=1 king/masive_als_tdp43v4/ligandos/CHEMBL1180636_out.pdbqt
Reading input ... done.


Parse error on line 40 in file ""/kaggle/working/masive_als_tdp43v4/ligandos/CHEMBL1180636.pdbqt"": Unknown or inappropriate tag
No valid ligands in the input directory
",2026-09-05 10:07:48
CHEMBL1180675,TDP43_v2,,,,"error:returncode=1 king/masive_als_tdp43v4/ligandos/CHEMBL1180675_out.pdbqt
Reading input ... done.


Parse error on line 44 in file ""/kaggle/working/masive_als_tdp43v4/ligandos/CHEMBL1180675.pdbqt"": Unknown or inappropriate tag
No valid ligands in the input directory
 | returncode=1 king/masive_als_tdp43v4/ligandos/CHEMBL1180675_out.pdbqt
Reading input ... done.


Parse error on line 44 in file ""/kaggle/working/masive_als_tdp43v4/ligandos/CHEMBL1180675.pdbqt"": Unknown or inappropriate tag
No valid ligands in the input directory
 | returncode=1 king/masive_als_tdp43v4/ligandos/CHEMBL1180675_out.pdbqt
Reading input ... done.


Parse error on line 44 in file ""/kaggle/working/masive_als_tdp43v4/ligandos/CHEMBL1180675.pdbqt"": Unknown or inappropriate tag
No valid ligands in the input directory
",2026-09-05 10:07:49
CHEMBL118109,TDP43_v2,-7.1,2026,-6.8000;-7.1000;-6.7000,ok,2026-09-05 10:08:01
CHEMBL118111,TDP43_v2,-6.0,777,-5.8000;-5.5000;-6.0000,ok,2026-09-05 10:08:10
CHEMBL1181560,TDP43_v2,,,,"error:returncode=1 ing/masive_als_tdp43v4/ligandos/CHEMBL1181560_out.pdbqt
Reading input ... done.


Parse error on line 139 in file ""/kaggle/working/masive_als_tdp43v4/ligandos/CHEMBL1181560.pdbqt"": Unknown or inappropriate tag
No valid ligands in the input directory
 | returncode=1 ing/masive_als_tdp43v4/ligandos/CHEMBL1181560_out.pdbqt
Reading input ... done.


Parse error on line 139 in file ""/kaggle/working/masive_als_tdp43v4/ligandos/CHEMBL1181560.pdbqt"": Unknown or inappropriate tag
No valid ligands in the input directory
 | returncode=1 ing/masive_als_tdp43v4/ligandos/CHEMBL1181560_out.pdbqt
Reading input ... done.


Parse error on line 139 in file ""/kaggle/working/masive_als_tdp43v4/ligandos/CHEMBL1181560.pdbqt"": Unknown or inappropriate tag
No valid ligands in the input directory
",2026-09-05 10:08:10
CHEMBL118162,TDP43_v2,-5.8,42,-5.8000;-5.8000;-5.8000,ok,2026-09-05 10:08:17
CHEMBL1181675,TDP43_v2,,,,"error:returncode=1 king/masive_als_tdp43v4/ligandos/CHEMBL1181675_out.pdbqt
Reading input ... done.


Parse error on line 55 in file ""/kaggle/working/masive_als_tdp43v4/ligandos/CHEMBL1181675.pdbqt"": Unknown or inappropriate tag
No valid ligands in the input directory
 | returncode=1 king/masive_als_tdp43v4/ligandos/CHEMBL1181675_out.pdbqt
Reading input ... done.


Parse error on line 55 in file ""/kaggle/working/masive_als_tdp43v4/ligandos/CHEMBL1181675.pdbqt"": Unknown or inappropriate tag
No valid ligands in the input directory
 | returncode=1 king/masive_als_tdp43v4/ligandos/CHEMBL1181675_out.pdbqt
Reading input ... done.


Parse error on line 55 in file ""/kaggle/working/masive_als_tdp43v4/ligandos/CHEMBL1181675.pdbqt"": Unknown or inappropriate tag
No valid ligands in the input directory
",2026-09-05 10:08:17
CHEMBL1181680,TDP43_v2,,,,"error:returncode=1 ing/masive_als_tdp43v4/ligandos/CHEMBL1181680_out.pdbqt
Reading input ... done.


Parse error on line 114 in file ""/kaggle/working/masive_als_tdp43v4/ligandos/CHEMBL1181680.pdbqt"": Unknown or inappropriate tag
No valid ligands in the input directory
 | returncode=1 ing/masive_als_tdp43v4/ligandos/CHEMBL1181680_out.pdbqt
Reading input ... done.


Parse error on line 114 in file ""/kaggle/working/masive_als_tdp43v4/ligandos/CHEMBL1181680.pdbqt"": Unknown or inappropriate tag
No valid ligands in the input directory
 | returncode=1 ing/masive_als_tdp43v4/ligandos/CHEMBL1181680_out.pdbqt
Reading input ... done.


Parse error on line 114 in file ""/kaggle/working/masive_als_tdp43v4/ligandos/CHEMBL1181680.pdbqt"": Unknown or inappropriate tag
No valid ligands in the input directory
",2026-09-05 10:08:17
CHEMBL1181731,TDP43_v2,-4.8,42,-4.8000;-4.2000;-4.5000,ok,2026-09-05 10:09:15
CHEMBL1181770,TDP43_v2,,,,"error:returncode=1 ing/masive_als_tdp43v4/ligandos/CHEMBL1181770_out.pdbqt
Reading input ... done.


Parse error on line 113 in file ""/kaggle/working/masive_als_tdp43v4/ligandos/CHEMBL1181770.pdbqt"": Unknown or inappropriate tag
No valid ligands in the input directory
 | returncode=1 ing/masive_als_tdp43v4/ligandos/CHEMBL1181770_out.pdbqt
Reading input ... done.


Parse error on line 113 in file ""/kaggle/working/masive_als_tdp43v4/ligandos/CHEMBL1181770.pdbqt"": Unknown or inappropriate tag
No valid ligands in the input directory
 | returncode=1 ing/masive_als_tdp43v4/ligandos/CHEMBL1181770_out.pdbqt
Reading input ... done.


Parse error on line 113 in file ""/kaggle/working/masive_als_tdp43v4/ligandos/CHEMBL1181770.pdbqt"": Unknown or inappropriate tag
No valid ligands in the input directory
",2026-09-05 10:09:15
CHEMBL1181829,TDP43_v2,-6.9,777,-6.4000;-6.5000;-6.9000,ok,2026-09-05 10:09:58
CHEMBL1181939,TDP43_v2,,,,"error:returncode=1 ing/masive_als_tdp43v4/ligandos/CHEMBL1181939_out.pdbqt
Reading input ... done.


Parse error on line 116 in file ""/kaggle/working/masive_als_tdp43v4/ligandos/CHEMBL1181939.pdbqt"": Unknown or inappropriate tag
No valid ligands in the input directory
 | returncode=1 ing/masive_als_tdp43v4/ligandos/CHEMBL1181939_out.pdbqt
Reading input ... done.


Parse error on line 116 in file ""/kaggle/working/masive_als_tdp43v4/ligandos/CHEMBL1181939.pdbqt"": Unknown or inappropriate tag
No valid ligands in the input directory
 | returncode=1 ing/masive_als_tdp43v4/ligandos/CHEMBL1181939_out.pdbqt
Reading input ... done.


Parse error on line 116 in file ""/kaggle/working/masive_als_tdp43v4/ligandos/CHEMBL1181939.pdbqt"": Unknown or inappropriate tag
No valid ligands in the input directory
",2026-09-05 10:09:58
CHEMBL1181950,TDP43_v2,,,,"error:returncode=1 king/masive_als_tdp43v4/ligandos/CHEMBL1181950_out.pdbqt
Reading input ... done.


Parse error on line 49 in file ""/kaggle/working/masive_als_tdp43v4/ligandos/CHEMBL1181950.pdbqt"": Unknown or inappropriate tag
No valid ligands in the input directory
 | returncode=1 king/masive_als_tdp43v4/ligandos/CHEMBL1181950_out.pdbqt
Reading input ... done.


Parse error on line 49 in file ""/kaggle/working/masive_als_tdp43v4/ligandos/CHEMBL1181950.pdbqt"": Unknown or inappropriate tag
No valid ligands in the input directory
 | returncode=1 king/masive_als_tdp43v4/ligandos/CHEMBL1181950_out.pdbqt
Reading input ... done.


Parse error on line 49 in file ""/kaggle/working/masive_als_tdp43v4/ligandos/CHEMBL1181950.pdbqt"": Unknown or inappropriate tag
No valid ligands in the input directory
",2026-09-05 10:09:58
CHEMBL1181952,TDP43_v2,-6.0,777,-5.5000;-5.6000;-6.0000,ok,2026-09-05 10:10:04
CHEMBL1181965,TDP43_v2,,,,"error:returncode=1 king/masive_als_tdp43v4/ligandos/CHEMBL1181965_out.pdbqt
Reading input ... done.


Parse error on line 96 in file ""/kaggle/working/masive_als_tdp43v4/ligandos/CHEMBL1181965.pdbqt"": Unknown or inappropriate tag
No valid ligands in the input directory
 | returncode=1 king/masive_als_tdp43v4/ligandos/CHEMBL1181965_out.pdbqt
Reading input ... done.


Parse error on line 96 in file ""/kaggle/working/masive_als_tdp43v4/ligandos/CHEMBL1181965.pdbqt"": Unknown or inappropriate tag
No valid ligands in the input directory
 | returncode=1 king/masive_als_tdp43v4/ligandos/CHEMBL1181965_out.pdbqt
Reading input ... done.


Parse error on line 96 in file ""/kaggle/working/masive_als_tdp43v4/ligandos/CHEMBL1181965.pdbqt"": Unknown or inappropriate tag
No valid ligands in the input directory
",2026-09-05 10:10:04
CHEMBL1181967,TDP43_v2,,,,"error:returncode=1 king/masive_als_tdp43v4/ligandos/CHEMBL1181967_out.pdbqt
Reading input ... done.


Parse error on line 58 in file ""/kaggle/working/masive_als_tdp43v4/ligandos/CHEMBL1181967.pdbqt"": Unknown or inappropriate tag
No valid ligands in the input directory
 | returncode=1 king/masive_als_tdp43v4/ligandos/CHEMBL1181967_out.pdbqt
Reading input ... done.


Parse error on line 58 in file ""/kaggle/working/masive_als_tdp43v4/ligandos/CHEMBL1181967.pdbqt"": Unknown or inappropriate tag
No valid ligands in the input directory
 | returncode=1 king/masive_als_tdp43v4/ligandos/CHEMBL1181967_out.pdbqt
Reading input ... done.


Parse error on line 58 in file ""/kaggle/working/masive_als_tdp43v4/ligandos/CHEMBL1181967.pdbqt"": Unknown or inappropriate tag
No valid ligands in the input directory
",2026-09-05 10:10:04
CHEMBL1181986,TDP43_v2,,,,"error:returncode=1 king/masive_als_tdp43v4/ligandos/CHEMBL1181986_out.pdbqt
Reading input ... done.


Parse error on line 56 in file ""/kaggle/working/masive_als_tdp43v4/ligandos/CHEMBL1181986.pdbqt"": Unknown or inappropriate tag
No valid ligands in the input directory
 | returncode=1 king/masive_als_tdp43v4/ligandos/CHEMBL1181986_out.pdbqt
Reading input ... done.


Parse error on line 56 in file ""/kaggle/working/masive_als_tdp43v4/ligandos/CHEMBL1181986.pdbqt"": Unknown or inappropriate tag
No valid ligands in the input directory
 | returncode=1 king/masive_als_tdp43v4/ligandos/CHEMBL1181986_out.pdbqt
Reading input ... done.


Parse error on line 56 in file ""/kaggle/working/masive_als_tdp43v4/ligandos/CHEMBL1181986.pdbqt"": Unknown or inappropriate tag
No valid ligands in the input directory
",2026-09-05 10:10:04
CHEMBL1181990,TDP43_v2,,,,"error:returncode=1 king/masive_als_tdp43v4/ligandos/CHEMBL1181990_out.pdbqt
Reading input ... done.


Parse error on line 56 in file ""/kaggle/working/masive_als_tdp43v4/ligandos/CHEMBL1181990.pdbqt"": Unknown or inappropriate tag
No valid ligands in the input directory
 | returncode=1 king/masive_als_tdp43v4/ligandos/CHEMBL1181990_out.pdbqt
Reading input ... done.


Parse error on line 56 in file ""/kaggle/working/masive_als_tdp43v4/ligandos/CHEMBL1181990.pdbqt"": Unknown or inappropriate tag
No valid ligands in the input directory
 | returncode=1 king/masive_als_tdp43v4/ligandos/CHEMBL1181990_out.pdbqt
Reading input ... done.


Parse error on line 56 in file ""/kaggle/working/masive_als_tdp43v4/ligandos/CHEMBL1181990.pdbqt"": Unknown or inappropriate tag
No valid ligands in the input directory
",2026-09-05 10:10:04
CHEMBL1181991,TDP43_v2,,,,"error:returncode=1 king/masive_als_tdp43v4/ligandos/CHEMBL1181991_out.pdbqt
Reading input ... done.


Parse error on line 56 in file ""/kaggle/working/masive_als_tdp43v4/ligandos/CHEMBL1181991.pdbqt"": Unknown or inappropriate tag
No valid ligands in the input directory
 | returncode=1 king/masive_als_tdp43v4/ligandos/CHEMBL1181991_out.pdbqt
Reading input ... done.


Parse error on line 56 in file ""/kaggle/working/masive_als_tdp43v4/ligandos/CHEMBL1181991.pdbqt"": Unknown or inappropriate tag
No valid ligands in the input directory
 | returncode=1 king/masive_als_tdp43v4/ligandos/CHEMBL1181991_out.pdbqt
Reading input ... done.


Parse error on line 56 in file ""/kaggle/working/masive_als_tdp43v4/ligandos/CHEMBL1181991.pdbqt"": Unknown or inappropriate tag
No valid ligands in the input directory
",2026-09-05 10:10:04
CHEMBL1181996,TDP43_v2,,,,"error:returncode=1 ing/masive_als_tdp43v4/ligandos/CHEMBL1181996_out.pdbqt
Reading input ... done.


Parse error on line 106 in file ""/kaggle/working/masive_als_tdp43v4/ligandos/CHEMBL1181996.pdbqt"": Unknown or inappropriate tag
No valid ligands in the input directory
 | returncode=1 ing/masive_als_tdp43v4/ligandos/CHEMBL1181996_out.pdbqt
Reading input ... done.


Parse error on line 106 in file ""/kaggle/working/masive_als_tdp43v4/ligandos/CHEMBL1181996.pdbqt"": Unknown or inappropriate tag
No valid ligands in the input directory
 | returncode=1 ing/masive_als_tdp43v4/ligandos/CHEMBL1181996_out.pdbqt
Reading input ... done.


Parse error on line 106 in file ""/kaggle/working/masive_als_tdp43v4/ligandos/CHEMBL1181996.pdbqt"": Unknown or inappropriate tag
No valid ligands in the input directory
",2026-09-05 10:10:04
CHEMBL1181999,TDP43_v2,,,,"error:returncode=1 king/masive_als_tdp43v4/ligandos/CHEMBL1181999_out.pdbqt
Reading input ... done.


Parse error on line 87 in file ""/kaggle/working/masive_als_tdp43v4/ligandos/CHEMBL1181999.pdbqt"": Unknown or inappropriate tag
No valid ligands in the input directory
 | returncode=1 king/masive_als_tdp43v4/ligandos/CHEMBL1181999_out.pdbqt
Reading input ... done.


Parse error on line 87 in file ""/kaggle/working/masive_als_tdp43v4/ligandos/CHEMBL1181999.pdbqt"": Unknown or inappropriate tag
No valid ligands in the input directory
 | returncode=1 king/masive_als_tdp43v4/ligandos/CHEMBL1181999_out.pdbqt
Reading input ... done.


Parse error on line 87 in file ""/kaggle/working/masive_als_tdp43v4/ligandos/CHEMBL1181999.pdbqt"": Unknown or inappropriate tag
No valid ligands in the input directory
",2026-09-05 10:10:04
CHEMBL1182000,TDP43_v2,,,,"error:returncode=1 king/masive_als_tdp43v4/ligandos/CHEMBL1182000_out.pdbqt
Reading input ... done.


Parse error on line 56 in file ""/kaggle/working/masive_als_tdp43v4/ligandos/CHEMBL1182000.pdbqt"": Unknown or inappropriate tag
No valid ligands in the input directory
 | returncode=1 king/masive_als_tdp43v4/ligandos/CHEMBL1182000_out.pdbqt
Reading input ... done.


Parse error on line 56 in file ""/kaggle/working/masive_als_tdp43v4/ligandos/CHEMBL1182000.pdbqt"": Unknown or inappropriate tag
No valid ligands in the input directory
 | returncode=1 king/masive_als_tdp43v4/ligandos/CHEMBL1182000_out.pdbqt
Reading input ... done.


Parse error on line 56 in file ""/kaggle/working/masive_als_tdp43v4/ligandos/CHEMBL1182000.pdbqt"": Unknown or inappropriate tag
No valid ligands in the input directory
",2026-09-05 10:10:04
CHEMBL1182011,TDP43_v2,,,,"error:returncode=1 king/masive_als_tdp43v4/ligandos/CHEMBL1182011_out.pdbqt
Reading input ... done.


Parse error on line 80 in file ""/kaggle/working/masive_als_tdp43v4/ligandos/CHEMBL1182011.pdbqt"": Unknown or inappropriate tag
No valid ligands in the input directory
 | returncode=1 king/masive_als_tdp43v4/ligandos/CHEMBL1182011_out.pdbqt
Reading input ... done.


Parse error on line 80 in file ""/kaggle/working/masive_als_tdp43v4/ligandos/CHEMBL1182011.pdbqt"": Unknown or inappropriate tag
No valid ligands in the input directory
 | returncode=1 king/masive_als_tdp43v4/ligandos/CHEMBL1182011_out.pdbqt
Reading input ... done.


Parse error on line 80 in file ""/kaggle/working/masive_als_tdp43v4/ligandos/CHEMBL1182011.pdbqt"": Unknown or inappropriate tag
No valid ligands in the input directory
",2026-09-05 10:10:04
CHEMBL1182019,TDP43_v2,,,,"error:returncode=1 king/masive_als_tdp43v4/ligandos/CHEMBL1182019_out.pdbqt
Reading input ... done.


Parse error on line 73 in file ""/kaggle/working/masive_als_tdp43v4/ligandos/CHEMBL1182019.pdbqt"": Unknown or inappropriate tag
No valid ligands in the input directory
 | returncode=1 king/masive_als_tdp43v4/ligandos/CHEMBL1182019_out.pdbqt
Reading input ... done.


Parse error on line 73 in file ""/kaggle/working/masive_als_tdp43v4/ligandos/CHEMBL1182019.pdbqt"": Unknown or inappropriate tag
No valid ligands in the input directory
 | returncode=1 king/masive_als_tdp43v4/ligandos/CHEMBL1182019_out.pdbqt
Reading input ... done.


Parse error on line 73 in file ""/kaggle/working/masive_als_tdp43v4/ligandos/CHEMBL1182019.pdbqt"": Unknown or inappropriate tag
No valid ligands in the input directory
",2026-09-05 10:10:04
CHEMBL1182024,TDP43_v2,,,,"error:returncode=1 king/masive_als_tdp43v4/ligandos/CHEMBL1182024_out.pdbqt
Reading input ... done.


Parse error on line 75 in file ""/kaggle/working/masive_als_tdp43v4/ligandos/CHEMBL1182024.pdbqt"": Unknown or inappropriate tag
No valid ligands in the input directory
 | returncode=1 king/masive_als_tdp43v4/ligandos/CHEMBL1182024_out.pdbqt
Reading input ... done.


Parse error on line 75 in file ""/kaggle/working/masive_als_tdp43v4/ligandos/CHEMBL1182024.pdbqt"": Unknown or inappropriate tag
No valid ligands in the input directory
 | returncode=1 king/masive_als_tdp43v4/ligandos/CHEMBL1182024_out.pdbqt
Reading input ... done.


Parse error on line 75 in file ""/kaggle/working/masive_als_tdp43v4/ligandos/CHEMBL1182024.pdbqt"": Unknown or inappropriate tag
No valid ligands in the input directory
",2026-09-05 10:10:04
CHEMBL1182025,TDP43_v2,,,,"error:returncode=1 king/masive_als_tdp43v4/ligandos/CHEMBL1182025_out.pdbqt
Reading input ... done.


Parse error on line 70 in file ""/kaggle/working/masive_als_tdp43v4/ligandos/CHEMBL1182025.pdbqt"": Unknown or inappropriate tag
No valid ligands in the input directory
 | returncode=1 king/masive_als_tdp43v4/ligandos/CHEMBL1182025_out.pdbqt
Reading input ... done.


Parse error on line 70 in file ""/kaggle/working/masive_als_tdp43v4/ligandos/CHEMBL1182025.pdbqt"": Unknown or inappropriate tag
No valid ligands in the input directory
 | returncode=1 king/masive_als_tdp43v4/ligandos/CHEMBL1182025_out.pdbqt
Reading input ... done.


Parse error on line 70 in file ""/kaggle/working/masive_als_tdp43v4/ligandos/CHEMBL1182025.pdbqt"": Unknown or inappropriate tag
No valid ligands in the input directory
",2026-09-05 10:10:04
CHEMBL1182028,TDP43_v2,,,,"error:returncode=1 king/masive_als_tdp43v4/ligandos/CHEMBL1182028_out.pdbqt
Reading input ... done.


Parse error on line 71 in file ""/kaggle/working/masive_als_tdp43v4/ligandos/CHEMBL1182028.pdbqt"": Unknown or inappropriate tag
No valid ligands in the input directory
 | returncode=1 king/masive_als_tdp43v4/ligandos/CHEMBL1182028_out.pdbqt
Reading input ... done.


Parse error on line 71 in file ""/kaggle/working/masive_als_tdp43v4/ligandos/CHEMBL1182028.pdbqt"": Unknown or inappropriate tag
No valid ligands in the input directory
 | returncode=1 king/masive_als_tdp43v4/ligandos/CHEMBL1182028_out.pdbqt
Reading input ... done.


Parse error on line 71 in file ""/kaggle/working/masive_als_tdp43v4/ligandos/CHEMBL1182028.pdbqt"": Unknown or inappropriate tag
No valid ligands in the input directory
",2026-09-05 10:10:04
CHEMBL1182029,TDP43_v2,,,,"error:returncode=1 king/masive_als_tdp43v4/ligandos/CHEMBL1182029_out.pdbqt
Reading input ... done.


Parse error on line 71 in file ""/kaggle/working/masive_als_tdp43v4/ligandos/CHEMBL1182029.pdbqt"": Unknown or inappropriate tag
No valid ligands in the input directory
 | returncode=1 king/masive_als_tdp43v4/ligandos/CHEMBL1182029_out.pdbqt
Reading input ... done.


Parse error on line 71 in file ""/kaggle/working/masive_als_tdp43v4/ligandos/CHEMBL1182029.pdbqt"": Unknown or inappropriate tag
No valid ligands in the input directory
 | returncode=1 king/masive_als_tdp43v4/ligandos/CHEMBL1182029_out.pdbqt
Reading input ... done.


Parse error on line 71 in file ""/kaggle/working/masive_als_tdp43v4/ligandos/CHEMBL1182029.pdbqt"": Unknown or inappropriate tag
No valid ligands in the input directory
",2026-09-05 10:10:04
CHEMBL1182030,TDP43_v2,,,,"error:returncode=1 king/masive_als_tdp43v4/ligandos/CHEMBL1182030_out.pdbqt
Reading input ... done.


Parse error on line 77 in file ""/kaggle/working/masive_als_tdp43v4/ligandos/CHEMBL1182030.pdbqt"": Unknown or inappropriate tag
No valid ligands in the input directory
 | returncode=1 king/masive_als_tdp43v4/ligandos/CHEMBL1182030_out.pdbqt
Reading input ... done.


Parse error on line 77 in file ""/kaggle/working/masive_als_tdp43v4/ligandos/CHEMBL1182030.pdbqt"": Unknown or inappropriate tag
No valid ligands in the input directory
 | returncode=1 king/masive_als_tdp43v4/ligandos/CHEMBL1182030_out.pdbqt
Reading input ... done.


Parse error on line 77 in file ""/kaggle/working/masive_als_tdp43v4/ligandos/CHEMBL1182030.pdbqt"": Unknown or inappropriate tag
No valid ligands in the input directory
",2026-09-05 10:10:05
CHEMBL1182031,TDP43_v2,,,,"error:returncode=1 king/masive_als_tdp43v4/ligandos/CHEMBL1182031_out.pdbqt
Reading input ... done.


Parse error on line 91 in file ""/kaggle/working/masive_als_tdp43v4/ligandos/CHEMBL1182031.pdbqt"": Unknown or inappropriate tag
No valid ligands in the input directory
 | returncode=1 king/masive_als_tdp43v4/ligandos/CHEMBL1182031_out.pdbqt
Reading input ... done.


Parse error on line 91 in file ""/kaggle/working/masive_als_tdp43v4/ligandos/CHEMBL1182031.pdbqt"": Unknown or inappropriate tag
No valid ligands in the input directory
 | returncode=1 king/masive_als_tdp43v4/ligandos/CHEMBL1182031_out.pdbqt
Reading input ... done.


Parse error on line 91 in file ""/kaggle/working/masive_als_tdp43v4/ligandos/CHEMBL1182031.pdbqt"": Unknown or inappropriate tag
No valid ligands in the input directory
",2026-09-05 10:10:05
CHEMBL1182032,TDP43_v2,,,,"error:returncode=1 king/masive_als_tdp43v4/ligandos/CHEMBL1182032_out.pdbqt
Reading input ... done.


Parse error on line 54 in file ""/kaggle/working/masive_als_tdp43v4/ligandos/CHEMBL1182032.pdbqt"": Unknown or inappropriate tag
No valid ligands in the input directory
 | returncode=1 king/masive_als_tdp43v4/ligandos/CHEMBL1182032_out.pdbqt
Reading input ... done.


Parse error on line 54 in file ""/kaggle/working/masive_als_tdp43v4/ligandos/CHEMBL1182032.pdbqt"": Unknown or inappropriate tag
No valid ligands in the input directory
 | returncode=1 king/masive_als_tdp43v4/ligandos/CHEMBL1182032_out.pdbqt
Reading input ... done.


Parse error on line 54 in file ""/kaggle/working/masive_als_tdp43v4/ligandos/CHEMBL1182032.pdbqt"": Unknown or inappropriate tag
No valid ligands in the input directory
",2026-09-05 10:10:05
CHEMBL1182033,TDP43_v2,,,,"error:returncode=1 king/masive_als_tdp43v4/ligandos/CHEMBL1182033_out.pdbqt
Reading input ... done.


Parse error on line 66 in file ""/kaggle/working/masive_als_tdp43v4/ligandos/CHEMBL1182033.pdbqt"": Unknown or inappropriate tag
No valid ligands in the input directory
 | returncode=1 king/masive_als_tdp43v4/ligandos/CHEMBL1182033_out.pdbqt
Reading input ... done.


Parse error on line 66 in file ""/kaggle/working/masive_als_tdp43v4/ligandos/CHEMBL1182033.pdbqt"": Unknown or inappropriate tag
No valid ligands in the input directory
 | returncode=1 king/masive_als_tdp43v4/ligandos/CHEMBL1182033_out.pdbqt
Reading input ... done.


Parse error on line 66 in file ""/kaggle/working/masive_als_tdp43v4/ligandos/CHEMBL1182033.pdbqt"": Unknown or inappropriate tag
No valid ligands in the input directory
",2026-09-05 10:10:05
CHEMBL1182034,TDP43_v2,,,,"error:returncode=1 king/masive_als_tdp43v4/ligandos/CHEMBL1182034_out.pdbqt
Reading input ... done.


Parse error on line 87 in file ""/kaggle/working/masive_als_tdp43v4/ligandos/CHEMBL1182034.pdbqt"": Unknown or inappropriate tag
No valid ligands in the input directory
 | returncode=1 king/masive_als_tdp43v4/ligandos/CHEMBL1182034_out.pdbqt
Reading input ... done.


Parse error on line 87 in file ""/kaggle/working/masive_als_tdp43v4/ligandos/CHEMBL1182034.pdbqt"": Unknown or inappropriate tag
No valid ligands in the input directory
 | returncode=1 king/masive_als_tdp43v4/ligandos/CHEMBL1182034_out.pdbqt
Reading input ... done.


Parse error on line 87 in file ""/kaggle/working/masive_als_tdp43v4/ligandos/CHEMBL1182034.pdbqt"": Unknown or inappropriate tag
No valid ligands in the input directory
",2026-09-05 10:10:05
CHEMBL1182036,TDP43_v2,,,,"error:returncode=1 king/masive_als_tdp43v4/ligandos/CHEMBL1182036_out.pdbqt
Reading input ... done.


Parse error on line 67 in file ""/kaggle/working/masive_als_tdp43v4/ligandos/CHEMBL1182036.pdbqt"": Unknown or inappropriate tag
No valid ligands in the input directory
 | returncode=1 king/masive_als_tdp43v4/ligandos/CHEMBL1182036_out.pdbqt
Reading input ... done.


Parse error on line 67 in file ""/kaggle/working/masive_als_tdp43v4/ligandos/CHEMBL1182036.pdbqt"": Unknown or inappropriate tag
No valid ligands in the input directory
 | returncode=1 king/masive_als_tdp43v4/ligandos/CHEMBL1182036_out.pdbqt
Reading input ... done.


Parse error on line 67 in file ""/kaggle/working/masive_als_tdp43v4/ligandos/CHEMBL1182036.pdbqt"": Unknown or inappropriate tag
No valid ligands in the input directory
",2026-09-05 10:10:05
CHEMBL1182037,TDP43_v2,,,,"error:returncode=1 king/masive_als_tdp43v4/ligandos/CHEMBL1182037_out.pdbqt
Reading input ... done.


Parse error on line 74 in file ""/kaggle/working/masive_als_tdp43v4/ligandos/CHEMBL1182037.pdbqt"": Unknown or inappropriate tag
No valid ligands in the input directory
 | returncode=1 king/masive_als_tdp43v4/ligandos/CHEMBL1182037_out.pdbqt
Reading input ... done.


Parse error on line 74 in file ""/kaggle/working/masive_als_tdp43v4/ligandos/CHEMBL1182037.pdbqt"": Unknown or inappropriate tag
No valid ligands in the input directory
 | returncode=1 king/masive_als_tdp43v4/ligandos/CHEMBL1182037_out.pdbqt
Reading input ... done.


Parse error on line 74 in file ""/kaggle/working/masive_als_tdp43v4/ligandos/CHEMBL1182037.pdbqt"": Unknown or inappropriate tag
No valid ligands in the input directory
",2026-09-05 10:10:05
CHEMBL1182038,TDP43_v2,,,,"error:returncode=1 king/masive_als_tdp43v4/ligandos/CHEMBL1182038_out.pdbqt
Reading input ... done.


Parse error on line 71 in file ""/kaggle/working/masive_als_tdp43v4/ligandos/CHEMBL1182038.pdbqt"": Unknown or inappropriate tag
No valid ligands in the input directory
 | returncode=1 king/masive_als_tdp43v4/ligandos/CHEMBL1182038_out.pdbqt
Reading input ... done.


Parse error on line 71 in file ""/kaggle/working/masive_als_tdp43v4/ligandos/CHEMBL1182038.pdbqt"": Unknown or inappropriate tag
No valid ligands in the input directory
 | returncode=1 king/masive_als_tdp43v4/ligandos/CHEMBL1182038_out.pdbqt
Reading input ... done.


Parse error on line 71 in file ""/kaggle/working/masive_als_tdp43v4/ligandos/CHEMBL1182038.pdbqt"": Unknown or inappropriate tag
No valid ligands in the input directory
",2026-09-05 10:10:05
CHEMBL1182039,TDP43_v2,,,,"error:returncode=1 king/masive_als_tdp43v4/ligandos/CHEMBL1182039_out.pdbqt
Reading input ... done.


Parse error on line 67 in file ""/kaggle/working/masive_als_tdp43v4/ligandos/CHEMBL1182039.pdbqt"": Unknown or inappropriate tag
No valid ligands in the input directory
 | returncode=1 king/masive_als_tdp43v4/ligandos/CHEMBL1182039_out.pdbqt
Reading input ... done.


Parse error on line 67 in file ""/kaggle/working/masive_als_tdp43v4/ligandos/CHEMBL1182039.pdbqt"": Unknown or inappropriate tag
No valid ligands in the input directory
 | returncode=1 king/masive_als_tdp43v4/ligandos/CHEMBL1182039_out.pdbqt
Reading input ... done.


Parse error on line 67 in file ""/kaggle/working/masive_als_tdp43v4/ligandos/CHEMBL1182039.pdbqt"": Unknown or inappropriate tag
No valid ligands in the input directory
",2026-09-05 10:10:05
CHEMBL1182040,TDP43_v2,,,,"error:returncode=1 king/masive_als_tdp43v4/ligandos/CHEMBL1182040_out.pdbqt
Reading input ... done.


Parse error on line 66 in file ""/kaggle/working/masive_als_tdp43v4/ligandos/CHEMBL1182040.pdbqt"": Unknown or inappropriate tag
No valid ligands in the input directory
 | returncode=1 king/masive_als_tdp43v4/ligandos/CHEMBL1182040_out.pdbqt
Reading input ... done.


Parse error on line 66 in file ""/kaggle/working/masive_als_tdp43v4/ligandos/CHEMBL1182040.pdbqt"": Unknown or inappropriate tag
No valid ligands in the input directory
 | returncode=1 king/masive_als_tdp43v4/ligandos/CHEMBL1182040_out.pdbqt
Reading input ... done.


Parse error on line 66 in file ""/kaggle/working/masive_als_tdp43v4/ligandos/CHEMBL1182040.pdbqt"": Unknown or inappropriate tag
No valid ligands in the input directory
",2026-09-05 10:10:05
CHEMBL1182041,TDP43_v2,,,,"error:returncode=1 king/masive_als_tdp43v4/ligandos/CHEMBL1182041_out.pdbqt
Reading input ... done.


Parse error on line 86 in file ""/kaggle/working/masive_als_tdp43v4/ligandos/CHEMBL1182041.pdbqt"": Unknown or inappropriate tag
No valid ligands in the input directory
 | returncode=1 king/masive_als_tdp43v4/ligandos/CHEMBL1182041_out.pdbqt
Reading input ... done.


Parse error on line 86 in file ""/kaggle/working/masive_als_tdp43v4/ligandos/CHEMBL1182041.pdbqt"": Unknown or inappropriate tag
No valid ligands in the input directory
 | returncode=1 king/masive_als_tdp43v4/ligandos/CHEMBL1182041_out.pdbqt
Reading input ... done.


Parse error on line 86 in file ""/kaggle/working/masive_als_tdp43v4/ligandos/CHEMBL1182041.pdbqt"": Unknown or inappropriate tag
No valid ligands in the input directory
",2026-09-05 10:10:05
CHEMBL1182042,TDP43_v2,,,,"error:returncode=1 king/masive_als_tdp43v4/ligandos/CHEMBL1182042_out.pdbqt
Reading input ... done.


Parse error on line 78 in file ""/kaggle/working/masive_als_tdp43v4/ligandos/CHEMBL1182042.pdbqt"": Unknown or inappropriate tag
No valid ligands in the input directory
 | returncode=1 king/masive_als_tdp43v4/ligandos/CHEMBL1182042_out.pdbqt
Reading input ... done.


Parse error on line 78 in file ""/kaggle/working/masive_als_tdp43v4/ligandos/CHEMBL1182042.pdbqt"": Unknown or inappropriate tag
No valid ligands in the input directory
 | returncode=1 king/masive_als_tdp43v4/ligandos/CHEMBL1182042_out.pdbqt
Reading input ... done.


Parse error on line 78 in file ""/kaggle/working/masive_als_tdp43v4/ligandos/CHEMBL1182042.pdbqt"": Unknown or inappropriate tag
No valid ligands in the input directory
",2026-09-05 10:10:05
CHEMBL1182043,TDP43_v2,,,,"error:returncode=1 king/masive_als_tdp43v4/ligandos/CHEMBL1182043_out.pdbqt
Reading input ... done.


Parse error on line 73 in file ""/kaggle/working/masive_als_tdp43v4/ligandos/CHEMBL1182043.pdbqt"": Unknown or inappropriate tag
No valid ligands in the input directory
 | returncode=1 king/masive_als_tdp43v4/ligandos/CHEMBL1182043_out.pdbqt
Reading input ... done.


Parse error on line 73 in file ""/kaggle/working/masive_als_tdp43v4/ligandos/CHEMBL1182043.pdbqt"": Unknown or inappropriate tag
No valid ligands in the input directory
 | returncode=1 king/masive_als_tdp43v4/ligandos/CHEMBL1182043_out.pdbqt
Reading input ... done.


Parse error on line 73 in file ""/kaggle/working/masive_als_tdp43v4/ligandos/CHEMBL1182043.pdbqt"": Unknown or inappropriate tag
No valid ligands in the input directory
",2026-09-05 10:10:05
CHEMBL1182044,TDP43_v2,,,,"error:returncode=1 king/masive_als_tdp43v4/ligandos/CHEMBL1182044_out.pdbqt
Reading input ... done.


Parse error on line 68 in file ""/kaggle/working/masive_als_tdp43v4/ligandos/CHEMBL1182044.pdbqt"": Unknown or inappropriate tag
No valid ligands in the input directory
 | returncode=1 king/masive_als_tdp43v4/ligandos/CHEMBL1182044_out.pdbqt
Reading input ... done.


Parse error on line 68 in file ""/kaggle/working/masive_als_tdp43v4/ligandos/CHEMBL1182044.pdbqt"": Unknown or inappropriate tag
No valid ligands in the input directory
 | returncode=1 king/masive_als_tdp43v4/ligandos/CHEMBL1182044_out.pdbqt
Reading input ... done.


Parse error on line 68 in file ""/kaggle/working/masive_als_tdp43v4/ligandos/CHEMBL1182044.pdbqt"": Unknown or inappropriate tag
No valid ligands in the input directory
",2026-09-05 10:10:05
CHEMBL1182045,TDP43_v2,,,,"error:returncode=1 king/masive_als_tdp43v4/ligandos/CHEMBL1182045_out.pdbqt
Reading input ... done.


Parse error on line 65 in file ""/kaggle/working/masive_als_tdp43v4/ligandos/CHEMBL1182045.pdbqt"": Unknown or inappropriate tag
No valid ligands in the input directory
 | returncode=1 king/masive_als_tdp43v4/ligandos/CHEMBL1182045_out.pdbqt
Reading input ... done.


Parse error on line 65 in file ""/kaggle/working/masive_als_tdp43v4/ligandos/CHEMBL1182045.pdbqt"": Unknown or inappropriate tag
No valid ligands in the input directory
 | returncode=1 king/masive_als_tdp43v4/ligandos/CHEMBL1182045_out.pdbqt
Reading input ... done.


Parse error on line 65 in file ""/kaggle/working/masive_als_tdp43v4/ligandos/CHEMBL1182045.pdbqt"": Unknown or inappropriate tag
No valid ligands in the input directory
",2026-09-05 10:10:05
CHEMBL1182046,TDP43_v2,,,,"error:returncode=1 king/masive_als_tdp43v4/ligandos/CHEMBL1182046_out.pdbqt
Reading input ... done.


Parse error on line 90 in file ""/kaggle/working/masive_als_tdp43v4/ligandos/CHEMBL1182046.pdbqt"": Unknown or inappropriate tag
No valid ligands in the input directory
 | returncode=1 king/masive_als_tdp43v4/ligandos/CHEMBL1182046_out.pdbqt
Reading input ... done.


Parse error on line 90 in file ""/kaggle/working/masive_als_tdp43v4/ligandos/CHEMBL1182046.pdbqt"": Unknown or inappropriate tag
No valid ligands in the input directory
 | returncode=1 king/masive_als_tdp43v4/ligandos/CHEMBL1182046_out.pdbqt
Reading input ... done.


Parse error on line 90 in file ""/kaggle/working/masive_als_tdp43v4/ligandos/CHEMBL1182046.pdbqt"": Unknown or inappropriate tag
No valid ligands in the input directory
",2026-09-05 10:10:05
CHEMBL1182048,TDP43_v2,,,,"error:returncode=1 king/masive_als_tdp43v4/ligandos/CHEMBL1182048_out.pdbqt
Reading input ... done.


Parse error on line 70 in file ""/kaggle/working/masive_als_tdp43v4/ligandos/CHEMBL1182048.pdbqt"": Unknown or inappropriate tag
No valid ligands in the input directory
 | returncode=1 king/masive_als_tdp43v4/ligandos/CHEMBL1182048_out.pdbqt
Reading input ... done.


Parse error on line 70 in file ""/kaggle/working/masive_als_tdp43v4/ligandos/CHEMBL1182048.pdbqt"": Unknown or inappropriate tag
No valid ligands in the input directory
 | returncode=1 king/masive_als_tdp43v4/ligandos/CHEMBL1182048_out.pdbqt
Reading input ... done.


Parse error on line 70 in file ""/kaggle/working/masive_als_tdp43v4/ligandos/CHEMBL1182048.pdbqt"": Unknown or inappropriate tag
No valid ligands in the input directory
",2026-09-05 10:10:05
CHEMBL1182049,TDP43_v2,,,,"error:returncode=1 king/masive_als_tdp43v4/ligandos/CHEMBL1182049_out.pdbqt
Reading input ... done.


Parse error on line 86 in file ""/kaggle/working/masive_als_tdp43v4/ligandos/CHEMBL1182049.pdbqt"": Unknown or inappropriate tag
No valid ligands in the input directory
 | returncode=1 king/masive_als_tdp43v4/ligandos/CHEMBL1182049_out.pdbqt
Reading input ... done.


Parse error on line 86 in file ""/kaggle/working/masive_als_tdp43v4/ligandos/CHEMBL1182049.pdbqt"": Unknown or inappropriate tag
No valid ligands in the input directory
 | returncode=1 king/masive_als_tdp43v4/ligandos/CHEMBL1182049_out.pdbqt
Reading input ... done.


Parse error on line 86 in file ""/kaggle/working/masive_als_tdp43v4/ligandos/CHEMBL1182049.pdbqt"": Unknown or inappropriate tag
No valid ligands in the input directory
",2026-09-05 10:10:05
CHEMBL1182050,TDP43_v2,,,,"error:returncode=1 king/masive_als_tdp43v4/ligandos/CHEMBL1182050_out.pdbqt
Reading input ... done.


Parse error on line 66 in file ""/kaggle/working/masive_als_tdp43v4/ligandos/CHEMBL1182050.pdbqt"": Unknown or inappropriate tag
No valid ligands in the input directory
 | returncode=1 king/masive_als_tdp43v4/ligandos/CHEMBL1182050_out.pdbqt
Reading input ... done.


Parse error on line 66 in file ""/kaggle/working/masive_als_tdp43v4/ligandos/CHEMBL1182050.pdbqt"": Unknown or inappropriate tag
No valid ligands in the input directory
 | returncode=1 king/masive_als_tdp43v4/ligandos/CHEMBL1182050_out.pdbqt
Reading input ... done.


Parse error on line 66 in file ""/kaggle/working/masive_als_tdp43v4/ligandos/CHEMBL1182050.pdbqt"": Unknown or inappropriate tag
No valid ligands in the input directory
",2026-09-05 10:10:05
CHEMBL1182051,TDP43_v2,,,,"error:returncode=1 king/masive_als_tdp43v4/ligandos/CHEMBL1182051_out.pdbqt
Reading input ... done.


Parse error on line 74 in file ""/kaggle/working/masive_als_tdp43v4/ligandos/CHEMBL1182051.pdbqt"": Unknown or inappropriate tag
No valid ligands in the input directory
 | returncode=1 king/masive_als_tdp43v4/ligandos/CHEMBL1182051_out.pdbqt
Reading input ... done.


Parse error on line 74 in file ""/kaggle/working/masive_als_tdp43v4/ligandos/CHEMBL1182051.pdbqt"": Unknown or inappropriate tag
No valid ligands in the input directory
 | returncode=1 king/masive_als_tdp43v4/ligandos/CHEMBL1182051_out.pdbqt
Reading input ... done.


Parse error on line 74 in file ""/kaggle/working/masive_als_tdp43v4/ligandos/CHEMBL1182051.pdbqt"": Unknown or inappropriate tag
No valid ligands in the input directory
",2026-09-05 10:10:05
CHEMBL1182052,TDP43_v2,,,,"error:returncode=1 king/masive_als_tdp43v4/ligandos/CHEMBL1182052_out.pdbqt
Reading input ... done.


Parse error on line 66 in file ""/kaggle/working/masive_als_tdp43v4/ligandos/CHEMBL1182052.pdbqt"": Unknown or inappropriate tag
No valid ligands in the input directory
 | returncode=1 king/masive_als_tdp43v4/ligandos/CHEMBL1182052_out.pdbqt
Reading input ... done.


Parse error on line 66 in file ""/kaggle/working/masive_als_tdp43v4/ligandos/CHEMBL1182052.pdbqt"": Unknown or inappropriate tag
No valid ligands in the input directory
 | returncode=1 king/masive_als_tdp43v4/ligandos/CHEMBL1182052_out.pdbqt
Reading input ... done.


Parse error on line 66 in file ""/kaggle/working/masive_als_tdp43v4/ligandos/CHEMBL1182052.pdbqt"": Unknown or inappropriate tag
No valid ligands in the input directory
",2026-09-05 10:10:05
CHEMBL1182053,TDP43_v2,,,,"error:returncode=1 king/masive_als_tdp43v4/ligandos/CHEMBL1182053_out.pdbqt
Reading input ... done.


Parse error on line 74 in file ""/kaggle/working/masive_als_tdp43v4/ligandos/CHEMBL1182053.pdbqt"": Unknown or inappropriate tag
No valid ligands in the input directory
 | returncode=1 king/masive_als_tdp43v4/ligandos/CHEMBL1182053_out.pdbqt
Reading input ... done.


Parse error on line 74 in file ""/kaggle/working/masive_als_tdp43v4/ligandos/CHEMBL1182053.pdbqt"": Unknown or inappropriate tag
No valid ligands in the input directory
 | returncode=1 king/masive_als_tdp43v4/ligandos/CHEMBL1182053_out.pdbqt
Reading input ... done.


Parse error on line 74 in file ""/kaggle/working/masive_als_tdp43v4/ligandos/CHEMBL1182053.pdbqt"": Unknown or inappropriate tag
No valid ligands in the input directory
",2026-09-05 10:10:05
CHEMBL1182056,TDP43_v2,,,,"error:returncode=1 king/masive_als_tdp43v4/ligandos/CHEMBL1182056_out.pdbqt
Reading input ... done.


Parse error on line 76 in file ""/kaggle/working/masive_als_tdp43v4/ligandos/CHEMBL1182056.pdbqt"": Unknown or inappropriate tag
No valid ligands in the input directory
 | returncode=1 king/masive_als_tdp43v4/ligandos/CHEMBL1182056_out.pdbqt
Reading input ... done.


Parse error on line 76 in file ""/kaggle/working/masive_als_tdp43v4/ligandos/CHEMBL1182056.pdbqt"": Unknown or inappropriate tag
No valid ligands in the input directory
 | returncode=1 king/masive_als_tdp43v4/ligandos/CHEMBL1182056_out.pdbqt
Reading input ... done.


Parse error on line 76 in file ""/kaggle/working/masive_als_tdp43v4/ligandos/CHEMBL1182056.pdbqt"": Unknown or inappropriate tag
No valid ligands in the input directory
",2026-09-05 10:10:05
CHEMBL1182057,TDP43_v2,,,,"error:returncode=1 king/masive_als_tdp43v4/ligandos/CHEMBL1182057_out.pdbqt
Reading input ... done.


Parse error on line 66 in file ""/kaggle/working/masive_als_tdp43v4/ligandos/CHEMBL1182057.pdbqt"": Unknown or inappropriate tag
No valid ligands in the input directory
 | returncode=1 king/masive_als_tdp43v4/ligandos/CHEMBL1182057_out.pdbqt
Reading input ... done.


Parse error on line 66 in file ""/kaggle/working/masive_als_tdp43v4/ligandos/CHEMBL1182057.pdbqt"": Unknown or inappropriate tag
No valid ligands in the input directory
 | returncode=1 king/masive_als_tdp43v4/ligandos/CHEMBL1182057_out.pdbqt
Reading input ... done.


Parse error on line 66 in file ""/kaggle/working/masive_als_tdp43v4/ligandos/CHEMBL1182057.pdbqt"": Unknown or inappropriate tag
No valid ligands in the input directory
",2026-09-05 10:10:05
CHEMBL1182059,TDP43_v2,,,,"error:returncode=1 king/masive_als_tdp43v4/ligandos/CHEMBL1182059_out.pdbqt
Reading input ... done.


Parse error on line 74 in file ""/kaggle/working/masive_als_tdp43v4/ligandos/CHEMBL1182059.pdbqt"": Unknown or inappropriate tag
No valid ligands in the input directory
 | returncode=1 king/masive_als_tdp43v4/ligandos/CHEMBL1182059_out.pdbqt
Reading input ... done.


Parse error on line 74 in file ""/kaggle/working/masive_als_tdp43v4/ligandos/CHEMBL1182059.pdbqt"": Unknown or inappropriate tag
No valid ligands in the input directory
 | returncode=1 king/masive_als_tdp43v4/ligandos/CHEMBL1182059_out.pdbqt
Reading input ... done.


Parse error on line 74 in file ""/kaggle/working/masive_als_tdp43v4/ligandos/CHEMBL1182059.pdbqt"": Unknown or inappropriate tag
No valid ligands in the input directory
",2026-09-05 10:10:05
CHEMBL1182060,TDP43_v2,,,,"error:returncode=1 king/masive_als_tdp43v4/ligandos/CHEMBL1182060_out.pdbqt
Reading input ... done.


Parse error on line 67 in file ""/kaggle/working/masive_als_tdp43v4/ligandos/CHEMBL1182060.pdbqt"": Unknown or inappropriate tag
No valid ligands in the input directory
 | returncode=1 king/masive_als_tdp43v4/ligandos/CHEMBL1182060_out.pdbqt
Reading input ... done.


Parse error on line 67 in file ""/kaggle/working/masive_als_tdp43v4/ligandos/CHEMBL1182060.pdbqt"": Unknown or inappropriate tag
No valid ligands in the input directory
 | returncode=1 king/masive_als_tdp43v4/ligandos/CHEMBL1182060_out.pdbqt
Reading input ... done.


Parse error on line 67 in file ""/kaggle/working/masive_als_tdp43v4/ligandos/CHEMBL1182060.pdbqt"": Unknown or inappropriate tag
No valid ligands in the input directory
",2026-09-05 10:10:05
CHEMBL1182068,TDP43_v2,,,,"error:returncode=1 king/masive_als_tdp43v4/ligandos/CHEMBL1182068_out.pdbqt
Reading input ... done.


Parse error on line 86 in file ""/kaggle/working/masive_als_tdp43v4/ligandos/CHEMBL1182068.pdbqt"": Unknown or inappropriate tag
No valid ligands in the input directory
 | returncode=1 king/masive_als_tdp43v4/ligandos/CHEMBL1182068_out.pdbqt
Reading input ... done.


Parse error on line 86 in file ""/kaggle/working/masive_als_tdp43v4/ligandos/CHEMBL1182068.pdbqt"": Unknown or inappropriate tag
No valid ligands in the input directory
 | returncode=1 king/masive_als_tdp43v4/ligandos/CHEMBL1182068_out.pdbqt
Reading input ... done.


Parse error on line 86 in file ""/kaggle/working/masive_als_tdp43v4/ligandos/CHEMBL1182068.pdbqt"": Unknown or inappropriate tag
No valid ligands in the input directory
",2026-09-05 10:10:05
CHEMBL1182165,TDP43_v2,-9.3,777,-5.4000;-8.5000;-9.3000,ok,2026-09-05 10:10:54
CHEMBL118218,TDP43_v2,-6.6,777,-6.5000;-6.4000;-6.6000,ok,2026-09-05 10:11:01
CHEMBL1182210,TDP43_v2,-6.1,2026,-5.8000;-6.1000;-5.4000,ok,2026-09-05 10:11:16
CHEMBL1182211,TDP43_v2,,,,"error:returncode=1 ing/masive_als_tdp43v4/ligandos/CHEMBL1182211_out.pdbqt
Reading input ... done.


Parse error on line 177 in file ""/kaggle/working/masive_als_tdp43v4/ligandos/CHEMBL1182211.pdbqt"": Unknown or inappropriate tag
No valid ligands in the input directory
 | returncode=1 ing/masive_als_tdp43v4/ligandos/CHEMBL1182211_out.pdbqt
Reading input ... done.


Parse error on line 177 in file ""/kaggle/working/masive_als_tdp43v4/ligandos/CHEMBL1182211.pdbqt"": Unknown or inappropriate tag
No valid ligands in the input directory
 | returncode=1 ing/masive_als_tdp43v4/ligandos/CHEMBL1182211_out.pdbqt
Reading input ... done.


Parse error on line 177 in file ""/kaggle/working/masive_als_tdp43v4/ligandos/CHEMBL1182211.pdbqt"": Unknown or inappropriate tag
No valid ligands in the input directory
",2026-09-05 10:11:16
CHEMBL1182212,TDP43_v2,,,,"error:returncode=1 ing/masive_als_tdp43v4/ligandos/CHEMBL1182212_out.pdbqt
Reading input ... done.


Parse error on line 184 in file ""/kaggle/working/masive_als_tdp43v4/ligandos/CHEMBL1182212.pdbqt"": Unknown or inappropriate tag
No valid ligands in the input directory
 | returncode=1 ing/masive_als_tdp43v4/ligandos/CHEMBL1182212_out.pdbqt
Reading input ... done.


Parse error on line 184 in file ""/kaggle/working/masive_als_tdp43v4/ligandos/CHEMBL1182212.pdbqt"": Unknown or inappropriate tag
No valid ligands in the input directory
 | returncode=1 ing/masive_als_tdp43v4/ligandos/CHEMBL1182212_out.pdbqt
Reading input ... done.


Parse error on line 184 in file ""/kaggle/working/masive_als_tdp43v4/ligandos/CHEMBL1182212.pdbqt"": Unknown or inappropriate tag
No valid ligands in the input directory
",2026-09-05 10:11:16
CHEMBL1182216,TDP43_v2,,,,"error:returncode=1 ing/masive_als_tdp43v4/ligandos/CHEMBL1182216_out.pdbqt
Reading input ... done.


Parse error on line 177 in file ""/kaggle/working/masive_als_tdp43v4/ligandos/CHEMBL1182216.pdbqt"": Unknown or inappropriate tag
No valid ligands in the input directory
 | returncode=1 ing/masive_als_tdp43v4/ligandos/CHEMBL1182216_out.pdbqt
Reading input ... done.


Parse error on line 177 in file ""/kaggle/working/masive_als_tdp43v4/ligandos/CHEMBL1182216.pdbqt"": Unknown or inappropriate tag
No valid ligands in the input directory
 | returncode=1 ing/masive_als_tdp43v4/ligandos/CHEMBL1182216_out.pdbqt
Reading input ... done.


Parse error on line 177 in file ""/kaggle/working/masive_als_tdp43v4/ligandos/CHEMBL1182216.pdbqt"": Unknown or inappropriate tag
No valid ligands in the input directory
",2026-09-05 10:11:16
CHEMBL1182219,TDP43_v2,,,,"error:returncode=1 ing/masive_als_tdp43v4/ligandos/CHEMBL1182219_out.pdbqt
Reading input ... done.


Parse error on line 179 in file ""/kaggle/working/masive_als_tdp43v4/ligandos/CHEMBL1182219.pdbqt"": Unknown or inappropriate tag
No valid ligands in the input directory
 | returncode=1 ing/masive_als_tdp43v4/ligandos/CHEMBL1182219_out.pdbqt
Reading input ... done.


Parse error on line 179 in file ""/kaggle/working/masive_als_tdp43v4/ligandos/CHEMBL1182219.pdbqt"": Unknown or inappropriate tag
No valid ligands in the input directory
 | returncode=1 ing/masive_als_tdp43v4/ligandos/CHEMBL1182219_out.pdbqt
Reading input ... done.


Parse error on line 179 in file ""/kaggle/working/masive_als_tdp43v4/ligandos/CHEMBL1182219.pdbqt"": Unknown or inappropriate tag
No valid ligands in the input directory
",2026-09-05 10:11:16
CHEMBL1182220,TDP43_v2,,,,"error:returncode=1 ing/masive_als_tdp43v4/ligandos/CHEMBL1182220_out.pdbqt
Reading input ... done.


Parse error on line 184 in file ""/kaggle/working/masive_als_tdp43v4/ligandos/CHEMBL1182220.pdbqt"": Unknown or inappropriate tag
No valid ligands in the input directory
 | returncode=1 ing/masive_als_tdp43v4/ligandos/CHEMBL1182220_out.pdbqt
Reading input ... done.


Parse error on line 184 in file ""/kaggle/working/masive_als_tdp43v4/ligandos/CHEMBL1182220.pdbqt"": Unknown or inappropriate tag
No valid ligands in the input directory
 | returncode=1 ing/masive_als_tdp43v4/ligandos/CHEMBL1182220_out.pdbqt
Reading input ... done.


Parse error on line 184 in file ""/kaggle/working/masive_als_tdp43v4/ligandos/CHEMBL1182220.pdbqt"": Unknown or inappropriate tag
No valid ligands in the input directory
",2026-09-05 10:11:16
CHEMBL1182221,TDP43_v2,,,,"error:returncode=1 ing/masive_als_tdp43v4/ligandos/CHEMBL1182221_out.pdbqt
Reading input ... done.


Parse error on line 167 in file ""/kaggle/working/masive_als_tdp43v4/ligandos/CHEMBL1182221.pdbqt"": Unknown or inappropriate tag
No valid ligands in the input directory
 | returncode=1 ing/masive_als_tdp43v4/ligandos/CHEMBL1182221_out.pdbqt
Reading input ... done.


Parse error on line 167 in file ""/kaggle/working/masive_als_tdp43v4/ligandos/CHEMBL1182221.pdbqt"": Unknown or inappropriate tag
No valid ligands in the input directory
 | returncode=1 ing/masive_als_tdp43v4/ligandos/CHEMBL1182221_out.pdbqt
Reading input ... done.


Parse error on line 167 in file ""/kaggle/working/masive_als_tdp43v4/ligandos/CHEMBL1182221.pdbqt"": Unknown or inappropriate tag
No valid ligands in the input directory
",2026-09-05 10:11:16
CHEMBL118227,TDP43_v2,-3.6,2026,-3.5000;-3.6000;-3.6000,ok,2026-09-05 10:11:23
CHEMBL118239,TDP43_v2,-7.2,42,-7.2000;-7.2000;-7.2000,ok,2026-09-05 10:11:29
CHEMBL11825,TDP43_v2,-7.8,42,-7.8000;-7.7000;-7.7000,ok,2026-09-05 10:11:35
CHEMBL118254,TDP43_v2,-7.5,42,-7.5000;-7.5000;-7.5000,ok,2026-09-05 10:11:42
CHEMBL1182575,TDP43_v2,,,,"error:returncode=1 ing/masive_als_tdp43v4/ligandos/CHEMBL1182575_out.pdbqt
Reading input ... done.


Parse error on line 137 in file ""/kaggle/working/masive_als_tdp43v4/ligandos/CHEMBL1182575.pdbqt"": Unknown or inappropriate tag
No valid ligands in the input directory
 | returncode=1 ing/masive_als_tdp43v4/ligandos/CHEMBL1182575_out.pdbqt
Reading input ... done.


Parse error on line 137 in file ""/kaggle/working/masive_als_tdp43v4/ligandos/CHEMBL1182575.pdbqt"": Unknown or inappropriate tag
No valid ligands in the input directory
 | returncode=1 ing/masive_als_tdp43v4/ligandos/CHEMBL1182575_out.pdbqt
Reading input ... done.


Parse error on line 137 in file ""/kaggle/working/masive_als_tdp43v4/ligandos/CHEMBL1182575.pdbqt"": Unknown or inappropriate tag
No valid ligands in the input directory
",2026-09-05 10:11:42
CHEMBL1182665,TDP43_v2,-5.4,2026,-4.8000;-5.4000;-4.7000,ok,2026-09-05 10:11:49
CHEMBL1182714,TDP43_v2,-5.6,42,-5.6000;-5.6000;-5.5000,ok,2026-09-05 10:12:04
CHEMBL1182728,TDP43_v2,,,,"error:returncode=1 king/masive_als_tdp43v4/ligandos/CHEMBL1182728_out.pdbqt
Reading input ... done.


Parse error on line 78 in file ""/kaggle/working/masive_als_tdp43v4/ligandos/CHEMBL1182728.pdbqt"": Unknown or inappropriate tag
No valid ligands in the input directory
 | returncode=1 king/masive_als_tdp43v4/ligandos/CHEMBL1182728_out.pdbqt
Reading input ... done.


Parse error on line 78 in file ""/kaggle/working/masive_als_tdp43v4/ligandos/CHEMBL1182728.pdbqt"": Unknown or inappropriate tag
No valid ligands in the input directory
 | returncode=1 king/masive_als_tdp43v4/ligandos/CHEMBL1182728_out.pdbqt
Reading input ... done.


Parse error on line 78 in file ""/kaggle/working/masive_als_tdp43v4/ligandos/CHEMBL1182728.pdbqt"": Unknown or inappropriate tag
No valid ligands in the input directory
",2026-09-05 10:12:04
CHEMBL1182743,TDP43_v2,-4.9,42,-4.9000;-4.6000;-4.8000,ok,2026-09-05 10:12:11
CHEMBL1182997,TDP43_v2,-5.4,42,-5.4000;-4.7000;-4.7000,ok,2026-09-05 10:14:21
CHEMBL1183,TDP43_v2,-4.2,777,-4.1000;-4.1000;-4.2000,ok,2026-09-05 10:14:27
CHEMBL1183040,TDP43_v2,-5.1,2026,-4.9000;-5.1000;-4.6000,ok,2026-09-05 10:14:49
CHEMBL118305,TDP43_v2,-5.5,42,-5.5000;-5.5000;-5.5000,ok,2026-09-05 10:14:55
CHEMBL1183060,TDP43_v2,-6.7,42,-6.7000;-6.4000;-6.5000,ok,2026-09-05 10:15:08
CHEMBL1183144,TDP43_v2,,,,"error:returncode=1 king/masive_als_tdp43v4/ligandos/CHEMBL1183144_out.pdbqt
Reading input ... done.


Parse error on line 90 in file ""/kaggle/working/masive_als_tdp43v4/ligandos/CHEMBL1183144.pdbqt"": Unknown or inappropriate tag
No valid ligands in the input directory
 | returncode=1 king/masive_als_tdp43v4/ligandos/CHEMBL1183144_out.pdbqt
Reading input ... done.


Parse error on line 90 in file ""/kaggle/working/masive_als_tdp43v4/ligandos/CHEMBL1183144.pdbqt"": Unknown or inappropriate tag
No valid ligands in the input directory
 | returncode=1 king/masive_als_tdp43v4/ligandos/CHEMBL1183144_out.pdbqt
Reading input ... done.


Parse error on line 90 in file ""/kaggle/working/masive_als_tdp43v4/ligandos/CHEMBL1183144.pdbqt"": Unknown or inappropriate tag
No valid ligands in the input directory
",2026-09-05 10:15:08
CHEMBL1183605,TDP43_v2,-5.2,42,-5.2000;-5.2000;-5.1000,ok,2026-09-05 10:15:17
CHEMBL1183627,TDP43_v2,-4.9,777,-4.6000;-4.6000;-4.9000,ok,2026-09-05 10:15:27
CHEMBL1183656,TDP43_v2,,,,"error:returncode=1 king/masive_als_tdp43v4/ligandos/CHEMBL1183656_out.pdbqt
Reading input ... done.


Parse error on line 50 in file ""/kaggle/working/masive_als_tdp43v4/ligandos/CHEMBL1183656.pdbqt"": Unknown or inappropriate tag
No valid ligands in the input directory
 | returncode=1 king/masive_als_tdp43v4/ligandos/CHEMBL1183656_out.pdbqt
Reading input ... done.


Parse error on line 50 in file ""/kaggle/working/masive_als_tdp43v4/ligandos/CHEMBL1183656.pdbqt"": Unknown or inappropriate tag
No valid ligands in the input directory
 | returncode=1 king/masive_als_tdp43v4/ligandos/CHEMBL1183656_out.pdbqt
Reading input ... done.


Parse error on line 50 in file ""/kaggle/working/masive_als_tdp43v4/ligandos/CHEMBL1183656.pdbqt"": Unknown or inappropriate tag
No valid ligands in the input directory
",2026-09-05 10:15:27
CHEMBL1183657,TDP43_v2,,,,"error:returncode=1 king/masive_als_tdp43v4/ligandos/CHEMBL1183657_out.pdbqt
Reading input ... done.


Parse error on line 52 in file ""/kaggle/working/masive_als_tdp43v4/ligandos/CHEMBL1183657.pdbqt"": Unknown or inappropriate tag
No valid ligands in the input directory
 | returncode=1 king/masive_als_tdp43v4/ligandos/CHEMBL1183657_out.pdbqt
Reading input ... done.


Parse error on line 52 in file ""/kaggle/working/masive_als_tdp43v4/ligandos/CHEMBL1183657.pdbqt"": Unknown or inappropriate tag
No valid ligands in the input directory
 | returncode=1 king/masive_als_tdp43v4/ligandos/CHEMBL1183657_out.pdbqt
Reading input ... done.


Parse error on line 52 in file ""/kaggle/working/masive_als_tdp43v4/ligandos/CHEMBL1183657.pdbqt"": Unknown or inappropriate tag
No valid ligands in the input directory
",2026-09-05 10:15:27
CHEMBL1183663,TDP43_v2,,,,"error:returncode=1 king/masive_als_tdp43v4/ligandos/CHEMBL1183663_out.pdbqt
Reading input ... done.


Parse error on line 48 in file ""/kaggle/working/masive_als_tdp43v4/ligandos/CHEMBL1183663.pdbqt"": Unknown or inappropriate tag
No valid ligands in the input directory
 | returncode=1 king/masive_als_tdp43v4/ligandos/CHEMBL1183663_out.pdbqt
Reading input ... done.


Parse error on line 48 in file ""/kaggle/working/masive_als_tdp43v4/ligandos/CHEMBL1183663.pdbqt"": Unknown or inappropriate tag
No valid ligands in the input directory
 | returncode=1 king/masive_als_tdp43v4/ligandos/CHEMBL1183663_out.pdbqt
Reading input ... done.


Parse error on line 48 in file ""/kaggle/working/masive_als_tdp43v4/ligandos/CHEMBL1183663.pdbqt"": Unknown or inappropriate tag
No valid ligands in the input directory
",2026-09-05 10:15:27
CHEMBL1183691,TDP43_v2,-7.7,2026,-7.4000;-7.7000;-7.0000,ok,2026-09-05 10:15:58
CHEMBL1183692,TDP43_v2,,,,"error:returncode=1 king/masive_als_tdp43v4/ligandos/CHEMBL1183692_out.pdbqt
Reading input ... done.


Parse error on line 89 in file ""/kaggle/working/masive_als_tdp43v4/ligandos/CHEMBL1183692.pdbqt"": Unknown or inappropriate tag
No valid ligands in the input directory
 | returncode=1 king/masive_als_tdp43v4/ligandos/CHEMBL1183692_out.pdbqt
Reading input ... done.


Parse error on line 89 in file ""/kaggle/working/masive_als_tdp43v4/ligandos/CHEMBL1183692.pdbqt"": Unknown or inappropriate tag
No valid ligands in the input directory
 | returncode=1 king/masive_als_tdp43v4/ligandos/CHEMBL1183692_out.pdbqt
Reading input ... done.


Parse error on line 89 in file ""/kaggle/working/masive_als_tdp43v4/ligandos/CHEMBL1183692.pdbqt"": Unknown or inappropriate tag
No valid ligands in the input directory
",2026-09-05 10:15:58
CHEMBL1183701,TDP43_v2,,,,"error:returncode=1 king/masive_als_tdp43v4/ligandos/CHEMBL1183701_out.pdbqt
Reading input ... done.


Parse error on line 74 in file ""/kaggle/working/masive_als_tdp43v4/ligandos/CHEMBL1183701.pdbqt"": Unknown or inappropriate tag
No valid ligands in the input directory
 | returncode=1 king/masive_als_tdp43v4/ligandos/CHEMBL1183701_out.pdbqt
Reading input ... done.


Parse error on line 74 in file ""/kaggle/working/masive_als_tdp43v4/ligandos/CHEMBL1183701.pdbqt"": Unknown or inappropriate tag
No valid ligands in the input directory
 | returncode=1 king/masive_als_tdp43v4/ligandos/CHEMBL1183701_out.pdbqt
Reading input ... done.


Parse error on line 74 in file ""/kaggle/working/masive_als_tdp43v4/ligandos/CHEMBL1183701.pdbqt"": Unknown or inappropriate tag
No valid ligands in the input directory
",2026-09-05 10:15:58
CHEMBL1183711,TDP43_v2,,,,"error:returncode=1 king/masive_als_tdp43v4/ligandos/CHEMBL1183711_out.pdbqt
Reading input ... done.


Parse error on line 91 in file ""/kaggle/working/masive_als_tdp43v4/ligandos/CHEMBL1183711.pdbqt"": Unknown or inappropriate tag
No valid ligands in the input directory
 | returncode=1 king/masive_als_tdp43v4/ligandos/CHEMBL1183711_out.pdbqt
Reading input ... done.


Parse error on line 91 in file ""/kaggle/working/masive_als_tdp43v4/ligandos/CHEMBL1183711.pdbqt"": Unknown or inappropriate tag
No valid ligands in the input directory
 | returncode=1 king/masive_als_tdp43v4/ligandos/CHEMBL1183711_out.pdbqt
Reading input ... done.


Parse error on line 91 in file ""/kaggle/working/masive_als_tdp43v4/ligandos/CHEMBL1183711.pdbqt"": Unknown or inappropriate tag
No valid ligands in the input directory
",2026-09-05 10:15:58
CHEMBL1183719,TDP43_v2,,,,"error:returncode=1 king/masive_als_tdp43v4/ligandos/CHEMBL1183719_out.pdbqt
Reading input ... done.


Parse error on line 78 in file ""/kaggle/working/masive_als_tdp43v4/ligandos/CHEMBL1183719.pdbqt"": Unknown or inappropriate tag
No valid ligands in the input directory
 | returncode=1 king/masive_als_tdp43v4/ligandos/CHEMBL1183719_out.pdbqt
Reading input ... done.


Parse error on line 78 in file ""/kaggle/working/masive_als_tdp43v4/ligandos/CHEMBL1183719.pdbqt"": Unknown or inappropriate tag
No valid ligands in the input directory
 | returncode=1 king/masive_als_tdp43v4/ligandos/CHEMBL1183719_out.pdbqt
Reading input ... done.


Parse error on line 78 in file ""/kaggle/working/masive_als_tdp43v4/ligandos/CHEMBL1183719.pdbqt"": Unknown or inappropriate tag
No valid ligands in the input directory
",2026-09-05 10:15:58
CHEMBL1183720,TDP43_v2,,,,"error:returncode=1 king/masive_als_tdp43v4/ligandos/CHEMBL1183720_out.pdbqt
Reading input ... done.


Parse error on line 87 in file ""/kaggle/working/masive_als_tdp43v4/ligandos/CHEMBL1183720.pdbqt"": Unknown or inappropriate tag
No valid ligands in the input directory
 | returncode=1 king/masive_als_tdp43v4/ligandos/CHEMBL1183720_out.pdbqt
Reading input ... done.


Parse error on line 87 in file ""/kaggle/working/masive_als_tdp43v4/ligandos/CHEMBL1183720.pdbqt"": Unknown or inappropriate tag
No valid ligands in the input directory
 | returncode=1 king/masive_als_tdp43v4/ligandos/CHEMBL1183720_out.pdbqt
Reading input ... done.


Parse error on line 87 in file ""/kaggle/working/masive_als_tdp43v4/ligandos/CHEMBL1183720.pdbqt"": Unknown or inappropriate tag
No valid ligands in the input directory
",2026-09-05 10:15:58
CHEMBL1183725,TDP43_v2,,,,"error:returncode=1 king/masive_als_tdp43v4/ligandos/CHEMBL1183725_out.pdbqt
Reading input ... done.


Parse error on line 89 in file ""/kaggle/working/masive_als_tdp43v4/ligandos/CHEMBL1183725.pdbqt"": Unknown or inappropriate tag
No valid ligands in the input directory
 | returncode=1 king/masive_als_tdp43v4/ligandos/CHEMBL1183725_out.pdbqt
Reading input ... done.


Parse error on line 89 in file ""/kaggle/working/masive_als_tdp43v4/ligandos/CHEMBL1183725.pdbqt"": Unknown or inappropriate tag
No valid ligands in the input directory
 | returncode=1 king/masive_als_tdp43v4/ligandos/CHEMBL1183725_out.pdbqt
Reading input ... done.


Parse error on line 89 in file ""/kaggle/working/masive_als_tdp43v4/ligandos/CHEMBL1183725.pdbqt"": Unknown or inappropriate tag
No valid ligands in the input directory
",2026-09-05 10:15:58
CHEMBL1183732,TDP43_v2,,,,"error:returncode=1 king/masive_als_tdp43v4/ligandos/CHEMBL1183732_out.pdbqt
Reading input ... done.


Parse error on line 83 in file ""/kaggle/working/masive_als_tdp43v4/ligandos/CHEMBL1183732.pdbqt"": Unknown or inappropriate tag
No valid ligands in the input directory
 | returncode=1 king/masive_als_tdp43v4/ligandos/CHEMBL1183732_out.pdbqt
Reading input ... done.


Parse error on line 83 in file ""/kaggle/working/masive_als_tdp43v4/ligandos/CHEMBL1183732.pdbqt"": Unknown or inappropriate tag
No valid ligands in the input directory
 | returncode=1 king/masive_als_tdp43v4/ligandos/CHEMBL1183732_out.pdbqt
Reading input ... done.


Parse error on line 83 in file ""/kaggle/working/masive_als_tdp43v4/ligandos/CHEMBL1183732.pdbqt"": Unknown or inappropriate tag
No valid ligands in the input directory
",2026-09-05 10:15:58
CHEMBL118378,TDP43_v2,-5.5,42,-5.5000;-5.1000;-5.0000,ok,2026-09-05 10:16:04
CHEMBL1184179,TDP43_v2,,,,"error:returncode=1 king/masive_als_tdp43v4/ligandos/CHEMBL1184179_out.pdbqt
Reading input ... done.


Parse error on line 44 in file ""/kaggle/working/masive_als_tdp43v4/ligandos/CHEMBL1184179.pdbqt"": Unknown or inappropriate tag
No valid ligands in the input directory
 | returncode=1 king/masive_als_tdp43v4/ligandos/CHEMBL1184179_out.pdbqt
Reading input ... done.


Parse error on line 44 in file ""/kaggle/working/masive_als_tdp43v4/ligandos/CHEMBL1184179.pdbqt"": Unknown or inappropriate tag
No valid ligands in the input directory
 | returncode=1 king/masive_als_tdp43v4/ligandos/CHEMBL1184179_out.pdbqt
Reading input ... done.


Parse error on line 44 in file ""/kaggle/working/masive_als_tdp43v4/ligandos/CHEMBL1184179.pdbqt"": Unknown or inappropriate tag
No valid ligands in the input directory
",2026-09-05 10:16:04
CHEMBL1184186,TDP43_v2,,,,"error:returncode=1 king/masive_als_tdp43v4/ligandos/CHEMBL1184186_out.pdbqt
Reading input ... done.


Parse error on line 90 in file ""/kaggle/working/masive_als_tdp43v4/ligandos/CHEMBL1184186.pdbqt"": Unknown or inappropriate tag
No valid ligands in the input directory
 | returncode=1 king/masive_als_tdp43v4/ligandos/CHEMBL1184186_out.pdbqt
Reading input ... done.


Parse error on line 90 in file ""/kaggle/working/masive_als_tdp43v4/ligandos/CHEMBL1184186.pdbqt"": Unknown or inappropriate tag
No valid ligands in the input directory
 | returncode=1 king/masive_als_tdp43v4/ligandos/CHEMBL1184186_out.pdbqt
Reading input ... done.


Parse error on line 90 in file ""/kaggle/working/masive_als_tdp43v4/ligandos/CHEMBL1184186.pdbqt"": Unknown or inappropriate tag
No valid ligands in the input directory
",2026-09-05 10:16:04
CHEMBL1184196,TDP43_v2,,,,"error:returncode=1 king/masive_als_tdp43v4/ligandos/CHEMBL1184196_out.pdbqt
Reading input ... done.


Parse error on line 87 in file ""/kaggle/working/masive_als_tdp43v4/ligandos/CHEMBL1184196.pdbqt"": Unknown or inappropriate tag
No valid ligands in the input directory
 | returncode=1 king/masive_als_tdp43v4/ligandos/CHEMBL1184196_out.pdbqt
Reading input ... done.


Parse error on line 87 in file ""/kaggle/working/masive_als_tdp43v4/ligandos/CHEMBL1184196.pdbqt"": Unknown or inappropriate tag
No valid ligands in the input directory
 | returncode=1 king/masive_als_tdp43v4/ligandos/CHEMBL1184196_out.pdbqt
Reading input ... done.


Parse error on line 87 in file ""/kaggle/working/masive_als_tdp43v4/ligandos/CHEMBL1184196.pdbqt"": Unknown or inappropriate tag
No valid ligands in the input directory
",2026-09-05 10:16:04
CHEMBL1184199,TDP43_v2,,,,"error:returncode=1 king/masive_als_tdp43v4/ligandos/CHEMBL1184199_out.pdbqt
Reading input ... done.


Parse error on line 89 in file ""/kaggle/working/masive_als_tdp43v4/ligandos/CHEMBL1184199.pdbqt"": Unknown or inappropriate tag
No valid ligands in the input directory
 | returncode=1 king/masive_als_tdp43v4/ligandos/CHEMBL1184199_out.pdbqt
Reading input ... done.


Parse error on line 89 in file ""/kaggle/working/masive_als_tdp43v4/ligandos/CHEMBL1184199.pdbqt"": Unknown or inappropriate tag
No valid ligands in the input directory
 | returncode=1 king/masive_als_tdp43v4/ligandos/CHEMBL1184199_out.pdbqt
Reading input ... done.


Parse error on line 89 in file ""/kaggle/working/masive_als_tdp43v4/ligandos/CHEMBL1184199.pdbqt"": Unknown or inappropriate tag
No valid ligands in the input directory
",2026-09-05 10:16:04
CHEMBL1184210,TDP43_v2,,,,"error:returncode=1 king/masive_als_tdp43v4/ligandos/CHEMBL1184210_out.pdbqt
Reading input ... done.


Parse error on line 94 in file ""/kaggle/working/masive_als_tdp43v4/ligandos/CHEMBL1184210.pdbqt"": Unknown or inappropriate tag
No valid ligands in the input directory
 | returncode=1 king/masive_als_tdp43v4/ligandos/CHEMBL1184210_out.pdbqt
Reading input ... done.


Parse error on line 94 in file ""/kaggle/working/masive_als_tdp43v4/ligandos/CHEMBL1184210.pdbqt"": Unknown or inappropriate tag
No valid ligands in the input directory
 | returncode=1 king/masive_als_tdp43v4/ligandos/CHEMBL1184210_out.pdbqt
Reading input ... done.


Parse error on line 94 in file ""/kaggle/working/masive_als_tdp43v4/ligandos/CHEMBL1184210.pdbqt"": Unknown or inappropriate tag
No valid ligands in the input directory
",2026-09-05 10:16:04
CHEMBL1184212,TDP43_v2,,,,"error:returncode=1 king/masive_als_tdp43v4/ligandos/CHEMBL1184212_out.pdbqt
Reading input ... done.


Parse error on line 91 in file ""/kaggle/working/masive_als_tdp43v4/ligandos/CHEMBL1184212.pdbqt"": Unknown or inappropriate tag
No valid ligands in the input directory
 | returncode=1 king/masive_als_tdp43v4/ligandos/CHEMBL1184212_out.pdbqt
Reading input ... done.


Parse error on line 91 in file ""/kaggle/working/masive_als_tdp43v4/ligandos/CHEMBL1184212.pdbqt"": Unknown or inappropriate tag
No valid ligands in the input directory
 | returncode=1 king/masive_als_tdp43v4/ligandos/CHEMBL1184212_out.pdbqt
Reading input ... done.


Parse error on line 91 in file ""/kaggle/working/masive_als_tdp43v4/ligandos/CHEMBL1184212.pdbqt"": Unknown or inappropriate tag
No valid ligands in the input directory
",2026-09-05 10:16:04
CHEMBL1184215,TDP43_v2,,,,"error:returncode=1 king/masive_als_tdp43v4/ligandos/CHEMBL1184215_out.pdbqt
Reading input ... done.


Parse error on line 86 in file ""/kaggle/working/masive_als_tdp43v4/ligandos/CHEMBL1184215.pdbqt"": Unknown or inappropriate tag
No valid ligands in the input directory
 | returncode=1 king/masive_als_tdp43v4/ligandos/CHEMBL1184215_out.pdbqt
Reading input ... done.


Parse error on line 86 in file ""/kaggle/working/masive_als_tdp43v4/ligandos/CHEMBL1184215.pdbqt"": Unknown or inappropriate tag
No valid ligands in the input directory
 | returncode=1 king/masive_als_tdp43v4/ligandos/CHEMBL1184215_out.pdbqt
Reading input ... done.


Parse error on line 86 in file ""/kaggle/working/masive_als_tdp43v4/ligandos/CHEMBL1184215.pdbqt"": Unknown or inappropriate tag
No valid ligands in the input directory
",2026-09-05 10:16:04
CHEMBL1184228,TDP43_v2,,,,"error:returncode=1 king/masive_als_tdp43v4/ligandos/CHEMBL1184228_out.pdbqt
Reading input ... done.


Parse error on line 92 in file ""/kaggle/working/masive_als_tdp43v4/ligandos/CHEMBL1184228.pdbqt"": Unknown or inappropriate tag
No valid ligands in the input directory
 | returncode=1 king/masive_als_tdp43v4/ligandos/CHEMBL1184228_out.pdbqt
Reading input ... done.


Parse error on line 92 in file ""/kaggle/working/masive_als_tdp43v4/ligandos/CHEMBL1184228.pdbqt"": Unknown or inappropriate tag
No valid ligands in the input directory
 | returncode=1 king/masive_als_tdp43v4/ligandos/CHEMBL1184228_out.pdbqt
Reading input ... done.


Parse error on line 92 in file ""/kaggle/working/masive_als_tdp43v4/ligandos/CHEMBL1184228.pdbqt"": Unknown or inappropriate tag
No valid ligands in the input directory
",2026-09-05 10:16:04
CHEMBL1184233,TDP43_v2,,,,"error:returncode=1 king/masive_als_tdp43v4/ligandos/CHEMBL1184233_out.pdbqt
Reading input ... done.


Parse error on line 78 in file ""/kaggle/working/masive_als_tdp43v4/ligandos/CHEMBL1184233.pdbqt"": Unknown or inappropriate tag
No valid ligands in the input directory
 | returncode=1 king/masive_als_tdp43v4/ligandos/CHEMBL1184233_out.pdbqt
Reading input ... done.


Parse error on line 78 in file ""/kaggle/working/masive_als_tdp43v4/ligandos/CHEMBL1184233.pdbqt"": Unknown or inappropriate tag
No valid ligands in the input directory
 | returncode=1 king/masive_als_tdp43v4/ligandos/CHEMBL1184233_out.pdbqt
Reading input ... done.


Parse error on line 78 in file ""/kaggle/working/masive_als_tdp43v4/ligandos/CHEMBL1184233.pdbqt"": Unknown or inappropriate tag
No valid ligands in the input directory
",2026-09-05 10:16:05
CHEMBL1184251,TDP43_v2,,,,"error:returncode=1 king/masive_als_tdp43v4/ligandos/CHEMBL1184251_out.pdbqt
Reading input ... done.


Parse error on line 89 in file ""/kaggle/working/masive_als_tdp43v4/ligandos/CHEMBL1184251.pdbqt"": Unknown or inappropriate tag
No valid ligands in the input directory
 | returncode=1 king/masive_als_tdp43v4/ligandos/CHEMBL1184251_out.pdbqt
Reading input ... done.


Parse error on line 89 in file ""/kaggle/working/masive_als_tdp43v4/ligandos/CHEMBL1184251.pdbqt"": Unknown or inappropriate tag
No valid ligands in the input directory
 | returncode=1 king/masive_als_tdp43v4/ligandos/CHEMBL1184251_out.pdbqt
Reading input ... done.


Parse error on line 89 in file ""/kaggle/working/masive_als_tdp43v4/ligandos/CHEMBL1184251.pdbqt"": Unknown or inappropriate tag
No valid ligands in the input directory
",2026-09-05 10:16:05
CHEMBL1184254,TDP43_v2,,,,"error:returncode=1 king/masive_als_tdp43v4/ligandos/CHEMBL1184254_out.pdbqt
Reading input ... done.


Parse error on line 94 in file ""/kaggle/working/masive_als_tdp43v4/ligandos/CHEMBL1184254.pdbqt"": Unknown or inappropriate tag
No valid ligands in the input directory
 | returncode=1 king/masive_als_tdp43v4/ligandos/CHEMBL1184254_out.pdbqt
Reading input ... done.


Parse error on line 94 in file ""/kaggle/working/masive_als_tdp43v4/ligandos/CHEMBL1184254.pdbqt"": Unknown or inappropriate tag
No valid ligands in the input directory
 | returncode=1 king/masive_als_tdp43v4/ligandos/CHEMBL1184254_out.pdbqt
Reading input ... done.


Parse error on line 94 in file ""/kaggle/working/masive_als_tdp43v4/ligandos/CHEMBL1184254.pdbqt"": Unknown or inappropriate tag
No valid ligands in the input directory
",2026-09-05 10:16:05
CHEMBL1184256,TDP43_v2,,,,"error:returncode=1 king/masive_als_tdp43v4/ligandos/CHEMBL1184256_out.pdbqt
Reading input ... done.


Parse error on line 87 in file ""/kaggle/working/masive_als_tdp43v4/ligandos/CHEMBL1184256.pdbqt"": Unknown or inappropriate tag
No valid ligands in the input directory
 | returncode=1 king/masive_als_tdp43v4/ligandos/CHEMBL1184256_out.pdbqt
Reading input ... done.


Parse error on line 87 in file ""/kaggle/working/masive_als_tdp43v4/ligandos/CHEMBL1184256.pdbqt"": Unknown or inappropriate tag
No valid ligands in the input directory
 | returncode=1 king/masive_als_tdp43v4/ligandos/CHEMBL1184256_out.pdbqt
Reading input ... done.


Parse error on line 87 in file ""/kaggle/working/masive_als_tdp43v4/ligandos/CHEMBL1184256.pdbqt"": Unknown or inappropriate tag
No valid ligands in the input directory
",2026-09-05 10:16:05
CHEMBL1184257,TDP43_v2,,,,"error:returncode=1 ing/masive_als_tdp43v4/ligandos/CHEMBL1184257_out.pdbqt
Reading input ... done.


Parse error on line 102 in file ""/kaggle/working/masive_als_tdp43v4/ligandos/CHEMBL1184257.pdbqt"": Unknown or inappropriate tag
No valid ligands in the input directory
 | returncode=1 ing/masive_als_tdp43v4/ligandos/CHEMBL1184257_out.pdbqt
Reading input ... done.


Parse error on line 102 in file ""/kaggle/working/masive_als_tdp43v4/ligandos/CHEMBL1184257.pdbqt"": Unknown or inappropriate tag
No valid ligands in the input directory
 | returncode=1 ing/masive_als_tdp43v4/ligandos/CHEMBL1184257_out.pdbqt
Reading input ... done.


Parse error on line 102 in file ""/kaggle/working/masive_als_tdp43v4/ligandos/CHEMBL1184257.pdbqt"": Unknown or inappropriate tag
No valid ligands in the input directory
",2026-09-05 10:16:05
CHEMBL1184260,TDP43_v2,,,,"error:returncode=1 king/masive_als_tdp43v4/ligandos/CHEMBL1184260_out.pdbqt
Reading input ... done.


Parse error on line 88 in file ""/kaggle/working/masive_als_tdp43v4/ligandos/CHEMBL1184260.pdbqt"": Unknown or inappropriate tag
No valid ligands in the input directory
 | returncode=1 king/masive_als_tdp43v4/ligandos/CHEMBL1184260_out.pdbqt
Reading input ... done.


Parse error on line 88 in file ""/kaggle/working/masive_als_tdp43v4/ligandos/CHEMBL1184260.pdbqt"": Unknown or inappropriate tag
No valid ligands in the input directory
 | returncode=1 king/masive_als_tdp43v4/ligandos/CHEMBL1184260_out.pdbqt
Reading input ... done.


Parse error on line 88 in file ""/kaggle/working/masive_als_tdp43v4/ligandos/CHEMBL1184260.pdbqt"": Unknown or inappropriate tag
No valid ligands in the input directory
",2026-09-05 10:16:05
CHEMBL1184338,TDP43_v2,-5.3,2026,-4.7000;-5.3000;-4.1000,ok,2026-09-05 10:17:05
CHEMBL1184470,TDP43_v2,,,,"error:returncode=1 king/masive_als_tdp43v4/ligandos/CHEMBL1184470_out.pdbqt
Reading input ... done.


Parse error on line 72 in file ""/kaggle/working/masive_als_tdp43v4/ligandos/CHEMBL1184470.pdbqt"": Unknown or inappropriate tag
No valid ligands in the input directory
 | returncode=1 king/masive_als_tdp43v4/ligandos/CHEMBL1184470_out.pdbqt
Reading input ... done.


Parse error on line 72 in file ""/kaggle/working/masive_als_tdp43v4/ligandos/CHEMBL1184470.pdbqt"": Unknown or inappropriate tag
No valid ligands in the input directory
 | returncode=1 king/masive_als_tdp43v4/ligandos/CHEMBL1184470_out.pdbqt
Reading input ... done.


Parse error on line 72 in file ""/kaggle/working/masive_als_tdp43v4/ligandos/CHEMBL1184470.pdbqt"": Unknown or inappropriate tag
No valid ligands in the input directory
",2026-09-05 10:17:05
CHEMBL118449,TDP43_v2,-5.2,2026,-4.7000;-5.2000;-4.6000,ok,2026-09-05 10:17:48
CHEMBL118459,TDP43_v2,-3.9,42,-3.9000;-3.9000;-3.9000,ok,2026-09-05 10:17:55
CHEMBL1184755,TDP43_v2,,,,"error:returncode=1 ing/masive_als_tdp43v4/ligandos/CHEMBL1184755_out.pdbqt
Reading input ... done.


Parse error on line 144 in file ""/kaggle/working/masive_als_tdp43v4/ligandos/CHEMBL1184755.pdbqt"": Unknown or inappropriate tag
No valid ligands in the input directory
 | returncode=1 ing/masive_als_tdp43v4/ligandos/CHEMBL1184755_out.pdbqt
Reading input ... done.


Parse error on line 144 in file ""/kaggle/working/masive_als_tdp43v4/ligandos/CHEMBL1184755.pdbqt"": Unknown or inappropriate tag
No valid ligands in the input directory
 | returncode=1 ing/masive_als_tdp43v4/ligandos/CHEMBL1184755_out.pdbqt
Reading input ... done.


Parse error on line 144 in file ""/kaggle/working/masive_als_tdp43v4/ligandos/CHEMBL1184755.pdbqt"": Unknown or inappropriate tag
No valid ligands in the input directory
",2026-09-05 10:17:55
CHEMBL118478,TDP43_v2,-5.5,2026,-5.4000;-5.5000;-5.2000,ok,2026-09-05 10:18:01
CHEMBL11848,TDP43_v2,-6.5,42,-6.5000;-6.5000;-6.5000,ok,2026-09-05 10:18:08
CHEMBL1184896,TDP43_v2,,,,"error:returncode=1 king/masive_als_tdp43v4/ligandos/CHEMBL1184896_out.pdbqt
Reading input ... done.


Parse error on line 68 in file ""/kaggle/working/masive_als_tdp43v4/ligandos/CHEMBL1184896.pdbqt"": Unknown or inappropriate tag
No valid ligands in the input directory
 | returncode=1 king/masive_als_tdp43v4/ligandos/CHEMBL1184896_out.pdbqt
Reading input ... done.


Parse error on line 68 in file ""/kaggle/working/masive_als_tdp43v4/ligandos/CHEMBL1184896.pdbqt"": Unknown or inappropriate tag
No valid ligands in the input directory
 | returncode=1 king/masive_als_tdp43v4/ligandos/CHEMBL1184896_out.pdbqt
Reading input ... done.


Parse error on line 68 in file ""/kaggle/working/masive_als_tdp43v4/ligandos/CHEMBL1184896.pdbqt"": Unknown or inappropriate tag
No valid ligands in the input directory
",2026-09-05 10:18:08
CHEMBL1184903,TDP43_v2,,,,"error:returncode=1 king/masive_als_tdp43v4/ligandos/CHEMBL1184903_out.pdbqt
Reading input ... done.


Parse error on line 91 in file ""/kaggle/working/masive_als_tdp43v4/ligandos/CHEMBL1184903.pdbqt"": Unknown or inappropriate tag
No valid ligands in the input directory
 | returncode=1 king/masive_als_tdp43v4/ligandos/CHEMBL1184903_out.pdbqt
Reading input ... done.


Parse error on line 91 in file ""/kaggle/working/masive_als_tdp43v4/ligandos/CHEMBL1184903.pdbqt"": Unknown or inappropriate tag
No valid ligands in the input directory
 | returncode=1 king/masive_als_tdp43v4/ligandos/CHEMBL1184903_out.pdbqt
Reading input ... done.


Parse error on line 91 in file ""/kaggle/working/masive_als_tdp43v4/ligandos/CHEMBL1184903.pdbqt"": Unknown or inappropriate tag
No valid ligands in the input directory
",2026-09-05 10:18:08
CHEMBL1184904,TDP43_v2,-7.2,42,-7.2000;-7.0000;-6.9000,ok,2026-09-05 10:18:25
CHEMBL1184905,TDP43_v2,,,,"error:returncode=1 king/masive_als_tdp43v4/ligandos/CHEMBL1184905_out.pdbqt
Reading input ... done.


Parse error on line 87 in file ""/kaggle/working/masive_als_tdp43v4/ligandos/CHEMBL1184905.pdbqt"": Unknown or inappropriate tag
No valid ligands in the input directory
 | returncode=1 king/masive_als_tdp43v4/ligandos/CHEMBL1184905_out.pdbqt
Reading input ... done.


Parse error on line 87 in file ""/kaggle/working/masive_als_tdp43v4/ligandos/CHEMBL1184905.pdbqt"": Unknown or inappropriate tag
No valid ligands in the input directory
 | returncode=1 king/masive_als_tdp43v4/ligandos/CHEMBL1184905_out.pdbqt
Reading input ... done.


Parse error on line 87 in file ""/kaggle/working/masive_als_tdp43v4/ligandos/CHEMBL1184905.pdbqt"": Unknown or inappropriate tag
No valid ligands in the input directory
",2026-09-05 10:18:25
CHEMBL1184906,TDP43_v2,,,,"error:returncode=1 king/masive_als_tdp43v4/ligandos/CHEMBL1184906_out.pdbqt
Reading input ... done.


Parse error on line 75 in file ""/kaggle/working/masive_als_tdp43v4/ligandos/CHEMBL1184906.pdbqt"": Unknown or inappropriate tag
No valid ligands in the input directory
 | returncode=1 king/masive_als_tdp43v4/ligandos/CHEMBL1184906_out.pdbqt
Reading input ... done.


Parse error on line 75 in file ""/kaggle/working/masive_als_tdp43v4/ligandos/CHEMBL1184906.pdbqt"": Unknown or inappropriate tag
No valid ligands in the input directory
 | returncode=1 king/masive_als_tdp43v4/ligandos/CHEMBL1184906_out.pdbqt
Reading input ... done.


Parse error on line 75 in file ""/kaggle/working/masive_als_tdp43v4/ligandos/CHEMBL1184906.pdbqt"": Unknown or inappropriate tag
No valid ligands in the input directory
",2026-09-05 10:18:25
CHEMBL1184911,TDP43_v2,,,,"error:returncode=1 king/masive_als_tdp43v4/ligandos/CHEMBL1184911_out.pdbqt
Reading input ... done.


Parse error on line 69 in file ""/kaggle/working/masive_als_tdp43v4/ligandos/CHEMBL1184911.pdbqt"": Unknown or inappropriate tag
No valid ligands in the input directory
 | returncode=1 king/masive_als_tdp43v4/ligandos/CHEMBL1184911_out.pdbqt
Reading input ... done.


Parse error on line 69 in file ""/kaggle/working/masive_als_tdp43v4/ligandos/CHEMBL1184911.pdbqt"": Unknown or inappropriate tag
No valid ligands in the input directory
 | returncode=1 king/masive_als_tdp43v4/ligandos/CHEMBL1184911_out.pdbqt
Reading input ... done.


Parse error on line 69 in file ""/kaggle/working/masive_als_tdp43v4/ligandos/CHEMBL1184911.pdbqt"": Unknown or inappropriate tag
No valid ligands in the input directory
",2026-09-05 10:18:25
CHEMBL1184914,TDP43_v2,,,,"error:returncode=1 king/masive_als_tdp43v4/ligandos/CHEMBL1184914_out.pdbqt
Reading input ... done.


Parse error on line 81 in file ""/kaggle/working/masive_als_tdp43v4/ligandos/CHEMBL1184914.pdbqt"": Unknown or inappropriate tag
No valid ligands in the input directory
 | returncode=1 king/masive_als_tdp43v4/ligandos/CHEMBL1184914_out.pdbqt
Reading input ... done.


Parse error on line 81 in file ""/kaggle/working/masive_als_tdp43v4/ligandos/CHEMBL1184914.pdbqt"": Unknown or inappropriate tag
No valid ligands in the input directory
 | returncode=1 king/masive_als_tdp43v4/ligandos/CHEMBL1184914_out.pdbqt
Reading input ... done.


Parse error on line 81 in file ""/kaggle/working/masive_als_tdp43v4/ligandos/CHEMBL1184914.pdbqt"": Unknown or inappropriate tag
No valid ligands in the input directory
",2026-09-05 10:18:25
CHEMBL1184923,TDP43_v2,,,,"error:returncode=1 king/masive_als_tdp43v4/ligandos/CHEMBL1184923_out.pdbqt
Reading input ... done.


Parse error on line 83 in file ""/kaggle/working/masive_als_tdp43v4/ligandos/CHEMBL1184923.pdbqt"": Unknown or inappropriate tag
No valid ligands in the input directory
 | returncode=1 king/masive_als_tdp43v4/ligandos/CHEMBL1184923_out.pdbqt
Reading input ... done.


Parse error on line 83 in file ""/kaggle/working/masive_als_tdp43v4/ligandos/CHEMBL1184923.pdbqt"": Unknown or inappropriate tag
No valid ligands in the input directory
 | returncode=1 king/masive_als_tdp43v4/ligandos/CHEMBL1184923_out.pdbqt
Reading input ... done.


Parse error on line 83 in file ""/kaggle/working/masive_als_tdp43v4/ligandos/CHEMBL1184923.pdbqt"": Unknown or inappropriate tag
No valid ligands in the input directory
",2026-09-05 10:18:25
CHEMBL1184931,TDP43_v2,,,,"error:returncode=1 king/masive_als_tdp43v4/ligandos/CHEMBL1184931_out.pdbqt
Reading input ... done.


Parse error on line 74 in file ""/kaggle/working/masive_als_tdp43v4/ligandos/CHEMBL1184931.pdbqt"": Unknown or inappropriate tag
No valid ligands in the input directory
 | returncode=1 king/masive_als_tdp43v4/ligandos/CHEMBL1184931_out.pdbqt
Reading input ... done.


Parse error on line 74 in file ""/kaggle/working/masive_als_tdp43v4/ligandos/CHEMBL1184931.pdbqt"": Unknown or inappropriate tag
No valid ligands in the input directory
 | returncode=1 king/masive_als_tdp43v4/ligandos/CHEMBL1184931_out.pdbqt
Reading input ... done.


Parse error on line 74 in file ""/kaggle/working/masive_als_tdp43v4/ligandos/CHEMBL1184931.pdbqt"": Unknown or inappropriate tag
No valid ligands in the input directory
",2026-09-05 10:18:25
CHEMBL1184946,TDP43_v2,,,,"error:returncode=1 king/masive_als_tdp43v4/ligandos/CHEMBL1184946_out.pdbqt
Reading input ... done.


Parse error on line 74 in file ""/kaggle/working/masive_als_tdp43v4/ligandos/CHEMBL1184946.pdbqt"": Unknown or inappropriate tag
No valid ligands in the input directory
 | returncode=1 king/masive_als_tdp43v4/ligandos/CHEMBL1184946_out.pdbqt
Reading input ... done.


Parse error on line 74 in file ""/kaggle/working/masive_als_tdp43v4/ligandos/CHEMBL1184946.pdbqt"": Unknown or inappropriate tag
No valid ligands in the input directory
 | returncode=1 king/masive_als_tdp43v4/ligandos/CHEMBL1184946_out.pdbqt
Reading input ... done.


Parse error on line 74 in file ""/kaggle/working/masive_als_tdp43v4/ligandos/CHEMBL1184946.pdbqt"": Unknown or inappropriate tag
No valid ligands in the input directory
",2026-09-05 10:18:26
CHEMBL1184956,TDP43_v2,,,,"error:returncode=1 king/masive_als_tdp43v4/ligandos/CHEMBL1184956_out.pdbqt
Reading input ... done.


Parse error on line 56 in file ""/kaggle/working/masive_als_tdp43v4/ligandos/CHEMBL1184956.pdbqt"": Unknown or inappropriate tag
No valid ligands in the input directory
 | returncode=1 king/masive_als_tdp43v4/ligandos/CHEMBL1184956_out.pdbqt
Reading input ... done.


Parse error on line 56 in file ""/kaggle/working/masive_als_tdp43v4/ligandos/CHEMBL1184956.pdbqt"": Unknown or inappropriate tag
No valid ligands in the input directory
 | returncode=1 king/masive_als_tdp43v4/ligandos/CHEMBL1184956_out.pdbqt
Reading input ... done.


Parse error on line 56 in file ""/kaggle/working/masive_als_tdp43v4/ligandos/CHEMBL1184956.pdbqt"": Unknown or inappropriate tag
No valid ligands in the input directory
",2026-09-05 10:18:26
CHEMBL1184964,TDP43_v2,,,,"error:returncode=1 king/masive_als_tdp43v4/ligandos/CHEMBL1184964_out.pdbqt
Reading input ... done.


Parse error on line 73 in file ""/kaggle/working/masive_als_tdp43v4/ligandos/CHEMBL1184964.pdbqt"": Unknown or inappropriate tag
No valid ligands in the input directory
 | returncode=1 king/masive_als_tdp43v4/ligandos/CHEMBL1184964_out.pdbqt
Reading input ... done.


Parse error on line 73 in file ""/kaggle/working/masive_als_tdp43v4/ligandos/CHEMBL1184964.pdbqt"": Unknown or inappropriate tag
No valid ligands in the input directory
 | returncode=1 king/masive_als_tdp43v4/ligandos/CHEMBL1184964_out.pdbqt
Reading input ... done.


Parse error on line 73 in file ""/kaggle/working/masive_als_tdp43v4/ligandos/CHEMBL1184964.pdbqt"": Unknown or inappropriate tag
No valid ligands in the input directory
",2026-09-05 10:18:26
CHEMBL1184967,TDP43_v2,,,,"error:returncode=1 king/masive_als_tdp43v4/ligandos/CHEMBL1184967_out.pdbqt
Reading input ... done.


Parse error on line 68 in file ""/kaggle/working/masive_als_tdp43v4/ligandos/CHEMBL1184967.pdbqt"": Unknown or inappropriate tag
No valid ligands in the input directory
 | returncode=1 king/masive_als_tdp43v4/ligandos/CHEMBL1184967_out.pdbqt
Reading input ... done.


Parse error on line 68 in file ""/kaggle/working/masive_als_tdp43v4/ligandos/CHEMBL1184967.pdbqt"": Unknown or inappropriate tag
No valid ligands in the input directory
 | returncode=1 king/masive_als_tdp43v4/ligandos/CHEMBL1184967_out.pdbqt
Reading input ... done.


Parse error on line 68 in file ""/kaggle/working/masive_als_tdp43v4/ligandos/CHEMBL1184967.pdbqt"": Unknown or inappropriate tag
No valid ligands in the input directory
",2026-09-05 10:18:26
CHEMBL1184968,TDP43_v2,,,,"error:returncode=1 king/masive_als_tdp43v4/ligandos/CHEMBL1184968_out.pdbqt
Reading input ... done.


Parse error on line 86 in file ""/kaggle/working/masive_als_tdp43v4/ligandos/CHEMBL1184968.pdbqt"": Unknown or inappropriate tag
No valid ligands in the input directory
 | returncode=1 king/masive_als_tdp43v4/ligandos/CHEMBL1184968_out.pdbqt
Reading input ... done.


Parse error on line 86 in file ""/kaggle/working/masive_als_tdp43v4/ligandos/CHEMBL1184968.pdbqt"": Unknown or inappropriate tag
No valid ligands in the input directory
 | returncode=1 king/masive_als_tdp43v4/ligandos/CHEMBL1184968_out.pdbqt
Reading input ... done.


Parse error on line 86 in file ""/kaggle/working/masive_als_tdp43v4/ligandos/CHEMBL1184968.pdbqt"": Unknown or inappropriate tag
No valid ligands in the input directory
",2026-09-05 10:18:26
CHEMBL1184969,TDP43_v2,,,,"error:returncode=1 king/masive_als_tdp43v4/ligandos/CHEMBL1184969_out.pdbqt
Reading input ... done.


Parse error on line 49 in file ""/kaggle/working/masive_als_tdp43v4/ligandos/CHEMBL1184969.pdbqt"": Unknown or inappropriate tag
No valid ligands in the input directory
 | returncode=1 king/masive_als_tdp43v4/ligandos/CHEMBL1184969_out.pdbqt
Reading input ... done.


Parse error on line 49 in file ""/kaggle/working/masive_als_tdp43v4/ligandos/CHEMBL1184969.pdbqt"": Unknown or inappropriate tag
No valid ligands in the input directory
 | returncode=1 king/masive_als_tdp43v4/ligandos/CHEMBL1184969_out.pdbqt
Reading input ... done.


Parse error on line 49 in file ""/kaggle/working/masive_als_tdp43v4/ligandos/CHEMBL1184969.pdbqt"": Unknown or inappropriate tag
No valid ligands in the input directory
",2026-09-05 10:18:26
CHEMBL118497,TDP43_v2,-5.8,42,-5.8000;-5.5000;-5.8000,ok,2026-09-05 10:18:50
CHEMBL1184975,TDP43_v2,,,,"error:returncode=1 king/masive_als_tdp43v4/ligandos/CHEMBL1184975_out.pdbqt
Reading input ... done.


Parse error on line 73 in file ""/kaggle/working/masive_als_tdp43v4/ligandos/CHEMBL1184975.pdbqt"": Unknown or inappropriate tag
No valid ligands in the input directory
 | returncode=1 king/masive_als_tdp43v4/ligandos/CHEMBL1184975_out.pdbqt
Reading input ... done.


Parse error on line 73 in file ""/kaggle/working/masive_als_tdp43v4/ligandos/CHEMBL1184975.pdbqt"": Unknown or inappropriate tag
No valid ligands in the input directory
 | returncode=1 king/masive_als_tdp43v4/ligandos/CHEMBL1184975_out.pdbqt
Reading input ... done.


Parse error on line 73 in file ""/kaggle/working/masive_als_tdp43v4/ligandos/CHEMBL1184975.pdbqt"": Unknown or inappropriate tag
No valid ligands in the input directory
",2026-09-05 10:18:50
CHEMBL1184981,TDP43_v2,,,,"error:returncode=1 ing/masive_als_tdp43v4/ligandos/CHEMBL1184981_out.pdbqt
Reading input ... done.


Parse error on line 106 in file ""/kaggle/working/masive_als_tdp43v4/ligandos/CHEMBL1184981.pdbqt"": Unknown or inappropriate tag
No valid ligands in the input directory
 | returncode=1 ing/masive_als_tdp43v4/ligandos/CHEMBL1184981_out.pdbqt
Reading input ... done.


Parse error on line 106 in file ""/kaggle/working/masive_als_tdp43v4/ligandos/CHEMBL1184981.pdbqt"": Unknown or inappropriate tag
No valid ligands in the input directory
 | returncode=1 ing/masive_als_tdp43v4/ligandos/CHEMBL1184981_out.pdbqt
Reading input ... done.


Parse error on line 106 in file ""/kaggle/working/masive_als_tdp43v4/ligandos/CHEMBL1184981.pdbqt"": Unknown or inappropriate tag
No valid ligands in the input directory
",2026-09-05 10:18:50
CHEMBL1184987,TDP43_v2,,,,"error:returncode=1 king/masive_als_tdp43v4/ligandos/CHEMBL1184987_out.pdbqt
Reading input ... done.


Parse error on line 71 in file ""/kaggle/working/masive_als_tdp43v4/ligandos/CHEMBL1184987.pdbqt"": Unknown or inappropriate tag
No valid ligands in the input directory
 | returncode=1 king/masive_als_tdp43v4/ligandos/CHEMBL1184987_out.pdbqt
Reading input ... done.


Parse error on line 71 in file ""/kaggle/working/masive_als_tdp43v4/ligandos/CHEMBL1184987.pdbqt"": Unknown or inappropriate tag
No valid ligands in the input directory
 | returncode=1 king/masive_als_tdp43v4/ligandos/CHEMBL1184987_out.pdbqt
Reading input ... done.


Parse error on line 71 in file ""/kaggle/working/masive_als_tdp43v4/ligandos/CHEMBL1184987.pdbqt"": Unknown or inappropriate tag
No valid ligands in the input directory
",2026-09-05 10:18:50
CHEMBL1184989,TDP43_v2,,,,"error:returncode=1 king/masive_als_tdp43v4/ligandos/CHEMBL1184989_out.pdbqt
Reading input ... done.


Parse error on line 75 in file ""/kaggle/working/masive_als_tdp43v4/ligandos/CHEMBL1184989.pdbqt"": Unknown or inappropriate tag
No valid ligands in the input directory
 | returncode=1 king/masive_als_tdp43v4/ligandos/CHEMBL1184989_out.pdbqt
Reading input ... done.


Parse error on line 75 in file ""/kaggle/working/masive_als_tdp43v4/ligandos/CHEMBL1184989.pdbqt"": Unknown or inappropriate tag
No valid ligands in the input directory
 | returncode=1 king/masive_als_tdp43v4/ligandos/CHEMBL1184989_out.pdbqt
Reading input ... done.


Parse error on line 75 in file ""/kaggle/working/masive_als_tdp43v4/ligandos/CHEMBL1184989.pdbqt"": Unknown or inappropriate tag
No valid ligands in the input directory
",2026-09-05 10:18:50
CHEMBL1184991,TDP43_v2,,,,"error:returncode=1 king/masive_als_tdp43v4/ligandos/CHEMBL1184991_out.pdbqt
Reading input ... done.


Parse error on line 76 in file ""/kaggle/working/masive_als_tdp43v4/ligandos/CHEMBL1184991.pdbqt"": Unknown or inappropriate tag
No valid ligands in the input directory
 | returncode=1 king/masive_als_tdp43v4/ligandos/CHEMBL1184991_out.pdbqt
Reading input ... done.


Parse error on line 76 in file ""/kaggle/working/masive_als_tdp43v4/ligandos/CHEMBL1184991.pdbqt"": Unknown or inappropriate tag
No valid ligands in the input directory
 | returncode=1 king/masive_als_tdp43v4/ligandos/CHEMBL1184991_out.pdbqt
Reading input ... done.


Parse error on line 76 in file ""/kaggle/working/masive_als_tdp43v4/ligandos/CHEMBL1184991.pdbqt"": Unknown or inappropriate tag
No valid ligands in the input directory
",2026-09-05 10:18:50
CHEMBL1184998,TDP43_v2,,,,"error:returncode=1 king/masive_als_tdp43v4/ligandos/CHEMBL1184998_out.pdbqt
Reading input ... done.


Parse error on line 56 in file ""/kaggle/working/masive_als_tdp43v4/ligandos/CHEMBL1184998.pdbqt"": Unknown or inappropriate tag
No valid ligands in the input directory
 | returncode=1 king/masive_als_tdp43v4/ligandos/CHEMBL1184998_out.pdbqt
Reading input ... done.


Parse error on line 56 in file ""/kaggle/working/masive_als_tdp43v4/ligandos/CHEMBL1184998.pdbqt"": Unknown or inappropriate tag
No valid ligands in the input directory
 | returncode=1 king/masive_als_tdp43v4/ligandos/CHEMBL1184998_out.pdbqt
Reading input ... done.


Parse error on line 56 in file ""/kaggle/working/masive_als_tdp43v4/ligandos/CHEMBL1184998.pdbqt"": Unknown or inappropriate tag
No valid ligands in the input directory
",2026-09-05 10:18:50
CHEMBL1185002,TDP43_v2,,,,"error:returncode=1 king/masive_als_tdp43v4/ligandos/CHEMBL1185002_out.pdbqt
Reading input ... done.


Parse error on line 96 in file ""/kaggle/working/masive_als_tdp43v4/ligandos/CHEMBL1185002.pdbqt"": Unknown or inappropriate tag
No valid ligands in the input directory
 | returncode=1 king/masive_als_tdp43v4/ligandos/CHEMBL1185002_out.pdbqt
Reading input ... done.


Parse error on line 96 in file ""/kaggle/working/masive_als_tdp43v4/ligandos/CHEMBL1185002.pdbqt"": Unknown or inappropriate tag
No valid ligands in the input directory
 | returncode=1 king/masive_als_tdp43v4/ligandos/CHEMBL1185002_out.pdbqt
Reading input ... done.


Parse error on line 96 in file ""/kaggle/working/masive_als_tdp43v4/ligandos/CHEMBL1185002.pdbqt"": Unknown or inappropriate tag
No valid ligands in the input directory
",2026-09-05 10:18:50
CHEMBL1185006,TDP43_v2,,,,"error:returncode=1 king/masive_als_tdp43v4/ligandos/CHEMBL1185006_out.pdbqt
Reading input ... done.


Parse error on line 58 in file ""/kaggle/working/masive_als_tdp43v4/ligandos/CHEMBL1185006.pdbqt"": Unknown or inappropriate tag
No valid ligands in the input directory
 | returncode=1 king/masive_als_tdp43v4/ligandos/CHEMBL1185006_out.pdbqt
Reading input ... done.


Parse error on line 58 in file ""/kaggle/working/masive_als_tdp43v4/ligandos/CHEMBL1185006.pdbqt"": Unknown or inappropriate tag
No valid ligands in the input directory
 | returncode=1 king/masive_als_tdp43v4/ligandos/CHEMBL1185006_out.pdbqt
Reading input ... done.


Parse error on line 58 in file ""/kaggle/working/masive_als_tdp43v4/ligandos/CHEMBL1185006.pdbqt"": Unknown or inappropriate tag
No valid ligands in the input directory
",2026-09-05 10:18:50
CHEMBL1185007,TDP43_v2,,,,"error:returncode=1 king/masive_als_tdp43v4/ligandos/CHEMBL1185007_out.pdbqt
Reading input ... done.


Parse error on line 84 in file ""/kaggle/working/masive_als_tdp43v4/ligandos/CHEMBL1185007.pdbqt"": Unknown or inappropriate tag
No valid ligands in the input directory
 | returncode=1 king/masive_als_tdp43v4/ligandos/CHEMBL1185007_out.pdbqt
Reading input ... done.


Parse error on line 84 in file ""/kaggle/working/masive_als_tdp43v4/ligandos/CHEMBL1185007.pdbqt"": Unknown or inappropriate tag
No valid ligands in the input directory
 | returncode=1 king/masive_als_tdp43v4/ligandos/CHEMBL1185007_out.pdbqt
Reading input ... done.


Parse error on line 84 in file ""/kaggle/working/masive_als_tdp43v4/ligandos/CHEMBL1185007.pdbqt"": Unknown or inappropriate tag
No valid ligands in the input directory
",2026-09-05 10:18:51
CHEMBL1185009,TDP43_v2,,,,"error:returncode=1 king/masive_als_tdp43v4/ligandos/CHEMBL1185009_out.pdbqt
Reading input ... done.


Parse error on line 56 in file ""/kaggle/working/masive_als_tdp43v4/ligandos/CHEMBL1185009.pdbqt"": Unknown or inappropriate tag
No valid ligands in the input directory
 | returncode=1 king/masive_als_tdp43v4/ligandos/CHEMBL1185009_out.pdbqt
Reading input ... done.


Parse error on line 56 in file ""/kaggle/working/masive_als_tdp43v4/ligandos/CHEMBL1185009.pdbqt"": Unknown or inappropriate tag
No valid ligands in the input directory
 | returncode=1 king/masive_als_tdp43v4/ligandos/CHEMBL1185009_out.pdbqt
Reading input ... done.


Parse error on line 56 in file ""/kaggle/working/masive_als_tdp43v4/ligandos/CHEMBL1185009.pdbqt"": Unknown or inappropriate tag
No valid ligands in the input directory
",2026-09-05 10:18:51
CHEMBL1185012,TDP43_v2,,,,"error:returncode=1 king/masive_als_tdp43v4/ligandos/CHEMBL1185012_out.pdbqt
Reading input ... done.


Parse error on line 78 in file ""/kaggle/working/masive_als_tdp43v4/ligandos/CHEMBL1185012.pdbqt"": Unknown or inappropriate tag
No valid ligands in the input directory
 | returncode=1 king/masive_als_tdp43v4/ligandos/CHEMBL1185012_out.pdbqt
Reading input ... done.


Parse error on line 78 in file ""/kaggle/working/masive_als_tdp43v4/ligandos/CHEMBL1185012.pdbqt"": Unknown or inappropriate tag
No valid ligands in the input directory
 | returncode=1 king/masive_als_tdp43v4/ligandos/CHEMBL1185012_out.pdbqt
Reading input ... done.


Parse error on line 78 in file ""/kaggle/working/masive_als_tdp43v4/ligandos/CHEMBL1185012.pdbqt"": Unknown or inappropriate tag
No valid ligands in the input directory
",2026-09-05 10:18:51
CHEMBL1185013,TDP43_v2,,,,"error:returncode=1 king/masive_als_tdp43v4/ligandos/CHEMBL1185013_out.pdbqt
Reading input ... done.


Parse error on line 56 in file ""/kaggle/working/masive_als_tdp43v4/ligandos/CHEMBL1185013.pdbqt"": Unknown or inappropriate tag
No valid ligands in the input directory
 | returncode=1 king/masive_als_tdp43v4/ligandos/CHEMBL1185013_out.pdbqt
Reading input ... done.


Parse error on line 56 in file ""/kaggle/working/masive_als_tdp43v4/ligandos/CHEMBL1185013.pdbqt"": Unknown or inappropriate tag
No valid ligands in the input directory
 | returncode=1 king/masive_als_tdp43v4/ligandos/CHEMBL1185013_out.pdbqt
Reading input ... done.


Parse error on line 56 in file ""/kaggle/working/masive_als_tdp43v4/ligandos/CHEMBL1185013.pdbqt"": Unknown or inappropriate tag
No valid ligands in the input directory
",2026-09-05 10:18:51
CHEMBL118504,TDP43_v2,-4.5,42,-4.5000;-4.5000;-4.5000,ok,2026-09-05 10:18:57
CHEMBL1185078,TDP43_v2,,,,"error:returncode=1 ing/masive_als_tdp43v4/ligandos/CHEMBL1185078_out.pdbqt
Reading input ... done.


Parse error on line 172 in file ""/kaggle/working/masive_als_tdp43v4/ligandos/CHEMBL1185078.pdbqt"": Unknown or inappropriate tag
No valid ligands in the input directory
 | returncode=1 ing/masive_als_tdp43v4/ligandos/CHEMBL1185078_out.pdbqt
Reading input ... done.


Parse error on line 172 in file ""/kaggle/working/masive_als_tdp43v4/ligandos/CHEMBL1185078.pdbqt"": Unknown or inappropriate tag
No valid ligands in the input directory
 | returncode=1 ing/masive_als_tdp43v4/ligandos/CHEMBL1185078_out.pdbqt
Reading input ... done.


Parse error on line 172 in file ""/kaggle/working/masive_als_tdp43v4/ligandos/CHEMBL1185078.pdbqt"": Unknown or inappropriate tag
No valid ligands in the input directory
",2026-09-05 10:18:57
CHEMBL118508,TDP43_v2,-5.7,777,-5.4000;-4.7000;-5.7000,ok,2026-09-05 10:19:15
CHEMBL1185183,TDP43_v2,,,,"error:returncode=1 king/masive_als_tdp43v4/ligandos/CHEMBL1185183_out.pdbqt
Reading input ... done.


Parse error on line 82 in file ""/kaggle/working/masive_als_tdp43v4/ligandos/CHEMBL1185183.pdbqt"": Unknown or inappropriate tag
No valid ligands in the input directory
 | returncode=1 king/masive_als_tdp43v4/ligandos/CHEMBL1185183_out.pdbqt
Reading input ... done.


Parse error on line 82 in file ""/kaggle/working/masive_als_tdp43v4/ligandos/CHEMBL1185183.pdbqt"": Unknown or inappropriate tag
No valid ligands in the input directory
 | returncode=1 king/masive_als_tdp43v4/ligandos/CHEMBL1185183_out.pdbqt
Reading input ... done.


Parse error on line 82 in file ""/kaggle/working/masive_als_tdp43v4/ligandos/CHEMBL1185183.pdbqt"": Unknown or inappropriate tag
No valid ligands in the input directory
",2026-09-05 10:19:15
CHEMBL1185415,TDP43_v2,,,,"error:returncode=1 king/masive_als_tdp43v4/ligandos/CHEMBL1185415_out.pdbqt
Reading input ... done.


Parse error on line 50 in file ""/kaggle/working/masive_als_tdp43v4/ligandos/CHEMBL1185415.pdbqt"": Unknown or inappropriate tag
No valid ligands in the input directory
 | returncode=1 king/masive_als_tdp43v4/ligandos/CHEMBL1185415_out.pdbqt
Reading input ... done.


Parse error on line 50 in file ""/kaggle/working/masive_als_tdp43v4/ligandos/CHEMBL1185415.pdbqt"": Unknown or inappropriate tag
No valid ligands in the input directory
 | returncode=1 king/masive_als_tdp43v4/ligandos/CHEMBL1185415_out.pdbqt
Reading input ... done.


Parse error on line 50 in file ""/kaggle/working/masive_als_tdp43v4/ligandos/CHEMBL1185415.pdbqt"": Unknown or inappropriate tag
No valid ligands in the input directory
",2026-09-05 10:19:15
CHEMBL1185431,TDP43_v2,-5.9,2026,-5.1000;-5.9000;-5.8000,ok,2026-09-05 10:21:13
CHEMBL1185449,TDP43_v2,,,,"error:returncode=1 king/masive_als_tdp43v4/ligandos/CHEMBL1185449_out.pdbqt
Reading input ... done.


Parse error on line 96 in file ""/kaggle/working/masive_als_tdp43v4/ligandos/CHEMBL1185449.pdbqt"": Unknown or inappropriate tag
No valid ligands in the input directory
 | returncode=1 king/masive_als_tdp43v4/ligandos/CHEMBL1185449_out.pdbqt
Reading input ... done.


Parse error on line 96 in file ""/kaggle/working/masive_als_tdp43v4/ligandos/CHEMBL1185449.pdbqt"": Unknown or inappropriate tag
No valid ligands in the input directory
 | returncode=1 king/masive_als_tdp43v4/ligandos/CHEMBL1185449_out.pdbqt
Reading input ... done.


Parse error on line 96 in file ""/kaggle/working/masive_als_tdp43v4/ligandos/CHEMBL1185449.pdbqt"": Unknown or inappropriate tag
No valid ligands in the input directory
",2026-09-05 10:21:13
CHEMBL11855,TDP43_v2,-4.8,42,-4.8000;-4.8000;-4.7000,ok,2026-09-05 10:21:19
CHEMBL1185556,TDP43_v2,,,,"error:returncode=1 king/masive_als_tdp43v4/ligandos/CHEMBL1185556_out.pdbqt
Reading input ... done.


Parse error on line 90 in file ""/kaggle/working/masive_als_tdp43v4/ligandos/CHEMBL1185556.pdbqt"": Unknown or inappropriate tag
No valid ligands in the input directory
 | returncode=1 king/masive_als_tdp43v4/ligandos/CHEMBL1185556_out.pdbqt
Reading input ... done.


Parse error on line 90 in file ""/kaggle/working/masive_als_tdp43v4/ligandos/CHEMBL1185556.pdbqt"": Unknown or inappropriate tag
No valid ligands in the input directory
 | returncode=1 king/masive_als_tdp43v4/ligandos/CHEMBL1185556_out.pdbqt
Reading input ... done.


Parse error on line 90 in file ""/kaggle/working/masive_als_tdp43v4/ligandos/CHEMBL1185556.pdbqt"": Unknown or inappropriate tag
No valid ligands in the input directory
",2026-09-05 10:21:19
CHEMBL1185613,TDP43_v2,,,,"error:returncode=1 king/masive_als_tdp43v4/ligandos/CHEMBL1185613_out.pdbqt
Reading input ... done.


Parse error on line 98 in file ""/kaggle/working/masive_als_tdp43v4/ligandos/CHEMBL1185613.pdbqt"": Unknown or inappropriate tag
No valid ligands in the input directory
 | returncode=1 king/masive_als_tdp43v4/ligandos/CHEMBL1185613_out.pdbqt
Reading input ... done.


Parse error on line 98 in file ""/kaggle/working/masive_als_tdp43v4/ligandos/CHEMBL1185613.pdbqt"": Unknown or inappropriate tag
No valid ligands in the input directory
 | returncode=1 king/masive_als_tdp43v4/ligandos/CHEMBL1185613_out.pdbqt
Reading input ... done.


Parse error on line 98 in file ""/kaggle/working/masive_als_tdp43v4/ligandos/CHEMBL1185613.pdbqt"": Unknown or inappropriate tag
No valid ligands in the input directory
",2026-09-05 10:21:19
CHEMBL1185642,TDP43_v2,,,,"error:returncode=1 king/masive_als_tdp43v4/ligandos/CHEMBL1185642_out.pdbqt
Reading input ... done.


Parse error on line 96 in file ""/kaggle/working/masive_als_tdp43v4/ligandos/CHEMBL1185642.pdbqt"": Unknown or inappropriate tag
No valid ligands in the input directory
 | returncode=1 king/masive_als_tdp43v4/ligandos/CHEMBL1185642_out.pdbqt
Reading input ... done.


Parse error on line 96 in file ""/kaggle/working/masive_als_tdp43v4/ligandos/CHEMBL1185642.pdbqt"": Unknown or inappropriate tag
No valid ligands in the input directory
 | returncode=1 king/masive_als_tdp43v4/ligandos/CHEMBL1185642_out.pdbqt
Reading input ... done.


Parse error on line 96 in file ""/kaggle/working/masive_als_tdp43v4/ligandos/CHEMBL1185642.pdbqt"": Unknown or inappropriate tag
No valid ligands in the input directory
",2026-09-05 10:21:19
CHEMBL1185659,TDP43_v2,,,,"error:returncode=1 king/masive_als_tdp43v4/ligandos/CHEMBL1185659_out.pdbqt
Reading input ... done.


Parse error on line 71 in file ""/kaggle/working/masive_als_tdp43v4/ligandos/CHEMBL1185659.pdbqt"": Unknown or inappropriate tag
No valid ligands in the input directory
 | returncode=1 king/masive_als_tdp43v4/ligandos/CHEMBL1185659_out.pdbqt
Reading input ... done.


Parse error on line 71 in file ""/kaggle/working/masive_als_tdp43v4/ligandos/CHEMBL1185659.pdbqt"": Unknown or inappropriate tag
No valid ligands in the input directory
 | returncode=1 king/masive_als_tdp43v4/ligandos/CHEMBL1185659_out.pdbqt
Reading input ... done.


Parse error on line 71 in file ""/kaggle/working/masive_als_tdp43v4/ligandos/CHEMBL1185659.pdbqt"": Unknown or inappropriate tag
No valid ligands in the input directory
",2026-09-05 10:21:19
CHEMBL1185668,TDP43_v2,,,,"error:returncode=1 king/masive_als_tdp43v4/ligandos/CHEMBL1185668_out.pdbqt
Reading input ... done.


Parse error on line 76 in file ""/kaggle/working/masive_als_tdp43v4/ligandos/CHEMBL1185668.pdbqt"": Unknown or inappropriate tag
No valid ligands in the input directory
 | returncode=1 king/masive_als_tdp43v4/ligandos/CHEMBL1185668_out.pdbqt
Reading input ... done.


Parse error on line 76 in file ""/kaggle/working/masive_als_tdp43v4/ligandos/CHEMBL1185668.pdbqt"": Unknown or inappropriate tag
No valid ligands in the input directory
 | returncode=1 king/masive_als_tdp43v4/ligandos/CHEMBL1185668_out.pdbqt
Reading input ... done.


Parse error on line 76 in file ""/kaggle/working/masive_als_tdp43v4/ligandos/CHEMBL1185668.pdbqt"": Unknown or inappropriate tag
No valid ligands in the input directory
",2026-09-05 10:21:19
CHEMBL1185703,TDP43_v2,-5.5,2026,-5.4000;-5.5000;-5.3000,ok,2026-09-05 10:21:26
CHEMBL1185740,TDP43_v2,,,,"error:returncode=1 king/masive_als_tdp43v4/ligandos/CHEMBL1185740_out.pdbqt
Reading input ... done.


Parse error on line 39 in file ""/kaggle/working/masive_als_tdp43v4/ligandos/CHEMBL1185740.pdbqt"": Unknown or inappropriate tag
No valid ligands in the input directory
 | returncode=1 king/masive_als_tdp43v4/ligandos/CHEMBL1185740_out.pdbqt
Reading input ... done.


Parse error on line 39 in file ""/kaggle/working/masive_als_tdp43v4/ligandos/CHEMBL1185740.pdbqt"": Unknown or inappropriate tag
No valid ligands in the input directory
 | returncode=1 king/masive_als_tdp43v4/ligandos/CHEMBL1185740_out.pdbqt
Reading input ... done.


Parse error on line 39 in file ""/kaggle/working/masive_als_tdp43v4/ligandos/CHEMBL1185740.pdbqt"": Unknown or inappropriate tag
No valid ligands in the input directory
",2026-09-05 10:21:26
CHEMBL1185868,TDP43_v2,,,,"error:returncode=1 king/masive_als_tdp43v4/ligandos/CHEMBL1185868_out.pdbqt
Reading input ... done.


Parse error on line 73 in file ""/kaggle/working/masive_als_tdp43v4/ligandos/CHEMBL1185868.pdbqt"": Unknown or inappropriate tag
No valid ligands in the input directory
 | returncode=1 king/masive_als_tdp43v4/ligandos/CHEMBL1185868_out.pdbqt
Reading input ... done.


Parse error on line 73 in file ""/kaggle/working/masive_als_tdp43v4/ligandos/CHEMBL1185868.pdbqt"": Unknown or inappropriate tag
No valid ligands in the input directory
 | returncode=1 king/masive_als_tdp43v4/ligandos/CHEMBL1185868_out.pdbqt
Reading input ... done.


Parse error on line 73 in file ""/kaggle/working/masive_als_tdp43v4/ligandos/CHEMBL1185868.pdbqt"": Unknown or inappropriate tag
No valid ligands in the input directory
",2026-09-05 10:21:26
CHEMBL1185919,TDP43_v2,,,,"error:returncode=1 king/masive_als_tdp43v4/ligandos/CHEMBL1185919_out.pdbqt
Reading input ... done.


Parse error on line 74 in file ""/kaggle/working/masive_als_tdp43v4/ligandos/CHEMBL1185919.pdbqt"": Unknown or inappropriate tag
No valid ligands in the input directory
 | returncode=1 king/masive_als_tdp43v4/ligandos/CHEMBL1185919_out.pdbqt
Reading input ... done.


Parse error on line 74 in file ""/kaggle/working/masive_als_tdp43v4/ligandos/CHEMBL1185919.pdbqt"": Unknown or inappropriate tag
No valid ligands in the input directory
 | returncode=1 king/masive_als_tdp43v4/ligandos/CHEMBL1185919_out.pdbqt
Reading input ... done.


Parse error on line 74 in file ""/kaggle/working/masive_als_tdp43v4/ligandos/CHEMBL1185919.pdbqt"": Unknown or inappropriate tag
No valid ligands in the input directory
",2026-09-05 10:21:26
CHEMBL1185924,TDP43_v2,,,,"error:returncode=1 king/masive_als_tdp43v4/ligandos/CHEMBL1185924_out.pdbqt
Reading input ... done.


Parse error on line 68 in file ""/kaggle/working/masive_als_tdp43v4/ligandos/CHEMBL1185924.pdbqt"": Unknown or inappropriate tag
No valid ligands in the input directory
 | returncode=1 king/masive_als_tdp43v4/ligandos/CHEMBL1185924_out.pdbqt
Reading input ... done.


Parse error on line 68 in file ""/kaggle/working/masive_als_tdp43v4/ligandos/CHEMBL1185924.pdbqt"": Unknown or inappropriate tag
No valid ligands in the input directory
 | returncode=1 king/masive_als_tdp43v4/ligandos/CHEMBL1185924_out.pdbqt
Reading input ... done.


Parse error on line 68 in file ""/kaggle/working/masive_als_tdp43v4/ligandos/CHEMBL1185924.pdbqt"": Unknown or inappropriate tag
No valid ligands in the input directory
",2026-09-05 10:21:26
CHEMBL1185928,TDP43_v2,,,,"error:returncode=1 king/masive_als_tdp43v4/ligandos/CHEMBL1185928_out.pdbqt
Reading input ... done.


Parse error on line 99 in file ""/kaggle/working/masive_als_tdp43v4/ligandos/CHEMBL1185928.pdbqt"": Unknown or inappropriate tag
No valid ligands in the input directory
 | returncode=1 king/masive_als_tdp43v4/ligandos/CHEMBL1185928_out.pdbqt
Reading input ... done.


Parse error on line 99 in file ""/kaggle/working/masive_als_tdp43v4/ligandos/CHEMBL1185928.pdbqt"": Unknown or inappropriate tag
No valid ligands in the input directory
 | returncode=1 king/masive_als_tdp43v4/ligandos/CHEMBL1185928_out.pdbqt
Reading input ... done.


Parse error on line 99 in file ""/kaggle/working/masive_als_tdp43v4/ligandos/CHEMBL1185928.pdbqt"": Unknown or inappropriate tag
No valid ligands in the input directory
",2026-09-05 10:21:26
CHEMBL1185990,TDP43_v2,,,,"error:returncode=1 king/masive_als_tdp43v4/ligandos/CHEMBL1185990_out.pdbqt
Reading input ... done.


Parse error on line 96 in file ""/kaggle/working/masive_als_tdp43v4/ligandos/CHEMBL1185990.pdbqt"": Unknown or inappropriate tag
No valid ligands in the input directory
 | returncode=1 king/masive_als_tdp43v4/ligandos/CHEMBL1185990_out.pdbqt
Reading input ... done.


Parse error on line 96 in file ""/kaggle/working/masive_als_tdp43v4/ligandos/CHEMBL1185990.pdbqt"": Unknown or inappropriate tag
No valid ligands in the input directory
 | returncode=1 king/masive_als_tdp43v4/ligandos/CHEMBL1185990_out.pdbqt
Reading input ... done.


Parse error on line 96 in file ""/kaggle/working/masive_als_tdp43v4/ligandos/CHEMBL1185990.pdbqt"": Unknown or inappropriate tag
No valid ligands in the input directory
",2026-09-05 10:21:26
CHEMBL1186,TDP43_v2,-5.3,777,-5.2000;-5.1000;-5.3000,ok,2026-09-05 10:21:32
CHEMBL11860,TDP43_v2,-4.0,42,-4.0000;-4.0000;-4.0000,ok,2026-09-05 10:21:38
CHEMBL1186058,TDP43_v2,,,,"error:returncode=1 king/masive_als_tdp43v4/ligandos/CHEMBL1186058_out.pdbqt
Reading input ... done.


Parse error on line 90 in file ""/kaggle/working/masive_als_tdp43v4/ligandos/CHEMBL1186058.pdbqt"": Unknown or inappropriate tag
No valid ligands in the input directory
 | returncode=1 king/masive_als_tdp43v4/ligandos/CHEMBL1186058_out.pdbqt
Reading input ... done.


Parse error on line 90 in file ""/kaggle/working/masive_als_tdp43v4/ligandos/CHEMBL1186058.pdbqt"": Unknown or inappropriate tag
No valid ligands in the input directory
 | returncode=1 king/masive_als_tdp43v4/ligandos/CHEMBL1186058_out.pdbqt
Reading input ... done.


Parse error on line 90 in file ""/kaggle/working/masive_als_tdp43v4/ligandos/CHEMBL1186058.pdbqt"": Unknown or inappropriate tag
No valid ligands in the input directory
",2026-09-05 10:21:38
CHEMBL1186102,TDP43_v2,,,,"error:returncode=1 king/masive_als_tdp43v4/ligandos/CHEMBL1186102_out.pdbqt
Reading input ... done.


Parse error on line 94 in file ""/kaggle/working/masive_als_tdp43v4/ligandos/CHEMBL1186102.pdbqt"": Unknown or inappropriate tag
No valid ligands in the input directory
 | returncode=1 king/masive_als_tdp43v4/ligandos/CHEMBL1186102_out.pdbqt
Reading input ... done.


Parse error on line 94 in file ""/kaggle/working/masive_als_tdp43v4/ligandos/CHEMBL1186102.pdbqt"": Unknown or inappropriate tag
No valid ligands in the input directory
 | returncode=1 king/masive_als_tdp43v4/ligandos/CHEMBL1186102_out.pdbqt
Reading input ... done.


Parse error on line 94 in file ""/kaggle/working/masive_als_tdp43v4/ligandos/CHEMBL1186102.pdbqt"": Unknown or inappropriate tag
No valid ligands in the input directory
",2026-09-05 10:21:38
CHEMBL11862,TDP43_v2,-5.6,42,-5.6000;-5.6000;-5.6000,ok,2026-09-05 10:21:45
CHEMBL1186247,TDP43_v2,,,,"error:returncode=1 king/masive_als_tdp43v4/ligandos/CHEMBL1186247_out.pdbqt
Reading input ... done.


Parse error on line 62 in file ""/kaggle/working/masive_als_tdp43v4/ligandos/CHEMBL1186247.pdbqt"": Unknown or inappropriate tag
No valid ligands in the input directory
 | returncode=1 king/masive_als_tdp43v4/ligandos/CHEMBL1186247_out.pdbqt
Reading input ... done.


Parse error on line 62 in file ""/kaggle/working/masive_als_tdp43v4/ligandos/CHEMBL1186247.pdbqt"": Unknown or inappropriate tag
No valid ligands in the input directory
 | returncode=1 king/masive_als_tdp43v4/ligandos/CHEMBL1186247_out.pdbqt
Reading input ... done.


Parse error on line 62 in file ""/kaggle/working/masive_als_tdp43v4/ligandos/CHEMBL1186247.pdbqt"": Unknown or inappropriate tag
No valid ligands in the input directory
",2026-09-05 10:21:45
CHEMBL1186295,TDP43_v2,,,,"error:returncode=1 king/masive_als_tdp43v4/ligandos/CHEMBL1186295_out.pdbqt
Reading input ... done.


Parse error on line 58 in file ""/kaggle/working/masive_als_tdp43v4/ligandos/CHEMBL1186295.pdbqt"": Unknown or inappropriate tag
No valid ligands in the input directory
 | returncode=1 king/masive_als_tdp43v4/ligandos/CHEMBL1186295_out.pdbqt
Reading input ... done.


Parse error on line 58 in file ""/kaggle/working/masive_als_tdp43v4/ligandos/CHEMBL1186295.pdbqt"": Unknown or inappropriate tag
No valid ligands in the input directory
 | returncode=1 king/masive_als_tdp43v4/ligandos/CHEMBL1186295_out.pdbqt
Reading input ... done.


Parse error on line 58 in file ""/kaggle/working/masive_als_tdp43v4/ligandos/CHEMBL1186295.pdbqt"": Unknown or inappropriate tag
No valid ligands in the input directory
",2026-09-05 10:21:45
CHEMBL1186304,TDP43_v2,,,,"error:returncode=1 king/masive_als_tdp43v4/ligandos/CHEMBL1186304_out.pdbqt
Reading input ... done.


Parse error on line 61 in file ""/kaggle/working/masive_als_tdp43v4/ligandos/CHEMBL1186304.pdbqt"": Unknown or inappropriate tag
No valid ligands in the input directory
 | returncode=1 king/masive_als_tdp43v4/ligandos/CHEMBL1186304_out.pdbqt
Reading input ... done.


Parse error on line 61 in file ""/kaggle/working/masive_als_tdp43v4/ligandos/CHEMBL1186304.pdbqt"": Unknown or inappropriate tag
No valid ligands in the input directory
 | returncode=1 king/masive_als_tdp43v4/ligandos/CHEMBL1186304_out.pdbqt
Reading input ... done.


Parse error on line 61 in file ""/kaggle/working/masive_als_tdp43v4/ligandos/CHEMBL1186304.pdbqt"": Unknown or inappropriate tag
No valid ligands in the input directory
",2026-09-05 10:21:45
CHEMBL1186306,TDP43_v2,,,,"error:returncode=1 king/masive_als_tdp43v4/ligandos/CHEMBL1186306_out.pdbqt
Reading input ... done.


Parse error on line 85 in file ""/kaggle/working/masive_als_tdp43v4/ligandos/CHEMBL1186306.pdbqt"": Unknown or inappropriate tag
No valid ligands in the input directory
 | returncode=1 king/masive_als_tdp43v4/ligandos/CHEMBL1186306_out.pdbqt
Reading input ... done.


Parse error on line 85 in file ""/kaggle/working/masive_als_tdp43v4/ligandos/CHEMBL1186306.pdbqt"": Unknown or inappropriate tag
No valid ligands in the input directory
 | returncode=1 king/masive_als_tdp43v4/ligandos/CHEMBL1186306_out.pdbqt
Reading input ... done.


Parse error on line 85 in file ""/kaggle/working/masive_als_tdp43v4/ligandos/CHEMBL1186306.pdbqt"": Unknown or inappropriate tag
No valid ligands in the input directory
",2026-09-05 10:21:45
CHEMBL1186311,TDP43_v2,,,,"error:returncode=1 king/masive_als_tdp43v4/ligandos/CHEMBL1186311_out.pdbqt
Reading input ... done.


Parse error on line 53 in file ""/kaggle/working/masive_als_tdp43v4/ligandos/CHEMBL1186311.pdbqt"": Unknown or inappropriate tag
No valid ligands in the input directory
 | returncode=1 king/masive_als_tdp43v4/ligandos/CHEMBL1186311_out.pdbqt
Reading input ... done.


Parse error on line 53 in file ""/kaggle/working/masive_als_tdp43v4/ligandos/CHEMBL1186311.pdbqt"": Unknown or inappropriate tag
No valid ligands in the input directory
 | returncode=1 king/masive_als_tdp43v4/ligandos/CHEMBL1186311_out.pdbqt
Reading input ... done.


Parse error on line 53 in file ""/kaggle/working/masive_als_tdp43v4/ligandos/CHEMBL1186311.pdbqt"": Unknown or inappropriate tag
No valid ligands in the input directory
",2026-09-05 10:21:45
CHEMBL1186312,TDP43_v2,,,,"error:returncode=1 king/masive_als_tdp43v4/ligandos/CHEMBL1186312_out.pdbqt
Reading input ... done.


Parse error on line 81 in file ""/kaggle/working/masive_als_tdp43v4/ligandos/CHEMBL1186312.pdbqt"": Unknown or inappropriate tag
No valid ligands in the input directory
 | returncode=1 king/masive_als_tdp43v4/ligandos/CHEMBL1186312_out.pdbqt
Reading input ... done.


Parse error on line 81 in file ""/kaggle/working/masive_als_tdp43v4/ligandos/CHEMBL1186312.pdbqt"": Unknown or inappropriate tag
No valid ligands in the input directory
 | returncode=1 king/masive_als_tdp43v4/ligandos/CHEMBL1186312_out.pdbqt
Reading input ... done.


Parse error on line 81 in file ""/kaggle/working/masive_als_tdp43v4/ligandos/CHEMBL1186312.pdbqt"": Unknown or inappropriate tag
No valid ligands in the input directory
",2026-09-05 10:21:45
CHEMBL1186316,TDP43_v2,,,,"error:returncode=1 king/masive_als_tdp43v4/ligandos/CHEMBL1186316_out.pdbqt
Reading input ... done.


Parse error on line 58 in file ""/kaggle/working/masive_als_tdp43v4/ligandos/CHEMBL1186316.pdbqt"": Unknown or inappropriate tag
No valid ligands in the input directory
 | returncode=1 king/masive_als_tdp43v4/ligandos/CHEMBL1186316_out.pdbqt
Reading input ... done.


Parse error on line 58 in file ""/kaggle/working/masive_als_tdp43v4/ligandos/CHEMBL1186316.pdbqt"": Unknown or inappropriate tag
No valid ligands in the input directory
 | returncode=1 king/masive_als_tdp43v4/ligandos/CHEMBL1186316_out.pdbqt
Reading input ... done.


Parse error on line 58 in file ""/kaggle/working/masive_als_tdp43v4/ligandos/CHEMBL1186316.pdbqt"": Unknown or inappropriate tag
No valid ligands in the input directory
",2026-09-05 10:21:45
CHEMBL1186318,TDP43_v2,,,,"error:returncode=1 king/masive_als_tdp43v4/ligandos/CHEMBL1186318_out.pdbqt
Reading input ... done.


Parse error on line 81 in file ""/kaggle/working/masive_als_tdp43v4/ligandos/CHEMBL1186318.pdbqt"": Unknown or inappropriate tag
No valid ligands in the input directory
 | returncode=1 king/masive_als_tdp43v4/ligandos/CHEMBL1186318_out.pdbqt
Reading input ... done.


Parse error on line 81 in file ""/kaggle/working/masive_als_tdp43v4/ligandos/CHEMBL1186318.pdbqt"": Unknown or inappropriate tag
No valid ligands in the input directory
 | returncode=1 king/masive_als_tdp43v4/ligandos/CHEMBL1186318_out.pdbqt
Reading input ... done.


Parse error on line 81 in file ""/kaggle/working/masive_als_tdp43v4/ligandos/CHEMBL1186318.pdbqt"": Unknown or inappropriate tag
No valid ligands in the input directory
",2026-09-05 10:21:45
CHEMBL1186324,TDP43_v2,,,,"error:returncode=1 king/masive_als_tdp43v4/ligandos/CHEMBL1186324_out.pdbqt
Reading input ... done.


Parse error on line 59 in file ""/kaggle/working/masive_als_tdp43v4/ligandos/CHEMBL1186324.pdbqt"": Unknown or inappropriate tag
No valid ligands in the input directory
 | returncode=1 king/masive_als_tdp43v4/ligandos/CHEMBL1186324_out.pdbqt
Reading input ... done.


Parse error on line 59 in file ""/kaggle/working/masive_als_tdp43v4/ligandos/CHEMBL1186324.pdbqt"": Unknown or inappropriate tag
No valid ligands in the input directory
 | returncode=1 king/masive_als_tdp43v4/ligandos/CHEMBL1186324_out.pdbqt
Reading input ... done.


Parse error on line 59 in file ""/kaggle/working/masive_als_tdp43v4/ligandos/CHEMBL1186324.pdbqt"": Unknown or inappropriate tag
No valid ligands in the input directory
",2026-09-05 10:21:45
CHEMBL1186333,TDP43_v2,,,,"error:returncode=1 king/masive_als_tdp43v4/ligandos/CHEMBL1186333_out.pdbqt
Reading input ... done.


Parse error on line 62 in file ""/kaggle/working/masive_als_tdp43v4/ligandos/CHEMBL1186333.pdbqt"": Unknown or inappropriate tag
No valid ligands in the input directory
 | returncode=1 king/masive_als_tdp43v4/ligandos/CHEMBL1186333_out.pdbqt
Reading input ... done.


Parse error on line 62 in file ""/kaggle/working/masive_als_tdp43v4/ligandos/CHEMBL1186333.pdbqt"": Unknown or inappropriate tag
No valid ligands in the input directory
 | returncode=1 king/masive_als_tdp43v4/ligandos/CHEMBL1186333_out.pdbqt
Reading input ... done.


Parse error on line 62 in file ""/kaggle/working/masive_als_tdp43v4/ligandos/CHEMBL1186333.pdbqt"": Unknown or inappropriate tag
No valid ligands in the input directory
",2026-09-05 10:21:45
CHEMBL1186344,TDP43_v2,,,,"error:returncode=1 king/masive_als_tdp43v4/ligandos/CHEMBL1186344_out.pdbqt
Reading input ... done.


Parse error on line 82 in file ""/kaggle/working/masive_als_tdp43v4/ligandos/CHEMBL1186344.pdbqt"": Unknown or inappropriate tag
No valid ligands in the input directory
 | returncode=1 king/masive_als_tdp43v4/ligandos/CHEMBL1186344_out.pdbqt
Reading input ... done.


Parse error on line 82 in file ""/kaggle/working/masive_als_tdp43v4/ligandos/CHEMBL1186344.pdbqt"": Unknown or inappropriate tag
No valid ligands in the input directory
 | returncode=1 king/masive_als_tdp43v4/ligandos/CHEMBL1186344_out.pdbqt
Reading input ... done.


Parse error on line 82 in file ""/kaggle/working/masive_als_tdp43v4/ligandos/CHEMBL1186344.pdbqt"": Unknown or inappropriate tag
No valid ligands in the input directory
",2026-09-05 10:21:45
CHEMBL1186345,TDP43_v2,,,,"error:returncode=1 king/masive_als_tdp43v4/ligandos/CHEMBL1186345_out.pdbqt
Reading input ... done.


Parse error on line 83 in file ""/kaggle/working/masive_als_tdp43v4/ligandos/CHEMBL1186345.pdbqt"": Unknown or inappropriate tag
No valid ligands in the input directory
 | returncode=1 king/masive_als_tdp43v4/ligandos/CHEMBL1186345_out.pdbqt
Reading input ... done.


Parse error on line 83 in file ""/kaggle/working/masive_als_tdp43v4/ligandos/CHEMBL1186345.pdbqt"": Unknown or inappropriate tag
No valid ligands in the input directory
 | returncode=1 king/masive_als_tdp43v4/ligandos/CHEMBL1186345_out.pdbqt
Reading input ... done.


Parse error on line 83 in file ""/kaggle/working/masive_als_tdp43v4/ligandos/CHEMBL1186345.pdbqt"": Unknown or inappropriate tag
No valid ligands in the input directory
",2026-09-05 10:21:45
CHEMBL1186357,TDP43_v2,,,,"error:returncode=1 king/masive_als_tdp43v4/ligandos/CHEMBL1186357_out.pdbqt
Reading input ... done.


Parse error on line 60 in file ""/kaggle/working/masive_als_tdp43v4/ligandos/CHEMBL1186357.pdbqt"": Unknown or inappropriate tag
No valid ligands in the input directory
 | returncode=1 king/masive_als_tdp43v4/ligandos/CHEMBL1186357_out.pdbqt
Reading input ... done.


Parse error on line 60 in file ""/kaggle/working/masive_als_tdp43v4/ligandos/CHEMBL1186357.pdbqt"": Unknown or inappropriate tag
No valid ligands in the input directory
 | returncode=1 king/masive_als_tdp43v4/ligandos/CHEMBL1186357_out.pdbqt
Reading input ... done.


Parse error on line 60 in file ""/kaggle/working/masive_als_tdp43v4/ligandos/CHEMBL1186357.pdbqt"": Unknown or inappropriate tag
No valid ligands in the input directory
",2026-09-05 10:21:45
CHEMBL118636,TDP43_v2,-4.8,2026,-4.7000;-4.8000;-4.5000,ok,2026-09-05 10:21:52
CHEMBL1186370,TDP43_v2,,,,"error:returncode=1 king/masive_als_tdp43v4/ligandos/CHEMBL1186370_out.pdbqt
Reading input ... done.


Parse error on line 94 in file ""/kaggle/working/masive_als_tdp43v4/ligandos/CHEMBL1186370.pdbqt"": Unknown or inappropriate tag
No valid ligands in the input directory
 | returncode=1 king/masive_als_tdp43v4/ligandos/CHEMBL1186370_out.pdbqt
Reading input ... done.


Parse error on line 94 in file ""/kaggle/working/masive_als_tdp43v4/ligandos/CHEMBL1186370.pdbqt"": Unknown or inappropriate tag
No valid ligands in the input directory
 | returncode=1 king/masive_als_tdp43v4/ligandos/CHEMBL1186370_out.pdbqt
Reading input ... done.


Parse error on line 94 in file ""/kaggle/working/masive_als_tdp43v4/ligandos/CHEMBL1186370.pdbqt"": Unknown or inappropriate tag
No valid ligands in the input directory
",2026-09-05 10:21:52
CHEMBL1186395,TDP43_v2,,,,"error:returncode=1 king/masive_als_tdp43v4/ligandos/CHEMBL1186395_out.pdbqt
Reading input ... done.


Parse error on line 65 in file ""/kaggle/working/masive_als_tdp43v4/ligandos/CHEMBL1186395.pdbqt"": Unknown or inappropriate tag
No valid ligands in the input directory
 | returncode=1 king/masive_als_tdp43v4/ligandos/CHEMBL1186395_out.pdbqt
Reading input ... done.


Parse error on line 65 in file ""/kaggle/working/masive_als_tdp43v4/ligandos/CHEMBL1186395.pdbqt"": Unknown or inappropriate tag
No valid ligands in the input directory
 | returncode=1 king/masive_als_tdp43v4/ligandos/CHEMBL1186395_out.pdbqt
Reading input ... done.


Parse error on line 65 in file ""/kaggle/working/masive_als_tdp43v4/ligandos/CHEMBL1186395.pdbqt"": Unknown or inappropriate tag
No valid ligands in the input directory
",2026-09-05 10:21:52
CHEMBL1186412,TDP43_v2,,,,"error:returncode=1 king/masive_als_tdp43v4/ligandos/CHEMBL1186412_out.pdbqt
Reading input ... done.


Parse error on line 26 in file ""/kaggle/working/masive_als_tdp43v4/ligandos/CHEMBL1186412.pdbqt"": Unknown or inappropriate tag
No valid ligands in the input directory
 | returncode=1 king/masive_als_tdp43v4/ligandos/CHEMBL1186412_out.pdbqt
Reading input ... done.


Parse error on line 26 in file ""/kaggle/working/masive_als_tdp43v4/ligandos/CHEMBL1186412.pdbqt"": Unknown or inappropriate tag
No valid ligands in the input directory
 | returncode=1 king/masive_als_tdp43v4/ligandos/CHEMBL1186412_out.pdbqt
Reading input ... done.


Parse error on line 26 in file ""/kaggle/working/masive_als_tdp43v4/ligandos/CHEMBL1186412.pdbqt"": Unknown or inappropriate tag
No valid ligands in the input directory
",2026-09-05 10:21:52
CHEMBL1186413,TDP43_v2,,,,"error:returncode=1 king/masive_als_tdp43v4/ligandos/CHEMBL1186413_out.pdbqt
Reading input ... done.


Parse error on line 26 in file ""/kaggle/working/masive_als_tdp43v4/ligandos/CHEMBL1186413.pdbqt"": Unknown or inappropriate tag
No valid ligands in the input directory
 | returncode=1 king/masive_als_tdp43v4/ligandos/CHEMBL1186413_out.pdbqt
Reading input ... done.


Parse error on line 26 in file ""/kaggle/working/masive_als_tdp43v4/ligandos/CHEMBL1186413.pdbqt"": Unknown or inappropriate tag
No valid ligands in the input directory
 | returncode=1 king/masive_als_tdp43v4/ligandos/CHEMBL1186413_out.pdbqt
Reading input ... done.


Parse error on line 26 in file ""/kaggle/working/masive_als_tdp43v4/ligandos/CHEMBL1186413.pdbqt"": Unknown or inappropriate tag
No valid ligands in the input directory
",2026-09-05 10:21:52
CHEMBL1186414,TDP43_v2,,,,"error:returncode=1 king/masive_als_tdp43v4/ligandos/CHEMBL1186414_out.pdbqt
Reading input ... done.


Parse error on line 26 in file ""/kaggle/working/masive_als_tdp43v4/ligandos/CHEMBL1186414.pdbqt"": Unknown or inappropriate tag
No valid ligands in the input directory
 | returncode=1 king/masive_als_tdp43v4/ligandos/CHEMBL1186414_out.pdbqt
Reading input ... done.


Parse error on line 26 in file ""/kaggle/working/masive_als_tdp43v4/ligandos/CHEMBL1186414.pdbqt"": Unknown or inappropriate tag
No valid ligands in the input directory
 | returncode=1 king/masive_als_tdp43v4/ligandos/CHEMBL1186414_out.pdbqt
Reading input ... done.


Parse error on line 26 in file ""/kaggle/working/masive_als_tdp43v4/ligandos/CHEMBL1186414.pdbqt"": Unknown or inappropriate tag
No valid ligands in the input directory
",2026-09-05 10:21:52
CHEMBL1186564,TDP43_v2,,,,"error:returncode=1 king/masive_als_tdp43v4/ligandos/CHEMBL1186564_out.pdbqt
Reading input ... done.


Parse error on line 63 in file ""/kaggle/working/masive_als_tdp43v4/ligandos/CHEMBL1186564.pdbqt"": Unknown or inappropriate tag
No valid ligands in the input directory
 | returncode=1 king/masive_als_tdp43v4/ligandos/CHEMBL1186564_out.pdbqt
Reading input ... done.


Parse error on line 63 in file ""/kaggle/working/masive_als_tdp43v4/ligandos/CHEMBL1186564.pdbqt"": Unknown or inappropriate tag
No valid ligands in the input directory
 | returncode=1 king/masive_als_tdp43v4/ligandos/CHEMBL1186564_out.pdbqt
Reading input ... done.


Parse error on line 63 in file ""/kaggle/working/masive_als_tdp43v4/ligandos/CHEMBL1186564.pdbqt"": Unknown or inappropriate tag
No valid ligands in the input directory
",2026-09-05 10:21:52
CHEMBL1186565,TDP43_v2,,,,"error:returncode=1 king/masive_als_tdp43v4/ligandos/CHEMBL1186565_out.pdbqt
Reading input ... done.


Parse error on line 65 in file ""/kaggle/working/masive_als_tdp43v4/ligandos/CHEMBL1186565.pdbqt"": Unknown or inappropriate tag
No valid ligands in the input directory
 | returncode=1 king/masive_als_tdp43v4/ligandos/CHEMBL1186565_out.pdbqt
Reading input ... done.


Parse error on line 65 in file ""/kaggle/working/masive_als_tdp43v4/ligandos/CHEMBL1186565.pdbqt"": Unknown or inappropriate tag
No valid ligands in the input directory
 | returncode=1 king/masive_als_tdp43v4/ligandos/CHEMBL1186565_out.pdbqt
Reading input ... done.


Parse error on line 65 in file ""/kaggle/working/masive_als_tdp43v4/ligandos/CHEMBL1186565.pdbqt"": Unknown or inappropriate tag
No valid ligands in the input directory
",2026-09-05 10:21:52
CHEMBL1186566,TDP43_v2,,,,"error:returncode=1 king/masive_als_tdp43v4/ligandos/CHEMBL1186566_out.pdbqt
Reading input ... done.


Parse error on line 61 in file ""/kaggle/working/masive_als_tdp43v4/ligandos/CHEMBL1186566.pdbqt"": Unknown or inappropriate tag
No valid ligands in the input directory
 | returncode=1 king/masive_als_tdp43v4/ligandos/CHEMBL1186566_out.pdbqt
Reading input ... done.


Parse error on line 61 in file ""/kaggle/working/masive_als_tdp43v4/ligandos/CHEMBL1186566.pdbqt"": Unknown or inappropriate tag
No valid ligands in the input directory
 | returncode=1 king/masive_als_tdp43v4/ligandos/CHEMBL1186566_out.pdbqt
Reading input ... done.


Parse error on line 61 in file ""/kaggle/working/masive_als_tdp43v4/ligandos/CHEMBL1186566.pdbqt"": Unknown or inappropriate tag
No valid ligands in the input directory
",2026-09-05 10:21:52
CHEMBL1186577,TDP43_v2,,,,"error:returncode=1 king/masive_als_tdp43v4/ligandos/CHEMBL1186577_out.pdbqt
Reading input ... done.


Parse error on line 66 in file ""/kaggle/working/masive_als_tdp43v4/ligandos/CHEMBL1186577.pdbqt"": Unknown or inappropriate tag
No valid ligands in the input directory
 | returncode=1 king/masive_als_tdp43v4/ligandos/CHEMBL1186577_out.pdbqt
Reading input ... done.


Parse error on line 66 in file ""/kaggle/working/masive_als_tdp43v4/ligandos/CHEMBL1186577.pdbqt"": Unknown or inappropriate tag
No valid ligands in the input directory
 | returncode=1 king/masive_als_tdp43v4/ligandos/CHEMBL1186577_out.pdbqt
Reading input ... done.


Parse error on line 66 in file ""/kaggle/working/masive_als_tdp43v4/ligandos/CHEMBL1186577.pdbqt"": Unknown or inappropriate tag
No valid ligands in the input directory
",2026-09-05 10:21:52
CHEMBL1186581,TDP43_v2,-7.4,42,-7.4000;-7.4000;-7.3000,ok,2026-09-05 10:22:01
CHEMBL1186587,TDP43_v2,,,,"error:returncode=1 king/masive_als_tdp43v4/ligandos/CHEMBL1186587_out.pdbqt
Reading input ... done.


Parse error on line 58 in file ""/kaggle/working/masive_als_tdp43v4/ligandos/CHEMBL1186587.pdbqt"": Unknown or inappropriate tag
No valid ligands in the input directory
 | returncode=1 king/masive_als_tdp43v4/ligandos/CHEMBL1186587_out.pdbqt
Reading input ... done.


Parse error on line 58 in file ""/kaggle/working/masive_als_tdp43v4/ligandos/CHEMBL1186587.pdbqt"": Unknown or inappropriate tag
No valid ligands in the input directory
 | returncode=1 king/masive_als_tdp43v4/ligandos/CHEMBL1186587_out.pdbqt
Reading input ... done.


Parse error on line 58 in file ""/kaggle/working/masive_als_tdp43v4/ligandos/CHEMBL1186587.pdbqt"": Unknown or inappropriate tag
No valid ligands in the input directory
",2026-09-05 10:22:01
CHEMBL1186594,TDP43_v2,,,,"error:returncode=1 king/masive_als_tdp43v4/ligandos/CHEMBL1186594_out.pdbqt
Reading input ... done.


Parse error on line 58 in file ""/kaggle/working/masive_als_tdp43v4/ligandos/CHEMBL1186594.pdbqt"": Unknown or inappropriate tag
No valid ligands in the input directory
 | returncode=1 king/masive_als_tdp43v4/ligandos/CHEMBL1186594_out.pdbqt
Reading input ... done.


Parse error on line 58 in file ""/kaggle/working/masive_als_tdp43v4/ligandos/CHEMBL1186594.pdbqt"": Unknown or inappropriate tag
No valid ligands in the input directory
 | returncode=1 king/masive_als_tdp43v4/ligandos/CHEMBL1186594_out.pdbqt
Reading input ... done.


Parse error on line 58 in file ""/kaggle/working/masive_als_tdp43v4/ligandos/CHEMBL1186594.pdbqt"": Unknown or inappropriate tag
No valid ligands in the input directory
",2026-09-05 10:22:01
CHEMBL1186596,TDP43_v2,,,,"error:returncode=1 king/masive_als_tdp43v4/ligandos/CHEMBL1186596_out.pdbqt
Reading input ... done.


Parse error on line 61 in file ""/kaggle/working/masive_als_tdp43v4/ligandos/CHEMBL1186596.pdbqt"": Unknown or inappropriate tag
No valid ligands in the input directory
 | returncode=1 king/masive_als_tdp43v4/ligandos/CHEMBL1186596_out.pdbqt
Reading input ... done.


Parse error on line 61 in file ""/kaggle/working/masive_als_tdp43v4/ligandos/CHEMBL1186596.pdbqt"": Unknown or inappropriate tag
No valid ligands in the input directory
 | returncode=1 king/masive_als_tdp43v4/ligandos/CHEMBL1186596_out.pdbqt
Reading input ... done.


Parse error on line 61 in file ""/kaggle/working/masive_als_tdp43v4/ligandos/CHEMBL1186596.pdbqt"": Unknown or inappropriate tag
No valid ligands in the input directory
",2026-09-05 10:22:01
CHEMBL1186597,TDP43_v2,,,,"error:returncode=1 king/masive_als_tdp43v4/ligandos/CHEMBL1186597_out.pdbqt
Reading input ... done.


Parse error on line 59 in file ""/kaggle/working/masive_als_tdp43v4/ligandos/CHEMBL1186597.pdbqt"": Unknown or inappropriate tag
No valid ligands in the input directory
 | returncode=1 king/masive_als_tdp43v4/ligandos/CHEMBL1186597_out.pdbqt
Reading input ... done.


Parse error on line 59 in file ""/kaggle/working/masive_als_tdp43v4/ligandos/CHEMBL1186597.pdbqt"": Unknown or inappropriate tag
No valid ligands in the input directory
 | returncode=1 king/masive_als_tdp43v4/ligandos/CHEMBL1186597_out.pdbqt
Reading input ... done.


Parse error on line 59 in file ""/kaggle/working/masive_als_tdp43v4/ligandos/CHEMBL1186597.pdbqt"": Unknown or inappropriate tag
No valid ligands in the input directory
",2026-09-05 10:22:01
CHEMBL118678,TDP43_v2,-5.2,42,-5.2000;-5.1000;-5.0000,ok,2026-09-05 10:22:08
CHEMBL1186894,TDP43_v2,-6.6,2026,-6.5000;-6.6000;-6.5000,ok,2026-09-05 10:22:23
CHEMBL1186959,TDP43_v2,,,,"error:returncode=1 king/masive_als_tdp43v4/ligandos/CHEMBL1186959_out.pdbqt
Reading input ... done.


Parse error on line 24 in file ""/kaggle/working/masive_als_tdp43v4/ligandos/CHEMBL1186959.pdbqt"": Unknown or inappropriate tag
No valid ligands in the input directory
 | returncode=1 king/masive_als_tdp43v4/ligandos/CHEMBL1186959_out.pdbqt
Reading input ... done.


Parse error on line 24 in file ""/kaggle/working/masive_als_tdp43v4/ligandos/CHEMBL1186959.pdbqt"": Unknown or inappropriate tag
No valid ligands in the input directory
 | returncode=1 king/masive_als_tdp43v4/ligandos/CHEMBL1186959_out.pdbqt
Reading input ... done.


Parse error on line 24 in file ""/kaggle/working/masive_als_tdp43v4/ligandos/CHEMBL1186959.pdbqt"": Unknown or inappropriate tag
No valid ligands in the input directory
",2026-09-05 10:22:23
CHEMBL1186960,TDP43_v2,,,,"error:returncode=1 king/masive_als_tdp43v4/ligandos/CHEMBL1186960_out.pdbqt
Reading input ... done.


Parse error on line 26 in file ""/kaggle/working/masive_als_tdp43v4/ligandos/CHEMBL1186960.pdbqt"": Unknown or inappropriate tag
No valid ligands in the input directory
 | returncode=1 king/masive_als_tdp43v4/ligandos/CHEMBL1186960_out.pdbqt
Reading input ... done.


Parse error on line 26 in file ""/kaggle/working/masive_als_tdp43v4/ligandos/CHEMBL1186960.pdbqt"": Unknown or inappropriate tag
No valid ligands in the input directory
 | returncode=1 king/masive_als_tdp43v4/ligandos/CHEMBL1186960_out.pdbqt
Reading input ... done.


Parse error on line 26 in file ""/kaggle/working/masive_als_tdp43v4/ligandos/CHEMBL1186960.pdbqt"": Unknown or inappropriate tag
No valid ligands in the input directory
",2026-09-05 10:22:23
CHEMBL1186967,TDP43_v2,,,,"error:returncode=1 king/masive_als_tdp43v4/ligandos/CHEMBL1186967_out.pdbqt
Reading input ... done.


Parse error on line 30 in file ""/kaggle/working/masive_als_tdp43v4/ligandos/CHEMBL1186967.pdbqt"": Unknown or inappropriate tag
No valid ligands in the input directory
 | returncode=1 king/masive_als_tdp43v4/ligandos/CHEMBL1186967_out.pdbqt
Reading input ... done.


Parse error on line 30 in file ""/kaggle/working/masive_als_tdp43v4/ligandos/CHEMBL1186967.pdbqt"": Unknown or inappropriate tag
No valid ligands in the input directory
 | returncode=1 king/masive_als_tdp43v4/ligandos/CHEMBL1186967_out.pdbqt
Reading input ... done.


Parse error on line 30 in file ""/kaggle/working/masive_als_tdp43v4/ligandos/CHEMBL1186967.pdbqt"": Unknown or inappropriate tag
No valid ligands in the input directory
",2026-09-05 10:22:24
CHEMBL1186974,TDP43_v2,,,,"error:returncode=1 king/masive_als_tdp43v4/ligandos/CHEMBL1186974_out.pdbqt
Reading input ... done.


Parse error on line 24 in file ""/kaggle/working/masive_als_tdp43v4/ligandos/CHEMBL1186974.pdbqt"": Unknown or inappropriate tag
No valid ligands in the input directory
 | returncode=1 king/masive_als_tdp43v4/ligandos/CHEMBL1186974_out.pdbqt
Reading input ... done.


Parse error on line 24 in file ""/kaggle/working/masive_als_tdp43v4/ligandos/CHEMBL1186974.pdbqt"": Unknown or inappropriate tag
No valid ligands in the input directory
 | returncode=1 king/masive_als_tdp43v4/ligandos/CHEMBL1186974_out.pdbqt
Reading input ... done.


Parse error on line 24 in file ""/kaggle/working/masive_als_tdp43v4/ligandos/CHEMBL1186974.pdbqt"": Unknown or inappropriate tag
No valid ligands in the input directory
",2026-09-05 10:22:24
CHEMBL1186975,TDP43_v2,,,,"error:returncode=1 king/masive_als_tdp43v4/ligandos/CHEMBL1186975_out.pdbqt
Reading input ... done.


Parse error on line 24 in file ""/kaggle/working/masive_als_tdp43v4/ligandos/CHEMBL1186975.pdbqt"": Unknown or inappropriate tag
No valid ligands in the input directory
 | returncode=1 king/masive_als_tdp43v4/ligandos/CHEMBL1186975_out.pdbqt
Reading input ... done.


Parse error on line 24 in file ""/kaggle/working/masive_als_tdp43v4/ligandos/CHEMBL1186975.pdbqt"": Unknown or inappropriate tag
No valid ligands in the input directory
 | returncode=1 king/masive_als_tdp43v4/ligandos/CHEMBL1186975_out.pdbqt
Reading input ... done.


Parse error on line 24 in file ""/kaggle/working/masive_als_tdp43v4/ligandos/CHEMBL1186975.pdbqt"": Unknown or inappropriate tag
No valid ligands in the input directory
",2026-09-05 10:22:24
CHEMBL1186978,TDP43_v2,,,,"error:returncode=1 king/masive_als_tdp43v4/ligandos/CHEMBL1186978_out.pdbqt
Reading input ... done.


Parse error on line 24 in file ""/kaggle/working/masive_als_tdp43v4/ligandos/CHEMBL1186978.pdbqt"": Unknown or inappropriate tag
No valid ligands in the input directory
 | returncode=1 king/masive_als_tdp43v4/ligandos/CHEMBL1186978_out.pdbqt
Reading input ... done.


Parse error on line 24 in file ""/kaggle/working/masive_als_tdp43v4/ligandos/CHEMBL1186978.pdbqt"": Unknown or inappropriate tag
No valid ligands in the input directory
 | returncode=1 king/masive_als_tdp43v4/ligandos/CHEMBL1186978_out.pdbqt
Reading input ... done.


Parse error on line 24 in file ""/kaggle/working/masive_als_tdp43v4/ligandos/CHEMBL1186978.pdbqt"": Unknown or inappropriate tag
No valid ligands in the input directory
",2026-09-05 10:22:24
CHEMBL1186994,TDP43_v2,,,,"error:returncode=1 king/masive_als_tdp43v4/ligandos/CHEMBL1186994_out.pdbqt
Reading input ... done.


Parse error on line 63 in file ""/kaggle/working/masive_als_tdp43v4/ligandos/CHEMBL1186994.pdbqt"": Unknown or inappropriate tag
No valid ligands in the input directory
 | returncode=1 king/masive_als_tdp43v4/ligandos/CHEMBL1186994_out.pdbqt
Reading input ... done.


Parse error on line 63 in file ""/kaggle/working/masive_als_tdp43v4/ligandos/CHEMBL1186994.pdbqt"": Unknown or inappropriate tag
No valid ligands in the input directory
 | returncode=1 king/masive_als_tdp43v4/ligandos/CHEMBL1186994_out.pdbqt
Reading input ... done.


Parse error on line 63 in file ""/kaggle/working/masive_als_tdp43v4/ligandos/CHEMBL1186994.pdbqt"": Unknown or inappropriate tag
No valid ligands in the input directory
",2026-09-05 10:22:24
CHEMBL1186995,TDP43_v2,,,,"error:returncode=1 king/masive_als_tdp43v4/ligandos/CHEMBL1186995_out.pdbqt
Reading input ... done.


Parse error on line 63 in file ""/kaggle/working/masive_als_tdp43v4/ligandos/CHEMBL1186995.pdbqt"": Unknown or inappropriate tag
No valid ligands in the input directory
 | returncode=1 king/masive_als_tdp43v4/ligandos/CHEMBL1186995_out.pdbqt
Reading input ... done.


Parse error on line 63 in file ""/kaggle/working/masive_als_tdp43v4/ligandos/CHEMBL1186995.pdbqt"": Unknown or inappropriate tag
No valid ligands in the input directory
 | returncode=1 king/masive_als_tdp43v4/ligandos/CHEMBL1186995_out.pdbqt
Reading input ... done.


Parse error on line 63 in file ""/kaggle/working/masive_als_tdp43v4/ligandos/CHEMBL1186995.pdbqt"": Unknown or inappropriate tag
No valid ligands in the input directory
",2026-09-05 10:22:24
CHEMBL1187001,TDP43_v2,,,,"error:returncode=1 king/masive_als_tdp43v4/ligandos/CHEMBL1187001_out.pdbqt
Reading input ... done.


Parse error on line 88 in file ""/kaggle/working/masive_als_tdp43v4/ligandos/CHEMBL1187001.pdbqt"": Unknown or inappropriate tag
No valid ligands in the input directory
 | returncode=1 king/masive_als_tdp43v4/ligandos/CHEMBL1187001_out.pdbqt
Reading input ... done.


Parse error on line 88 in file ""/kaggle/working/masive_als_tdp43v4/ligandos/CHEMBL1187001.pdbqt"": Unknown or inappropriate tag
No valid ligands in the input directory
 | returncode=1 king/masive_als_tdp43v4/ligandos/CHEMBL1187001_out.pdbqt
Reading input ... done.


Parse error on line 88 in file ""/kaggle/working/masive_als_tdp43v4/ligandos/CHEMBL1187001.pdbqt"": Unknown or inappropriate tag
No valid ligands in the input directory
",2026-09-05 10:22:24
CHEMBL1187002,TDP43_v2,,,,"error:returncode=1 king/masive_als_tdp43v4/ligandos/CHEMBL1187002_out.pdbqt
Reading input ... done.


Parse error on line 93 in file ""/kaggle/working/masive_als_tdp43v4/ligandos/CHEMBL1187002.pdbqt"": Unknown or inappropriate tag
No valid ligands in the input directory
 | returncode=1 king/masive_als_tdp43v4/ligandos/CHEMBL1187002_out.pdbqt
Reading input ... done.


Parse error on line 93 in file ""/kaggle/working/masive_als_tdp43v4/ligandos/CHEMBL1187002.pdbqt"": Unknown or inappropriate tag
No valid ligands in the input directory
 | returncode=1 king/masive_als_tdp43v4/ligandos/CHEMBL1187002_out.pdbqt
Reading input ... done.


Parse error on line 93 in file ""/kaggle/working/masive_als_tdp43v4/ligandos/CHEMBL1187002.pdbqt"": Unknown or inappropriate tag
No valid ligands in the input directory
",2026-09-05 10:22:24
CHEMBL1187011,TDP43_v2,-5.5,777,-5.2000;-5.2000;-5.5000,ok,2026-09-05 10:22:36
CHEMBL118703,TDP43_v2,-5.6,42,-5.6000;-5.6000;-5.5000,ok,2026-09-05 10:22:43
CHEMBL1187040,TDP43_v2,,,,"error:returncode=1 king/masive_als_tdp43v4/ligandos/CHEMBL1187040_out.pdbqt
Reading input ... done.


Parse error on line 65 in file ""/kaggle/working/masive_als_tdp43v4/ligandos/CHEMBL1187040.pdbqt"": Unknown or inappropriate tag
No valid ligands in the input directory
 | returncode=1 king/masive_als_tdp43v4/ligandos/CHEMBL1187040_out.pdbqt
Reading input ... done.


Parse error on line 65 in file ""/kaggle/working/masive_als_tdp43v4/ligandos/CHEMBL1187040.pdbqt"": Unknown or inappropriate tag
No valid ligands in the input directory
 | returncode=1 king/masive_als_tdp43v4/ligandos/CHEMBL1187040_out.pdbqt
Reading input ... done.


Parse error on line 65 in file ""/kaggle/working/masive_als_tdp43v4/ligandos/CHEMBL1187040.pdbqt"": Unknown or inappropriate tag
No valid ligands in the input directory
",2026-09-05 10:22:43
CHEMBL1187041,TDP43_v2,,,,"error:returncode=1 king/masive_als_tdp43v4/ligandos/CHEMBL1187041_out.pdbqt
Reading input ... done.


Parse error on line 68 in file ""/kaggle/working/masive_als_tdp43v4/ligandos/CHEMBL1187041.pdbqt"": Unknown or inappropriate tag
No valid ligands in the input directory
 | returncode=1 king/masive_als_tdp43v4/ligandos/CHEMBL1187041_out.pdbqt
Reading input ... done.


Parse error on line 68 in file ""/kaggle/working/masive_als_tdp43v4/ligandos/CHEMBL1187041.pdbqt"": Unknown or inappropriate tag
No valid ligands in the input directory
 | returncode=1 king/masive_als_tdp43v4/ligandos/CHEMBL1187041_out.pdbqt
Reading input ... done.


Parse error on line 68 in file ""/kaggle/working/masive_als_tdp43v4/ligandos/CHEMBL1187041.pdbqt"": Unknown or inappropriate tag
No valid ligands in the input directory
",2026-09-05 10:22:43
CHEMBL1187042,TDP43_v2,,,,"error:returncode=1 king/masive_als_tdp43v4/ligandos/CHEMBL1187042_out.pdbqt
Reading input ... done.


Parse error on line 70 in file ""/kaggle/working/masive_als_tdp43v4/ligandos/CHEMBL1187042.pdbqt"": Unknown or inappropriate tag
No valid ligands in the input directory
 | returncode=1 king/masive_als_tdp43v4/ligandos/CHEMBL1187042_out.pdbqt
Reading input ... done.


Parse error on line 70 in file ""/kaggle/working/masive_als_tdp43v4/ligandos/CHEMBL1187042.pdbqt"": Unknown or inappropriate tag
No valid ligands in the input directory
 | returncode=1 king/masive_als_tdp43v4/ligandos/CHEMBL1187042_out.pdbqt
Reading input ... done.


Parse error on line 70 in file ""/kaggle/working/masive_als_tdp43v4/ligandos/CHEMBL1187042.pdbqt"": Unknown or inappropriate tag
No valid ligands in the input directory
",2026-09-05 10:22:43
CHEMBL1187055,TDP43_v2,,,,"error:returncode=1 king/masive_als_tdp43v4/ligandos/CHEMBL1187055_out.pdbqt
Reading input ... done.


Parse error on line 68 in file ""/kaggle/working/masive_als_tdp43v4/ligandos/CHEMBL1187055.pdbqt"": Unknown or inappropriate tag
No valid ligands in the input directory
 | returncode=1 king/masive_als_tdp43v4/ligandos/CHEMBL1187055_out.pdbqt
Reading input ... done.


Parse error on line 68 in file ""/kaggle/working/masive_als_tdp43v4/ligandos/CHEMBL1187055.pdbqt"": Unknown or inappropriate tag
No valid ligands in the input directory
 | returncode=1 king/masive_als_tdp43v4/ligandos/CHEMBL1187055_out.pdbqt
Reading input ... done.


Parse error on line 68 in file ""/kaggle/working/masive_als_tdp43v4/ligandos/CHEMBL1187055.pdbqt"": Unknown or inappropriate tag
No valid ligands in the input directory
",2026-09-05 10:22:43
CHEMBL1187056,TDP43_v2,,,,"error:returncode=1 king/masive_als_tdp43v4/ligandos/CHEMBL1187056_out.pdbqt
Reading input ... done.


Parse error on line 61 in file ""/kaggle/working/masive_als_tdp43v4/ligandos/CHEMBL1187056.pdbqt"": Unknown or inappropriate tag
No valid ligands in the input directory
 | returncode=1 king/masive_als_tdp43v4/ligandos/CHEMBL1187056_out.pdbqt
Reading input ... done.


Parse error on line 61 in file ""/kaggle/working/masive_als_tdp43v4/ligandos/CHEMBL1187056.pdbqt"": Unknown or inappropriate tag
No valid ligands in the input directory
 | returncode=1 king/masive_als_tdp43v4/ligandos/CHEMBL1187056_out.pdbqt
Reading input ... done.


Parse error on line 61 in file ""/kaggle/working/masive_als_tdp43v4/ligandos/CHEMBL1187056.pdbqt"": Unknown or inappropriate tag
No valid ligands in the input directory
",2026-09-05 10:22:43
CHEMBL1187120,TDP43_v2,-6.8,42,-6.8000;-6.8000;-6.5000,ok,2026-09-05 10:22:52
CHEMBL118713,TDP43_v2,-6.9,42,-6.9000;-6.9000;-6.9000,ok,2026-09-05 10:22:59
CHEMBL118715,TDP43_v2,-4.8,777,-4.6000;-4.5000;-4.8000,ok,2026-09-05 10:23:05
CHEMBL118722,TDP43_v2,-5.1,42,-5.1000;-4.8000;-5.0000,ok,2026-09-05 10:23:14
CHEMBL11873,TDP43_v2,-3.5,42,-3.5000;-3.5000;-3.4000,ok,2026-09-05 10:23:21
CHEMBL118738,TDP43_v2,-5.3,42,-5.3000;-4.8000;-4.2000,ok,2026-09-05 10:23:54
CHEMBL1187417,TDP43_v2,-5.4,777,-5.2000;-5.2000;-5.4000,ok,2026-09-05 10:24:07
CHEMBL1187434,TDP43_v2,,,,"error:returncode=1 king/masive_als_tdp43v4/ligandos/CHEMBL1187434_out.pdbqt
Reading input ... done.


Parse error on line 95 in file ""/kaggle/working/masive_als_tdp43v4/ligandos/CHEMBL1187434.pdbqt"": Unknown or inappropriate tag
No valid ligands in the input directory
 | returncode=1 king/masive_als_tdp43v4/ligandos/CHEMBL1187434_out.pdbqt
Reading input ... done.


Parse error on line 95 in file ""/kaggle/working/masive_als_tdp43v4/ligandos/CHEMBL1187434.pdbqt"": Unknown or inappropriate tag
No valid ligands in the input directory
 | returncode=1 king/masive_als_tdp43v4/ligandos/CHEMBL1187434_out.pdbqt
Reading input ... done.


Parse error on line 95 in file ""/kaggle/working/masive_als_tdp43v4/ligandos/CHEMBL1187434.pdbqt"": Unknown or inappropriate tag
No valid ligands in the input directory
",2026-09-05 10:24:07
CHEMBL118744,TDP43_v2,-6.5,777,-6.1000;-6.3000;-6.5000,ok,2026-09-05 10:24:25
CHEMBL1187445,TDP43_v2,-6.8,42,-6.8000;-6.7000;-6.7000,ok,2026-09-05 10:24:35
CHEMBL118752,TDP43_v2,-6.4,42,-6.4000;-6.4000;-6.4000,ok,2026-09-05 10:24:41
CHEMBL1187562,TDP43_v2,-5.5,42,-5.5000;-5.2000;-5.3000,ok,2026-09-05 10:24:51
CHEMBL1187600,TDP43_v2,,,,"error:returncode=1 king/masive_als_tdp43v4/ligandos/CHEMBL1187600_out.pdbqt
Reading input ... done.


Parse error on line 63 in file ""/kaggle/working/masive_als_tdp43v4/ligandos/CHEMBL1187600.pdbqt"": Unknown or inappropriate tag
No valid ligands in the input directory
 | returncode=1 king/masive_als_tdp43v4/ligandos/CHEMBL1187600_out.pdbqt
Reading input ... done.


Parse error on line 63 in file ""/kaggle/working/masive_als_tdp43v4/ligandos/CHEMBL1187600.pdbqt"": Unknown or inappropriate tag
No valid ligands in the input directory
 | returncode=1 king/masive_als_tdp43v4/ligandos/CHEMBL1187600_out.pdbqt
Reading input ... done.


Parse error on line 63 in file ""/kaggle/working/masive_als_tdp43v4/ligandos/CHEMBL1187600.pdbqt"": Unknown or inappropriate tag
No valid ligands in the input directory
",2026-09-05 10:24:51
CHEMBL1187604,TDP43_v2,,,,"error:returncode=1 king/masive_als_tdp43v4/ligandos/CHEMBL1187604_out.pdbqt
Reading input ... done.


Parse error on line 56 in file ""/kaggle/working/masive_als_tdp43v4/ligandos/CHEMBL1187604.pdbqt"": Unknown or inappropriate tag
No valid ligands in the input directory
 | returncode=1 king/masive_als_tdp43v4/ligandos/CHEMBL1187604_out.pdbqt
Reading input ... done.


Parse error on line 56 in file ""/kaggle/working/masive_als_tdp43v4/ligandos/CHEMBL1187604.pdbqt"": Unknown or inappropriate tag
No valid ligands in the input directory
 | returncode=1 king/masive_als_tdp43v4/ligandos/CHEMBL1187604_out.pdbqt
Reading input ... done.


Parse error on line 56 in file ""/kaggle/working/masive_als_tdp43v4/ligandos/CHEMBL1187604.pdbqt"": Unknown or inappropriate tag
No valid ligands in the input directory
",2026-09-05 10:24:51
CHEMBL1187621,TDP43_v2,,,,"error:returncode=1 king/masive_als_tdp43v4/ligandos/CHEMBL1187621_out.pdbqt
Reading input ... done.


Parse error on line 59 in file ""/kaggle/working/masive_als_tdp43v4/ligandos/CHEMBL1187621.pdbqt"": Unknown or inappropriate tag
No valid ligands in the input directory
 | returncode=1 king/masive_als_tdp43v4/ligandos/CHEMBL1187621_out.pdbqt
Reading input ... done.


Parse error on line 59 in file ""/kaggle/working/masive_als_tdp43v4/ligandos/CHEMBL1187621.pdbqt"": Unknown or inappropriate tag
No valid ligands in the input directory
 | returncode=1 king/masive_als_tdp43v4/ligandos/CHEMBL1187621_out.pdbqt
Reading input ... done.


Parse error on line 59 in file ""/kaggle/working/masive_als_tdp43v4/ligandos/CHEMBL1187621.pdbqt"": Unknown or inappropriate tag
No valid ligands in the input directory
",2026-09-05 10:24:51
CHEMBL1187623,TDP43_v2,,,,"error:returncode=1 king/masive_als_tdp43v4/ligandos/CHEMBL1187623_out.pdbqt
Reading input ... done.


Parse error on line 57 in file ""/kaggle/working/masive_als_tdp43v4/ligandos/CHEMBL1187623.pdbqt"": Unknown or inappropriate tag
No valid ligands in the input directory
 | returncode=1 king/masive_als_tdp43v4/ligandos/CHEMBL1187623_out.pdbqt
Reading input ... done.


Parse error on line 57 in file ""/kaggle/working/masive_als_tdp43v4/ligandos/CHEMBL1187623.pdbqt"": Unknown or inappropriate tag
No valid ligands in the input directory
 | returncode=1 king/masive_als_tdp43v4/ligandos/CHEMBL1187623_out.pdbqt
Reading input ... done.


Parse error on line 57 in file ""/kaggle/working/masive_als_tdp43v4/ligandos/CHEMBL1187623.pdbqt"": Unknown or inappropriate tag
No valid ligands in the input directory
",2026-09-05 10:24:51
CHEMBL1187630,TDP43_v2,,,,"error:returncode=1 king/masive_als_tdp43v4/ligandos/CHEMBL1187630_out.pdbqt
Reading input ... done.


Parse error on line 60 in file ""/kaggle/working/masive_als_tdp43v4/ligandos/CHEMBL1187630.pdbqt"": Unknown or inappropriate tag
No valid ligands in the input directory
 | returncode=1 king/masive_als_tdp43v4/ligandos/CHEMBL1187630_out.pdbqt
Reading input ... done.


Parse error on line 60 in file ""/kaggle/working/masive_als_tdp43v4/ligandos/CHEMBL1187630.pdbqt"": Unknown or inappropriate tag
No valid ligands in the input directory
 | returncode=1 king/masive_als_tdp43v4/ligandos/CHEMBL1187630_out.pdbqt
Reading input ... done.


Parse error on line 60 in file ""/kaggle/working/masive_als_tdp43v4/ligandos/CHEMBL1187630.pdbqt"": Unknown or inappropriate tag
No valid ligands in the input directory
",2026-09-05 10:24:51
CHEMBL1187633,TDP43_v2,,,,"error:returncode=1 king/masive_als_tdp43v4/ligandos/CHEMBL1187633_out.pdbqt
Reading input ... done.


Parse error on line 56 in file ""/kaggle/working/masive_als_tdp43v4/ligandos/CHEMBL1187633.pdbqt"": Unknown or inappropriate tag
No valid ligands in the input directory
 | returncode=1 king/masive_als_tdp43v4/ligandos/CHEMBL1187633_out.pdbqt
Reading input ... done.


Parse error on line 56 in file ""/kaggle/working/masive_als_tdp43v4/ligandos/CHEMBL1187633.pdbqt"": Unknown or inappropriate tag
No valid ligands in the input directory
 | returncode=1 king/masive_als_tdp43v4/ligandos/CHEMBL1187633_out.pdbqt
Reading input ... done.


Parse error on line 56 in file ""/kaggle/working/masive_als_tdp43v4/ligandos/CHEMBL1187633.pdbqt"": Unknown or inappropriate tag
No valid ligands in the input directory
",2026-09-05 10:24:51
CHEMBL1187636,TDP43_v2,,,,"error:returncode=1 king/masive_als_tdp43v4/ligandos/CHEMBL1187636_out.pdbqt
Reading input ... done.


Parse error on line 58 in file ""/kaggle/working/masive_als_tdp43v4/ligandos/CHEMBL1187636.pdbqt"": Unknown or inappropriate tag
No valid ligands in the input directory
 | returncode=1 king/masive_als_tdp43v4/ligandos/CHEMBL1187636_out.pdbqt
Reading input ... done.


Parse error on line 58 in file ""/kaggle/working/masive_als_tdp43v4/ligandos/CHEMBL1187636.pdbqt"": Unknown or inappropriate tag
No valid ligands in the input directory
 | returncode=1 king/masive_als_tdp43v4/ligandos/CHEMBL1187636_out.pdbqt
Reading input ... done.


Parse error on line 58 in file ""/kaggle/working/masive_als_tdp43v4/ligandos/CHEMBL1187636.pdbqt"": Unknown or inappropriate tag
No valid ligands in the input directory
",2026-09-05 10:24:51
CHEMBL1187640,TDP43_v2,,,,"error:returncode=1 king/masive_als_tdp43v4/ligandos/CHEMBL1187640_out.pdbqt
Reading input ... done.


Parse error on line 61 in file ""/kaggle/working/masive_als_tdp43v4/ligandos/CHEMBL1187640.pdbqt"": Unknown or inappropriate tag
No valid ligands in the input directory
 | returncode=1 king/masive_als_tdp43v4/ligandos/CHEMBL1187640_out.pdbqt
Reading input ... done.


Parse error on line 61 in file ""/kaggle/working/masive_als_tdp43v4/ligandos/CHEMBL1187640.pdbqt"": Unknown or inappropriate tag
No valid ligands in the input directory
 | returncode=1 king/masive_als_tdp43v4/ligandos/CHEMBL1187640_out.pdbqt
Reading input ... done.


Parse error on line 61 in file ""/kaggle/working/masive_als_tdp43v4/ligandos/CHEMBL1187640.pdbqt"": Unknown or inappropriate tag
No valid ligands in the input directory
",2026-09-05 10:24:51
CHEMBL1187646,TDP43_v2,-6.0,777,-5.4000;-5.3000;-6.0000,ok,2026-09-05 10:25:09
CHEMBL1187666,TDP43_v2,,,,"error:returncode=1 king/masive_als_tdp43v4/ligandos/CHEMBL1187666_out.pdbqt
Reading input ... done.


Parse error on line 82 in file ""/kaggle/working/masive_als_tdp43v4/ligandos/CHEMBL1187666.pdbqt"": Unknown or inappropriate tag
No valid ligands in the input directory
 | returncode=1 king/masive_als_tdp43v4/ligandos/CHEMBL1187666_out.pdbqt
Reading input ... done.


Parse error on line 82 in file ""/kaggle/working/masive_als_tdp43v4/ligandos/CHEMBL1187666.pdbqt"": Unknown or inappropriate tag
No valid ligands in the input directory
 | returncode=1 king/masive_als_tdp43v4/ligandos/CHEMBL1187666_out.pdbqt
Reading input ... done.


Parse error on line 82 in file ""/kaggle/working/masive_als_tdp43v4/ligandos/CHEMBL1187666.pdbqt"": Unknown or inappropriate tag
No valid ligands in the input directory
",2026-09-05 10:25:09
CHEMBL1187694,TDP43_v2,-5.9,42,-5.9000;-5.6000;-5.7000,ok,2026-09-05 10:25:16
CHEMBL1187696,TDP43_v2,,,,"error:returncode=1 king/masive_als_tdp43v4/ligandos/CHEMBL1187696_out.pdbqt
Reading input ... done.


Parse error on line 72 in file ""/kaggle/working/masive_als_tdp43v4/ligandos/CHEMBL1187696.pdbqt"": Unknown or inappropriate tag
No valid ligands in the input directory
 | returncode=1 king/masive_als_tdp43v4/ligandos/CHEMBL1187696_out.pdbqt
Reading input ... done.


Parse error on line 72 in file ""/kaggle/working/masive_als_tdp43v4/ligandos/CHEMBL1187696.pdbqt"": Unknown or inappropriate tag
No valid ligands in the input directory
 | returncode=1 king/masive_als_tdp43v4/ligandos/CHEMBL1187696_out.pdbqt
Reading input ... done.


Parse error on line 72 in file ""/kaggle/working/masive_als_tdp43v4/ligandos/CHEMBL1187696.pdbqt"": Unknown or inappropriate tag
No valid ligands in the input directory
",2026-09-05 10:25:16
CHEMBL1187708,TDP43_v2,,,,"error:returncode=1 king/masive_als_tdp43v4/ligandos/CHEMBL1187708_out.pdbqt
Reading input ... done.


Parse error on line 65 in file ""/kaggle/working/masive_als_tdp43v4/ligandos/CHEMBL1187708.pdbqt"": Unknown or inappropriate tag
No valid ligands in the input directory
 | returncode=1 king/masive_als_tdp43v4/ligandos/CHEMBL1187708_out.pdbqt
Reading input ... done.


Parse error on line 65 in file ""/kaggle/working/masive_als_tdp43v4/ligandos/CHEMBL1187708.pdbqt"": Unknown or inappropriate tag
No valid ligands in the input directory
 | returncode=1 king/masive_als_tdp43v4/ligandos/CHEMBL1187708_out.pdbqt
Reading input ... done.


Parse error on line 65 in file ""/kaggle/working/masive_als_tdp43v4/ligandos/CHEMBL1187708.pdbqt"": Unknown or inappropriate tag
No valid ligands in the input directory
",2026-09-05 10:25:16
CHEMBL1187732,TDP43_v2,,,,"error:returncode=1 king/masive_als_tdp43v4/ligandos/CHEMBL1187732_out.pdbqt
Reading input ... done.


Parse error on line 83 in file ""/kaggle/working/masive_als_tdp43v4/ligandos/CHEMBL1187732.pdbqt"": Unknown or inappropriate tag
No valid ligands in the input directory
 | returncode=1 king/masive_als_tdp43v4/ligandos/CHEMBL1187732_out.pdbqt
Reading input ... done.


Parse error on line 83 in file ""/kaggle/working/masive_als_tdp43v4/ligandos/CHEMBL1187732.pdbqt"": Unknown or inappropriate tag
No valid ligands in the input directory
 | returncode=1 king/masive_als_tdp43v4/ligandos/CHEMBL1187732_out.pdbqt
Reading input ... done.


Parse error on line 83 in file ""/kaggle/working/masive_als_tdp43v4/ligandos/CHEMBL1187732.pdbqt"": Unknown or inappropriate tag
No valid ligands in the input directory
",2026-09-05 10:25:16
CHEMBL1187769,TDP43_v2,,,,"error:returncode=1 king/masive_als_tdp43v4/ligandos/CHEMBL1187769_out.pdbqt
Reading input ... done.


Parse error on line 63 in file ""/kaggle/working/masive_als_tdp43v4/ligandos/CHEMBL1187769.pdbqt"": Unknown or inappropriate tag
No valid ligands in the input directory
 | returncode=1 king/masive_als_tdp43v4/ligandos/CHEMBL1187769_out.pdbqt
Reading input ... done.


Parse error on line 63 in file ""/kaggle/working/masive_als_tdp43v4/ligandos/CHEMBL1187769.pdbqt"": Unknown or inappropriate tag
No valid ligands in the input directory
 | returncode=1 king/masive_als_tdp43v4/ligandos/CHEMBL1187769_out.pdbqt
Reading input ... done.


Parse error on line 63 in file ""/kaggle/working/masive_als_tdp43v4/ligandos/CHEMBL1187769.pdbqt"": Unknown or inappropriate tag
No valid ligands in the input directory
",2026-09-05 10:25:16
CHEMBL1187773,TDP43_v2,,,,"error:returncode=1 king/masive_als_tdp43v4/ligandos/CHEMBL1187773_out.pdbqt
Reading input ... done.


Parse error on line 61 in file ""/kaggle/working/masive_als_tdp43v4/ligandos/CHEMBL1187773.pdbqt"": Unknown or inappropriate tag
No valid ligands in the input directory
 | returncode=1 king/masive_als_tdp43v4/ligandos/CHEMBL1187773_out.pdbqt
Reading input ... done.


Parse error on line 61 in file ""/kaggle/working/masive_als_tdp43v4/ligandos/CHEMBL1187773.pdbqt"": Unknown or inappropriate tag
No valid ligands in the input directory
 | returncode=1 king/masive_als_tdp43v4/ligandos/CHEMBL1187773_out.pdbqt
Reading input ... done.


Parse error on line 61 in file ""/kaggle/working/masive_als_tdp43v4/ligandos/CHEMBL1187773.pdbqt"": Unknown or inappropriate tag
No valid ligands in the input directory
",2026-09-05 10:25:16
CHEMBL1187774,TDP43_v2,,,,"error:returncode=1 king/masive_als_tdp43v4/ligandos/CHEMBL1187774_out.pdbqt
Reading input ... done.


Parse error on line 89 in file ""/kaggle/working/masive_als_tdp43v4/ligandos/CHEMBL1187774.pdbqt"": Unknown or inappropriate tag
No valid ligands in the input directory
 | returncode=1 king/masive_als_tdp43v4/ligandos/CHEMBL1187774_out.pdbqt
Reading input ... done.


Parse error on line 89 in file ""/kaggle/working/masive_als_tdp43v4/ligandos/CHEMBL1187774.pdbqt"": Unknown or inappropriate tag
No valid ligands in the input directory
 | returncode=1 king/masive_als_tdp43v4/ligandos/CHEMBL1187774_out.pdbqt
Reading input ... done.


Parse error on line 89 in file ""/kaggle/working/masive_als_tdp43v4/ligandos/CHEMBL1187774.pdbqt"": Unknown or inappropriate tag
No valid ligands in the input directory
",2026-09-05 10:25:16
CHEMBL1187785,TDP43_v2,,,,"error:returncode=1 king/masive_als_tdp43v4/ligandos/CHEMBL1187785_out.pdbqt
Reading input ... done.


Parse error on line 28 in file ""/kaggle/working/masive_als_tdp43v4/ligandos/CHEMBL1187785.pdbqt"": Unknown or inappropriate tag
No valid ligands in the input directory
 | returncode=1 king/masive_als_tdp43v4/ligandos/CHEMBL1187785_out.pdbqt
Reading input ... done.


Parse error on line 28 in file ""/kaggle/working/masive_als_tdp43v4/ligandos/CHEMBL1187785.pdbqt"": Unknown or inappropriate tag
No valid ligands in the input directory
 | returncode=1 king/masive_als_tdp43v4/ligandos/CHEMBL1187785_out.pdbqt
Reading input ... done.


Parse error on line 28 in file ""/kaggle/working/masive_als_tdp43v4/ligandos/CHEMBL1187785.pdbqt"": Unknown or inappropriate tag
No valid ligands in the input directory
",2026-09-05 10:25:16
CHEMBL118783,TDP43_v2,-5.6,42,-5.6000;-5.1000;-5.4000,ok,2026-09-05 10:25:32
CHEMBL1187930,TDP43_v2,,,,"error:returncode=1 king/masive_als_tdp43v4/ligandos/CHEMBL1187930_out.pdbqt
Reading input ... done.


Parse error on line 70 in file ""/kaggle/working/masive_als_tdp43v4/ligandos/CHEMBL1187930.pdbqt"": Unknown or inappropriate tag
No valid ligands in the input directory
 | returncode=1 king/masive_als_tdp43v4/ligandos/CHEMBL1187930_out.pdbqt
Reading input ... done.


Parse error on line 70 in file ""/kaggle/working/masive_als_tdp43v4/ligandos/CHEMBL1187930.pdbqt"": Unknown or inappropriate tag
No valid ligands in the input directory
 | returncode=1 king/masive_als_tdp43v4/ligandos/CHEMBL1187930_out.pdbqt
Reading input ... done.


Parse error on line 70 in file ""/kaggle/working/masive_als_tdp43v4/ligandos/CHEMBL1187930.pdbqt"": Unknown or inappropriate tag
No valid ligands in the input directory
",2026-09-05 10:25:32
CHEMBL1187932,TDP43_v2,,,,"error:returncode=1 king/masive_als_tdp43v4/ligandos/CHEMBL1187932_out.pdbqt
Reading input ... done.


Parse error on line 55 in file ""/kaggle/working/masive_als_tdp43v4/ligandos/CHEMBL1187932.pdbqt"": Unknown or inappropriate tag
No valid ligands in the input directory
 | returncode=1 king/masive_als_tdp43v4/ligandos/CHEMBL1187932_out.pdbqt
Reading input ... done.


Parse error on line 55 in file ""/kaggle/working/masive_als_tdp43v4/ligandos/CHEMBL1187932.pdbqt"": Unknown or inappropriate tag
No valid ligands in the input directory
 | returncode=1 king/masive_als_tdp43v4/ligandos/CHEMBL1187932_out.pdbqt
Reading input ... done.


Parse error on line 55 in file ""/kaggle/working/masive_als_tdp43v4/ligandos/CHEMBL1187932.pdbqt"": Unknown or inappropriate tag
No valid ligands in the input directory
",2026-09-05 10:25:32
CHEMBL1187934,TDP43_v2,,,,"error:returncode=1 king/masive_als_tdp43v4/ligandos/CHEMBL1187934_out.pdbqt
Reading input ... done.


Parse error on line 46 in file ""/kaggle/working/masive_als_tdp43v4/ligandos/CHEMBL1187934.pdbqt"": Unknown or inappropriate tag
No valid ligands in the input directory
 | returncode=1 king/masive_als_tdp43v4/ligandos/CHEMBL1187934_out.pdbqt
Reading input ... done.


Parse error on line 46 in file ""/kaggle/working/masive_als_tdp43v4/ligandos/CHEMBL1187934.pdbqt"": Unknown or inappropriate tag
No valid ligands in the input directory
 | returncode=1 king/masive_als_tdp43v4/ligandos/CHEMBL1187934_out.pdbqt
Reading input ... done.


Parse error on line 46 in file ""/kaggle/working/masive_als_tdp43v4/ligandos/CHEMBL1187934.pdbqt"": Unknown or inappropriate tag
No valid ligands in the input directory
",2026-09-05 10:25:32
CHEMBL1187965,TDP43_v2,,,,"error:returncode=1 king/masive_als_tdp43v4/ligandos/CHEMBL1187965_out.pdbqt
Reading input ... done.


Parse error on line 52 in file ""/kaggle/working/masive_als_tdp43v4/ligandos/CHEMBL1187965.pdbqt"": Unknown or inappropriate tag
No valid ligands in the input directory
 | returncode=1 king/masive_als_tdp43v4/ligandos/CHEMBL1187965_out.pdbqt
Reading input ... done.


Parse error on line 52 in file ""/kaggle/working/masive_als_tdp43v4/ligandos/CHEMBL1187965.pdbqt"": Unknown or inappropriate tag
No valid ligands in the input directory
 | returncode=1 king/masive_als_tdp43v4/ligandos/CHEMBL1187965_out.pdbqt
Reading input ... done.


Parse error on line 52 in file ""/kaggle/working/masive_als_tdp43v4/ligandos/CHEMBL1187965.pdbqt"": Unknown or inappropriate tag
No valid ligands in the input directory
",2026-09-05 10:25:32
CHEMBL1188100,TDP43_v2,,,,"error:returncode=1 king/masive_als_tdp43v4/ligandos/CHEMBL1188100_out.pdbqt
Reading input ... done.


Parse error on line 95 in file ""/kaggle/working/masive_als_tdp43v4/ligandos/CHEMBL1188100.pdbqt"": Unknown or inappropriate tag
No valid ligands in the input directory
 | returncode=1 king/masive_als_tdp43v4/ligandos/CHEMBL1188100_out.pdbqt
Reading input ... done.


Parse error on line 95 in file ""/kaggle/working/masive_als_tdp43v4/ligandos/CHEMBL1188100.pdbqt"": Unknown or inappropriate tag
No valid ligands in the input directory
 | returncode=1 king/masive_als_tdp43v4/ligandos/CHEMBL1188100_out.pdbqt
Reading input ... done.


Parse error on line 95 in file ""/kaggle/working/masive_als_tdp43v4/ligandos/CHEMBL1188100.pdbqt"": Unknown or inappropriate tag
No valid ligands in the input directory
",2026-09-05 10:25:32
CHEMBL118815,TDP43_v2,-5.7,777,-5.5000;-5.2000;-5.7000,ok,2026-09-05 10:25:56
CHEMBL1188181,TDP43_v2,-5.8,42,-5.8000;-5.8000;-5.3000,ok,2026-09-05 10:26:06
CHEMBL1188193,TDP43_v2,,,,"error:returncode=1 king/masive_als_tdp43v4/ligandos/CHEMBL1188193_out.pdbqt
Reading input ... done.


Parse error on line 85 in file ""/kaggle/working/masive_als_tdp43v4/ligandos/CHEMBL1188193.pdbqt"": Unknown or inappropriate tag
No valid ligands in the input directory
 | returncode=1 king/masive_als_tdp43v4/ligandos/CHEMBL1188193_out.pdbqt
Reading input ... done.


Parse error on line 85 in file ""/kaggle/working/masive_als_tdp43v4/ligandos/CHEMBL1188193.pdbqt"": Unknown or inappropriate tag
No valid ligands in the input directory
 | returncode=1 king/masive_als_tdp43v4/ligandos/CHEMBL1188193_out.pdbqt
Reading input ... done.


Parse error on line 85 in file ""/kaggle/working/masive_als_tdp43v4/ligandos/CHEMBL1188193.pdbqt"": Unknown or inappropriate tag
No valid ligands in the input directory
",2026-09-05 10:26:06
CHEMBL1188246,TDP43_v2,,,,"error:returncode=1 ing/masive_als_tdp43v4/ligandos/CHEMBL1188246_out.pdbqt
Reading input ... done.


Parse error on line 109 in file ""/kaggle/working/masive_als_tdp43v4/ligandos/CHEMBL1188246.pdbqt"": Unknown or inappropriate tag
No valid ligands in the input directory
 | returncode=1 ing/masive_als_tdp43v4/ligandos/CHEMBL1188246_out.pdbqt
Reading input ... done.


Parse error on line 109 in file ""/kaggle/working/masive_als_tdp43v4/ligandos/CHEMBL1188246.pdbqt"": Unknown or inappropriate tag
No valid ligands in the input directory
 | returncode=1 ing/masive_als_tdp43v4/ligandos/CHEMBL1188246_out.pdbqt
Reading input ... done.


Parse error on line 109 in file ""/kaggle/working/masive_als_tdp43v4/ligandos/CHEMBL1188246.pdbqt"": Unknown or inappropriate tag
No valid ligands in the input directory
",2026-09-05 10:26:06
CHEMBL1188390,TDP43_v2,,,,"error:returncode=1 king/masive_als_tdp43v4/ligandos/CHEMBL1188390_out.pdbqt
Reading input ... done.


Parse error on line 42 in file ""/kaggle/working/masive_als_tdp43v4/ligandos/CHEMBL1188390.pdbqt"": Unknown or inappropriate tag
No valid ligands in the input directory
 | returncode=1 king/masive_als_tdp43v4/ligandos/CHEMBL1188390_out.pdbqt
Reading input ... done.


Parse error on line 42 in file ""/kaggle/working/masive_als_tdp43v4/ligandos/CHEMBL1188390.pdbqt"": Unknown or inappropriate tag
No valid ligands in the input directory
 | returncode=1 king/masive_als_tdp43v4/ligandos/CHEMBL1188390_out.pdbqt
Reading input ... done.


Parse error on line 42 in file ""/kaggle/working/masive_als_tdp43v4/ligandos/CHEMBL1188390.pdbqt"": Unknown or inappropriate tag
No valid ligands in the input directory
",2026-09-05 10:26:06
CHEMBL1188395,TDP43_v2,-5.7,42,-5.7000;-5.6000;-5.6000,ok,2026-09-05 10:26:12
CHEMBL118841,TDP43_v2,-5.8,42,-5.8000;-5.6000;-5.7000,ok,2026-09-05 10:26:22
CHEMBL118848,TDP43_v2,-7.0,2026,-6.8000;-7.0000;-6.6000,ok,2026-09-05 10:26:43
CHEMBL1188530,TDP43_v2,-6.0,777,-5.4000;-5.8000;-6.0000,ok,2026-09-05 10:26:53
CHEMBL1188556,TDP43_v2,,,,"error:returncode=1 ing/masive_als_tdp43v4/ligandos/CHEMBL1188556_out.pdbqt
Reading input ... done.


Parse error on line 121 in file ""/kaggle/working/masive_als_tdp43v4/ligandos/CHEMBL1188556.pdbqt"": Unknown or inappropriate tag
No valid ligands in the input directory
 | returncode=1 ing/masive_als_tdp43v4/ligandos/CHEMBL1188556_out.pdbqt
Reading input ... done.


Parse error on line 121 in file ""/kaggle/working/masive_als_tdp43v4/ligandos/CHEMBL1188556.pdbqt"": Unknown or inappropriate tag
No valid ligands in the input directory
 | returncode=1 ing/masive_als_tdp43v4/ligandos/CHEMBL1188556_out.pdbqt
Reading input ... done.


Parse error on line 121 in file ""/kaggle/working/masive_als_tdp43v4/ligandos/CHEMBL1188556.pdbqt"": Unknown or inappropriate tag
No valid ligands in the input directory
",2026-09-05 10:26:53
CHEMBL118860,TDP43_v2,-5.8,2026,-5.3000;-5.8000;-5.3000,ok,2026-09-05 10:27:08
CHEMBL118865,TDP43_v2,-6.2,777,-6.1000;-6.0000;-6.2000,ok,2026-09-05 10:27:18
CHEMBL1188714,TDP43_v2,,,,"error:returncode=1 king/masive_als_tdp43v4/ligandos/CHEMBL1188714_out.pdbqt
Reading input ... done.


Parse error on line 28 in file ""/kaggle/working/masive_als_tdp43v4/ligandos/CHEMBL1188714.pdbqt"": Unknown or inappropriate tag
No valid ligands in the input directory
 | returncode=1 king/masive_als_tdp43v4/ligandos/CHEMBL1188714_out.pdbqt
Reading input ... done.


Parse error on line 28 in file ""/kaggle/working/masive_als_tdp43v4/ligandos/CHEMBL1188714.pdbqt"": Unknown or inappropriate tag
No valid ligands in the input directory
 | returncode=1 king/masive_als_tdp43v4/ligandos/CHEMBL1188714_out.pdbqt
Reading input ... done.


Parse error on line 28 in file ""/kaggle/working/masive_als_tdp43v4/ligandos/CHEMBL1188714.pdbqt"": Unknown or inappropriate tag
No valid ligands in the input directory
",2026-09-05 10:27:18
CHEMBL118883,TDP43_v2,-6.2,42,-6.2000;-6.1000;-6.0000,ok,2026-09-05 10:27:24
CHEMBL1189,TDP43_v2,-3.5,42,-3.5000;-3.5000;-3.5000,ok,2026-09-05 10:27:31
CHEMBL1189025,TDP43_v2,-5.9,42,-5.9000;-5.1000;-5.9000,ok,2026-09-05 10:28:23
CHEMBL118903,TDP43_v2,-5.1,42,-5.1000;-5.0000;-5.1000,ok,2026-09-05 10:28:29
CHEMBL1189040,TDP43_v2,,,,"error:returncode=1 king/masive_als_tdp43v4/ligandos/CHEMBL1189040_out.pdbqt
Reading input ... done.


Parse error on line 89 in file ""/kaggle/working/masive_als_tdp43v4/ligandos/CHEMBL1189040.pdbqt"": Unknown or inappropriate tag
No valid ligands in the input directory
 | returncode=1 king/masive_als_tdp43v4/ligandos/CHEMBL1189040_out.pdbqt
Reading input ... done.


Parse error on line 89 in file ""/kaggle/working/masive_als_tdp43v4/ligandos/CHEMBL1189040.pdbqt"": Unknown or inappropriate tag
No valid ligands in the input directory
 | returncode=1 king/masive_als_tdp43v4/ligandos/CHEMBL1189040_out.pdbqt
Reading input ... done.


Parse error on line 89 in file ""/kaggle/working/masive_als_tdp43v4/ligandos/CHEMBL1189040.pdbqt"": Unknown or inappropriate tag
No valid ligands in the input directory
",2026-09-05 10:28:29
CHEMBL1189108,TDP43_v2,,,,"error:returncode=1 king/masive_als_tdp43v4/ligandos/CHEMBL1189108_out.pdbqt
Reading input ... done.


Parse error on line 70 in file ""/kaggle/working/masive_als_tdp43v4/ligandos/CHEMBL1189108.pdbqt"": Unknown or inappropriate tag
No valid ligands in the input directory
 | returncode=1 king/masive_als_tdp43v4/ligandos/CHEMBL1189108_out.pdbqt
Reading input ... done.


Parse error on line 70 in file ""/kaggle/working/masive_als_tdp43v4/ligandos/CHEMBL1189108.pdbqt"": Unknown or inappropriate tag
No valid ligands in the input directory
 | returncode=1 king/masive_als_tdp43v4/ligandos/CHEMBL1189108_out.pdbqt
Reading input ... done.


Parse error on line 70 in file ""/kaggle/working/masive_als_tdp43v4/ligandos/CHEMBL1189108.pdbqt"": Unknown or inappropriate tag
No valid ligands in the input directory
",2026-09-05 10:28:29
CHEMBL1189122,TDP43_v2,,,,"error:returncode=1 king/masive_als_tdp43v4/ligandos/CHEMBL1189122_out.pdbqt
Reading input ... done.


Parse error on line 48 in file ""/kaggle/working/masive_als_tdp43v4/ligandos/CHEMBL1189122.pdbqt"": Unknown or inappropriate tag
No valid ligands in the input directory
 | returncode=1 king/masive_als_tdp43v4/ligandos/CHEMBL1189122_out.pdbqt
Reading input ... done.


Parse error on line 48 in file ""/kaggle/working/masive_als_tdp43v4/ligandos/CHEMBL1189122.pdbqt"": Unknown or inappropriate tag
No valid ligands in the input directory
 | returncode=1 king/masive_als_tdp43v4/ligandos/CHEMBL1189122_out.pdbqt
Reading input ... done.


Parse error on line 48 in file ""/kaggle/working/masive_als_tdp43v4/ligandos/CHEMBL1189122.pdbqt"": Unknown or inappropriate tag
No valid ligands in the input directory
",2026-09-05 10:28:29
CHEMBL1189150,TDP43_v2,-4.1,42,-4.1000;-3.7000;-4.1000,ok,2026-09-05 10:28:36
CHEMBL1189155,TDP43_v2,,,,"error:returncode=1 king/masive_als_tdp43v4/ligandos/CHEMBL1189155_out.pdbqt
Reading input ... done.


Parse error on line 67 in file ""/kaggle/working/masive_als_tdp43v4/ligandos/CHEMBL1189155.pdbqt"": Unknown or inappropriate tag
No valid ligands in the input directory
 | returncode=1 king/masive_als_tdp43v4/ligandos/CHEMBL1189155_out.pdbqt
Reading input ... done.


Parse error on line 67 in file ""/kaggle/working/masive_als_tdp43v4/ligandos/CHEMBL1189155.pdbqt"": Unknown or inappropriate tag
No valid ligands in the input directory
 | returncode=1 king/masive_als_tdp43v4/ligandos/CHEMBL1189155_out.pdbqt
Reading input ... done.


Parse error on line 67 in file ""/kaggle/working/masive_als_tdp43v4/ligandos/CHEMBL1189155.pdbqt"": Unknown or inappropriate tag
No valid ligands in the input directory
",2026-09-05 10:28:36
CHEMBL1189172,TDP43_v2,,,,"error:returncode=1 king/masive_als_tdp43v4/ligandos/CHEMBL1189172_out.pdbqt
Reading input ... done.


Parse error on line 58 in file ""/kaggle/working/masive_als_tdp43v4/ligandos/CHEMBL1189172.pdbqt"": Unknown or inappropriate tag
No valid ligands in the input directory
 | returncode=1 king/masive_als_tdp43v4/ligandos/CHEMBL1189172_out.pdbqt
Reading input ... done.


Parse error on line 58 in file ""/kaggle/working/masive_als_tdp43v4/ligandos/CHEMBL1189172.pdbqt"": Unknown or inappropriate tag
No valid ligands in the input directory
 | returncode=1 king/masive_als_tdp43v4/ligandos/CHEMBL1189172_out.pdbqt
Reading input ... done.


Parse error on line 58 in file ""/kaggle/working/masive_als_tdp43v4/ligandos/CHEMBL1189172.pdbqt"": Unknown or inappropriate tag
No valid ligands in the input directory
",2026-09-05 10:28:36
CHEMBL1189257,TDP43_v2,-5.0,777,-4.9000;-4.9000;-5.0000,ok,2026-09-05 10:28:42
CHEMBL1189290,TDP43_v2,,,,"error:returncode=1 king/masive_als_tdp43v4/ligandos/CHEMBL1189290_out.pdbqt
Reading input ... done.


Parse error on line 30 in file ""/kaggle/working/masive_als_tdp43v4/ligandos/CHEMBL1189290.pdbqt"": Unknown or inappropriate tag
No valid ligands in the input directory
 | returncode=1 king/masive_als_tdp43v4/ligandos/CHEMBL1189290_out.pdbqt
Reading input ... done.


Parse error on line 30 in file ""/kaggle/working/masive_als_tdp43v4/ligandos/CHEMBL1189290.pdbqt"": Unknown or inappropriate tag
No valid ligands in the input directory
 | returncode=1 king/masive_als_tdp43v4/ligandos/CHEMBL1189290_out.pdbqt
Reading input ... done.


Parse error on line 30 in file ""/kaggle/working/masive_als_tdp43v4/ligandos/CHEMBL1189290.pdbqt"": Unknown or inappropriate tag
No valid ligands in the input directory
",2026-09-05 10:28:42
CHEMBL1189407,TDP43_v2,,,,"error:returncode=1 king/masive_als_tdp43v4/ligandos/CHEMBL1189407_out.pdbqt
Reading input ... done.


Parse error on line 98 in file ""/kaggle/working/masive_als_tdp43v4/ligandos/CHEMBL1189407.pdbqt"": Unknown or inappropriate tag
No valid ligands in the input directory
 | returncode=1 king/masive_als_tdp43v4/ligandos/CHEMBL1189407_out.pdbqt
Reading input ... done.


Parse error on line 98 in file ""/kaggle/working/masive_als_tdp43v4/ligandos/CHEMBL1189407.pdbqt"": Unknown or inappropriate tag
No valid ligands in the input directory
 | returncode=1 king/masive_als_tdp43v4/ligandos/CHEMBL1189407_out.pdbqt
Reading input ... done.


Parse error on line 98 in file ""/kaggle/working/masive_als_tdp43v4/ligandos/CHEMBL1189407.pdbqt"": Unknown or inappropriate tag
No valid ligands in the input directory
",2026-09-05 10:28:42
CHEMBL1189481,TDP43_v2,,,,"error:returncode=1 king/masive_als_tdp43v4/ligandos/CHEMBL1189481_out.pdbqt
Reading input ... done.


Parse error on line 60 in file ""/kaggle/working/masive_als_tdp43v4/ligandos/CHEMBL1189481.pdbqt"": Unknown or inappropriate tag
No valid ligands in the input directory
 | returncode=1 king/masive_als_tdp43v4/ligandos/CHEMBL1189481_out.pdbqt
Reading input ... done.


Parse error on line 60 in file ""/kaggle/working/masive_als_tdp43v4/ligandos/CHEMBL1189481.pdbqt"": Unknown or inappropriate tag
No valid ligands in the input directory
 | returncode=1 king/masive_als_tdp43v4/ligandos/CHEMBL1189481_out.pdbqt
Reading input ... done.


Parse error on line 60 in file ""/kaggle/working/masive_als_tdp43v4/ligandos/CHEMBL1189481.pdbqt"": Unknown or inappropriate tag
No valid ligands in the input directory
",2026-09-05 10:28:42
CHEMBL1189513,TDP43_v2,-6.1,2026,-5.7000;-6.1000;-5.4000,ok,2026-09-05 10:28:49
CHEMBL1189521,TDP43_v2,,,,"error:returncode=1 king/masive_als_tdp43v4/ligandos/CHEMBL1189521_out.pdbqt
Reading input ... done.


Parse error on line 52 in file ""/kaggle/working/masive_als_tdp43v4/ligandos/CHEMBL1189521.pdbqt"": Unknown or inappropriate tag
No valid ligands in the input directory
 | returncode=1 king/masive_als_tdp43v4/ligandos/CHEMBL1189521_out.pdbqt
Reading input ... done.


Parse error on line 52 in file ""/kaggle/working/masive_als_tdp43v4/ligandos/CHEMBL1189521.pdbqt"": Unknown or inappropriate tag
No valid ligands in the input directory
 | returncode=1 king/masive_als_tdp43v4/ligandos/CHEMBL1189521_out.pdbqt
Reading input ... done.


Parse error on line 52 in file ""/kaggle/working/masive_als_tdp43v4/ligandos/CHEMBL1189521.pdbqt"": Unknown or inappropriate tag
No valid ligands in the input directory
",2026-09-05 10:28:49
CHEMBL1189522,TDP43_v2,,,,"error:returncode=1 king/masive_als_tdp43v4/ligandos/CHEMBL1189522_out.pdbqt
Reading input ... done.


Parse error on line 59 in file ""/kaggle/working/masive_als_tdp43v4/ligandos/CHEMBL1189522.pdbqt"": Unknown or inappropriate tag
No valid ligands in the input directory
 | returncode=1 king/masive_als_tdp43v4/ligandos/CHEMBL1189522_out.pdbqt
Reading input ... done.


Parse error on line 59 in file ""/kaggle/working/masive_als_tdp43v4/ligandos/CHEMBL1189522.pdbqt"": Unknown or inappropriate tag
No valid ligands in the input directory
 | returncode=1 king/masive_als_tdp43v4/ligandos/CHEMBL1189522_out.pdbqt
Reading input ... done.


Parse error on line 59 in file ""/kaggle/working/masive_als_tdp43v4/ligandos/CHEMBL1189522.pdbqt"": Unknown or inappropriate tag
No valid ligands in the input directory
",2026-09-05 10:28:49
CHEMBL1189529,TDP43_v2,,,,"error:returncode=1 king/masive_als_tdp43v4/ligandos/CHEMBL1189529_out.pdbqt
Reading input ... done.


Parse error on line 42 in file ""/kaggle/working/masive_als_tdp43v4/ligandos/CHEMBL1189529.pdbqt"": Unknown or inappropriate tag
No valid ligands in the input directory
 | returncode=1 king/masive_als_tdp43v4/ligandos/CHEMBL1189529_out.pdbqt
Reading input ... done.


Parse error on line 42 in file ""/kaggle/working/masive_als_tdp43v4/ligandos/CHEMBL1189529.pdbqt"": Unknown or inappropriate tag
No valid ligands in the input directory
 | returncode=1 king/masive_als_tdp43v4/ligandos/CHEMBL1189529_out.pdbqt
Reading input ... done.


Parse error on line 42 in file ""/kaggle/working/masive_als_tdp43v4/ligandos/CHEMBL1189529.pdbqt"": Unknown or inappropriate tag
No valid ligands in the input directory
",2026-09-05 10:28:49
CHEMBL1189537,TDP43_v2,,,,"error:returncode=1 king/masive_als_tdp43v4/ligandos/CHEMBL1189537_out.pdbqt
Reading input ... done.


Parse error on line 32 in file ""/kaggle/working/masive_als_tdp43v4/ligandos/CHEMBL1189537.pdbqt"": Unknown or inappropriate tag
No valid ligands in the input directory
 | returncode=1 king/masive_als_tdp43v4/ligandos/CHEMBL1189537_out.pdbqt
Reading input ... done.


Parse error on line 32 in file ""/kaggle/working/masive_als_tdp43v4/ligandos/CHEMBL1189537.pdbqt"": Unknown or inappropriate tag
No valid ligands in the input directory
 | returncode=1 king/masive_als_tdp43v4/ligandos/CHEMBL1189537_out.pdbqt
Reading input ... done.


Parse error on line 32 in file ""/kaggle/working/masive_als_tdp43v4/ligandos/CHEMBL1189537.pdbqt"": Unknown or inappropriate tag
No valid ligands in the input directory
",2026-09-05 10:28:49
CHEMBL118958,TDP43_v2,-5.6,42,-5.6000;-5.5000;-5.6000,ok,2026-09-05 10:28:55
CHEMBL1189597,TDP43_v2,,,,"error:returncode=1 king/masive_als_tdp43v4/ligandos/CHEMBL1189597_out.pdbqt
Reading input ... done.


Parse error on line 66 in file ""/kaggle/working/masive_als_tdp43v4/ligandos/CHEMBL1189597.pdbqt"": Unknown or inappropriate tag
No valid ligands in the input directory
 | returncode=1 king/masive_als_tdp43v4/ligandos/CHEMBL1189597_out.pdbqt
Reading input ... done.


Parse error on line 66 in file ""/kaggle/working/masive_als_tdp43v4/ligandos/CHEMBL1189597.pdbqt"": Unknown or inappropriate tag
No valid ligands in the input directory
 | returncode=1 king/masive_als_tdp43v4/ligandos/CHEMBL1189597_out.pdbqt
Reading input ... done.


Parse error on line 66 in file ""/kaggle/working/masive_als_tdp43v4/ligandos/CHEMBL1189597.pdbqt"": Unknown or inappropriate tag
No valid ligands in the input directory
",2026-09-05 10:28:55
CHEMBL1189599,TDP43_v2,,,,"error:returncode=1 king/masive_als_tdp43v4/ligandos/CHEMBL1189599_out.pdbqt
Reading input ... done.


Parse error on line 67 in file ""/kaggle/working/masive_als_tdp43v4/ligandos/CHEMBL1189599.pdbqt"": Unknown or inappropriate tag
No valid ligands in the input directory
 | returncode=1 king/masive_als_tdp43v4/ligandos/CHEMBL1189599_out.pdbqt
Reading input ... done.


Parse error on line 67 in file ""/kaggle/working/masive_als_tdp43v4/ligandos/CHEMBL1189599.pdbqt"": Unknown or inappropriate tag
No valid ligands in the input directory
 | returncode=1 king/masive_als_tdp43v4/ligandos/CHEMBL1189599_out.pdbqt
Reading input ... done.


Parse error on line 67 in file ""/kaggle/working/masive_als_tdp43v4/ligandos/CHEMBL1189599.pdbqt"": Unknown or inappropriate tag
No valid ligands in the input directory
",2026-09-05 10:28:55
CHEMBL1189601,TDP43_v2,,,,"error:returncode=1 king/masive_als_tdp43v4/ligandos/CHEMBL1189601_out.pdbqt
Reading input ... done.


Parse error on line 42 in file ""/kaggle/working/masive_als_tdp43v4/ligandos/CHEMBL1189601.pdbqt"": Unknown or inappropriate tag
No valid ligands in the input directory
 | returncode=1 king/masive_als_tdp43v4/ligandos/CHEMBL1189601_out.pdbqt
Reading input ... done.


Parse error on line 42 in file ""/kaggle/working/masive_als_tdp43v4/ligandos/CHEMBL1189601.pdbqt"": Unknown or inappropriate tag
No valid ligands in the input directory
 | returncode=1 king/masive_als_tdp43v4/ligandos/CHEMBL1189601_out.pdbqt
Reading input ... done.


Parse error on line 42 in file ""/kaggle/working/masive_als_tdp43v4/ligandos/CHEMBL1189601.pdbqt"": Unknown or inappropriate tag
No valid ligands in the input directory
",2026-09-05 10:28:55
CHEMBL1189614,TDP43_v2,,,,"error:returncode=1 king/masive_als_tdp43v4/ligandos/CHEMBL1189614_out.pdbqt
Reading input ... done.


Parse error on line 41 in file ""/kaggle/working/masive_als_tdp43v4/ligandos/CHEMBL1189614.pdbqt"": Unknown or inappropriate tag
No valid ligands in the input directory
 | returncode=1 king/masive_als_tdp43v4/ligandos/CHEMBL1189614_out.pdbqt
Reading input ... done.


Parse error on line 41 in file ""/kaggle/working/masive_als_tdp43v4/ligandos/CHEMBL1189614.pdbqt"": Unknown or inappropriate tag
No valid ligands in the input directory
 | returncode=1 king/masive_als_tdp43v4/ligandos/CHEMBL1189614_out.pdbqt
Reading input ... done.


Parse error on line 41 in file ""/kaggle/working/masive_als_tdp43v4/ligandos/CHEMBL1189614.pdbqt"": Unknown or inappropriate tag
No valid ligands in the input directory
",2026-09-05 10:28:55
CHEMBL1189648,TDP43_v2,,,,"error:returncode=1 king/masive_als_tdp43v4/ligandos/CHEMBL1189648_out.pdbqt
Reading input ... done.


Parse error on line 30 in file ""/kaggle/working/masive_als_tdp43v4/ligandos/CHEMBL1189648.pdbqt"": Unknown or inappropriate tag
No valid ligands in the input directory
 | returncode=1 king/masive_als_tdp43v4/ligandos/CHEMBL1189648_out.pdbqt
Reading input ... done.


Parse error on line 30 in file ""/kaggle/working/masive_als_tdp43v4/ligandos/CHEMBL1189648.pdbqt"": Unknown or inappropriate tag
No valid ligands in the input directory
 | returncode=1 king/masive_als_tdp43v4/ligandos/CHEMBL1189648_out.pdbqt
Reading input ... done.


Parse error on line 30 in file ""/kaggle/working/masive_als_tdp43v4/ligandos/CHEMBL1189648.pdbqt"": Unknown or inappropriate tag
No valid ligands in the input directory
",2026-09-05 10:28:55
CHEMBL1189696,TDP43_v2,,,,"error:returncode=1 king/masive_als_tdp43v4/ligandos/CHEMBL1189696_out.pdbqt
Reading input ... done.


Parse error on line 24 in file ""/kaggle/working/masive_als_tdp43v4/ligandos/CHEMBL1189696.pdbqt"": Unknown or inappropriate tag
No valid ligands in the input directory
 | returncode=1 king/masive_als_tdp43v4/ligandos/CHEMBL1189696_out.pdbqt
Reading input ... done.


Parse error on line 24 in file ""/kaggle/working/masive_als_tdp43v4/ligandos/CHEMBL1189696.pdbqt"": Unknown or inappropriate tag
No valid ligands in the input directory
 | returncode=1 king/masive_als_tdp43v4/ligandos/CHEMBL1189696_out.pdbqt
Reading input ... done.


Parse error on line 24 in file ""/kaggle/working/masive_als_tdp43v4/ligandos/CHEMBL1189696.pdbqt"": Unknown or inappropriate tag
No valid ligands in the input directory
",2026-09-05 10:28:55
CHEMBL1189780,TDP43_v2,-6.2,42,-6.2000;-6.1000;-6.2000,ok,2026-09-05 10:29:02
CHEMBL1189841,TDP43_v2,,,,"error:returncode=1 king/masive_als_tdp43v4/ligandos/CHEMBL1189841_out.pdbqt
Reading input ... done.


Parse error on line 28 in file ""/kaggle/working/masive_als_tdp43v4/ligandos/CHEMBL1189841.pdbqt"": Unknown or inappropriate tag
No valid ligands in the input directory
 | returncode=1 king/masive_als_tdp43v4/ligandos/CHEMBL1189841_out.pdbqt
Reading input ... done.


Parse error on line 28 in file ""/kaggle/working/masive_als_tdp43v4/ligandos/CHEMBL1189841.pdbqt"": Unknown or inappropriate tag
No valid ligands in the input directory
 | returncode=1 king/masive_als_tdp43v4/ligandos/CHEMBL1189841_out.pdbqt
Reading input ... done.


Parse error on line 28 in file ""/kaggle/working/masive_als_tdp43v4/ligandos/CHEMBL1189841.pdbqt"": Unknown or inappropriate tag
No valid ligands in the input directory
",2026-09-05 10:29:02
CHEMBL1189897,TDP43_v2,,,,"error:returncode=1 king/masive_als_tdp43v4/ligandos/CHEMBL1189897_out.pdbqt
Reading input ... done.


Parse error on line 83 in file ""/kaggle/working/masive_als_tdp43v4/ligandos/CHEMBL1189897.pdbqt"": Unknown or inappropriate tag
No valid ligands in the input directory
 | returncode=1 king/masive_als_tdp43v4/ligandos/CHEMBL1189897_out.pdbqt
Reading input ... done.


Parse error on line 83 in file ""/kaggle/working/masive_als_tdp43v4/ligandos/CHEMBL1189897.pdbqt"": Unknown or inappropriate tag
No valid ligands in the input directory
 | returncode=1 king/masive_als_tdp43v4/ligandos/CHEMBL1189897_out.pdbqt
Reading input ... done.


Parse error on line 83 in file ""/kaggle/working/masive_als_tdp43v4/ligandos/CHEMBL1189897.pdbqt"": Unknown or inappropriate tag
No valid ligands in the input directory
",2026-09-05 10:29:02
CHEMBL118992,TDP43_v2,-5.6,42,-5.6000;-5.6000;-5.6000,ok,2026-09-05 10:29:08
CHEMBL1190010,TDP43_v2,,,,"error:returncode=1 king/masive_als_tdp43v4/ligandos/CHEMBL1190010_out.pdbqt
Reading input ... done.


Parse error on line 34 in file ""/kaggle/working/masive_als_tdp43v4/ligandos/CHEMBL1190010.pdbqt"": Unknown or inappropriate tag
No valid ligands in the input directory
 | returncode=1 king/masive_als_tdp43v4/ligandos/CHEMBL1190010_out.pdbqt
Reading input ... done.


Parse error on line 34 in file ""/kaggle/working/masive_als_tdp43v4/ligandos/CHEMBL1190010.pdbqt"": Unknown or inappropriate tag
No valid ligands in the input directory
 | returncode=1 king/masive_als_tdp43v4/ligandos/CHEMBL1190010_out.pdbqt
Reading input ... done.


Parse error on line 34 in file ""/kaggle/working/masive_als_tdp43v4/ligandos/CHEMBL1190010.pdbqt"": Unknown or inappropriate tag
No valid ligands in the input directory
",2026-09-05 10:29:08
CHEMBL1190042,TDP43_v2,,,,"error:returncode=1 king/masive_als_tdp43v4/ligandos/CHEMBL1190042_out.pdbqt
Reading input ... done.


Parse error on line 24 in file ""/kaggle/working/masive_als_tdp43v4/ligandos/CHEMBL1190042.pdbqt"": Unknown or inappropriate tag
No valid ligands in the input directory
 | returncode=1 king/masive_als_tdp43v4/ligandos/CHEMBL1190042_out.pdbqt
Reading input ... done.


Parse error on line 24 in file ""/kaggle/working/masive_als_tdp43v4/ligandos/CHEMBL1190042.pdbqt"": Unknown or inappropriate tag
No valid ligands in the input directory
 | returncode=1 king/masive_als_tdp43v4/ligandos/CHEMBL1190042_out.pdbqt
Reading input ... done.


Parse error on line 24 in file ""/kaggle/working/masive_als_tdp43v4/ligandos/CHEMBL1190042.pdbqt"": Unknown or inappropriate tag
No valid ligands in the input directory
",2026-09-05 10:29:08
CHEMBL1190105,TDP43_v2,,,,"error:returncode=1 king/masive_als_tdp43v4/ligandos/CHEMBL1190105_out.pdbqt
Reading input ... done.


Parse error on line 64 in file ""/kaggle/working/masive_als_tdp43v4/ligandos/CHEMBL1190105.pdbqt"": Unknown or inappropriate tag
No valid ligands in the input directory
 | returncode=1 king/masive_als_tdp43v4/ligandos/CHEMBL1190105_out.pdbqt
Reading input ... done.


Parse error on line 64 in file ""/kaggle/working/masive_als_tdp43v4/ligandos/CHEMBL1190105.pdbqt"": Unknown or inappropriate tag
No valid ligands in the input directory
 | returncode=1 king/masive_als_tdp43v4/ligandos/CHEMBL1190105_out.pdbqt
Reading input ... done.


Parse error on line 64 in file ""/kaggle/working/masive_als_tdp43v4/ligandos/CHEMBL1190105.pdbqt"": Unknown or inappropriate tag
No valid ligands in the input directory
",2026-09-05 10:29:08
CHEMBL1190110,TDP43_v2,,,,"error:returncode=1 king/masive_als_tdp43v4/ligandos/CHEMBL1190110_out.pdbqt
Reading input ... done.


Parse error on line 26 in file ""/kaggle/working/masive_als_tdp43v4/ligandos/CHEMBL1190110.pdbqt"": Unknown or inappropriate tag
No valid ligands in the input directory
 | returncode=1 king/masive_als_tdp43v4/ligandos/CHEMBL1190110_out.pdbqt
Reading input ... done.


Parse error on line 26 in file ""/kaggle/working/masive_als_tdp43v4/ligandos/CHEMBL1190110.pdbqt"": Unknown or inappropriate tag
No valid ligands in the input directory
 | returncode=1 king/masive_als_tdp43v4/ligandos/CHEMBL1190110_out.pdbqt
Reading input ... done.


Parse error on line 26 in file ""/kaggle/working/masive_als_tdp43v4/ligandos/CHEMBL1190110.pdbqt"": Unknown or inappropriate tag
No valid ligands in the input directory
",2026-09-05 10:29:08
CHEMBL1190116,TDP43_v2,,,,"error:returncode=1 ing/masive_als_tdp43v4/ligandos/CHEMBL1190116_out.pdbqt
Reading input ... done.


Parse error on line 130 in file ""/kaggle/working/masive_als_tdp43v4/ligandos/CHEMBL1190116.pdbqt"": Unknown or inappropriate tag
No valid ligands in the input directory
 | returncode=1 ing/masive_als_tdp43v4/ligandos/CHEMBL1190116_out.pdbqt
Reading input ... done.


Parse error on line 130 in file ""/kaggle/working/masive_als_tdp43v4/ligandos/CHEMBL1190116.pdbqt"": Unknown or inappropriate tag
No valid ligands in the input directory
 | returncode=1 ing/masive_als_tdp43v4/ligandos/CHEMBL1190116_out.pdbqt
Reading input ... done.


Parse error on line 130 in file ""/kaggle/working/masive_als_tdp43v4/ligandos/CHEMBL1190116.pdbqt"": Unknown or inappropriate tag
No valid ligands in the input directory
",2026-09-05 10:29:08
CHEMBL1190117,TDP43_v2,,,,"error:returncode=1 ing/masive_als_tdp43v4/ligandos/CHEMBL1190117_out.pdbqt
Reading input ... done.


Parse error on line 174 in file ""/kaggle/working/masive_als_tdp43v4/ligandos/CHEMBL1190117.pdbqt"": Unknown or inappropriate tag
No valid ligands in the input directory
 | returncode=1 ing/masive_als_tdp43v4/ligandos/CHEMBL1190117_out.pdbqt
Reading input ... done.


Parse error on line 174 in file ""/kaggle/working/masive_als_tdp43v4/ligandos/CHEMBL1190117.pdbqt"": Unknown or inappropriate tag
No valid ligands in the input directory
 | returncode=1 ing/masive_als_tdp43v4/ligandos/CHEMBL1190117_out.pdbqt
Reading input ... done.


Parse error on line 174 in file ""/kaggle/working/masive_als_tdp43v4/ligandos/CHEMBL1190117.pdbqt"": Unknown or inappropriate tag
No valid ligands in the input directory
",2026-09-05 10:29:08
CHEMBL1190118,TDP43_v2,,,,"error:returncode=1 ing/masive_als_tdp43v4/ligandos/CHEMBL1190118_out.pdbqt
Reading input ... done.


Parse error on line 217 in file ""/kaggle/working/masive_als_tdp43v4/ligandos/CHEMBL1190118.pdbqt"": Unknown or inappropriate tag
No valid ligands in the input directory
 | returncode=1 ing/masive_als_tdp43v4/ligandos/CHEMBL1190118_out.pdbqt
Reading input ... done.


Parse error on line 217 in file ""/kaggle/working/masive_als_tdp43v4/ligandos/CHEMBL1190118.pdbqt"": Unknown or inappropriate tag
No valid ligands in the input directory
 | returncode=1 ing/masive_als_tdp43v4/ligandos/CHEMBL1190118_out.pdbqt
Reading input ... done.


Parse error on line 217 in file ""/kaggle/working/masive_als_tdp43v4/ligandos/CHEMBL1190118.pdbqt"": Unknown or inappropriate tag
No valid ligands in the input directory
",2026-09-05 10:29:08
CHEMBL1190119,TDP43_v2,-5.4,2026,-5.3000;-5.4000;-5.4000,ok,2026-09-05 10:29:15
CHEMBL1190122,TDP43_v2,,,,"error:returncode=1 king/masive_als_tdp43v4/ligandos/CHEMBL1190122_out.pdbqt
Reading input ... done.


Parse error on line 36 in file ""/kaggle/working/masive_als_tdp43v4/ligandos/CHEMBL1190122.pdbqt"": Unknown or inappropriate tag
No valid ligands in the input directory
 | returncode=1 king/masive_als_tdp43v4/ligandos/CHEMBL1190122_out.pdbqt
Reading input ... done.


Parse error on line 36 in file ""/kaggle/working/masive_als_tdp43v4/ligandos/CHEMBL1190122.pdbqt"": Unknown or inappropriate tag
No valid ligands in the input directory
 | returncode=1 king/masive_als_tdp43v4/ligandos/CHEMBL1190122_out.pdbqt
Reading input ... done.


Parse error on line 36 in file ""/kaggle/working/masive_als_tdp43v4/ligandos/CHEMBL1190122.pdbqt"": Unknown or inappropriate tag
No valid ligands in the input directory
",2026-09-05 10:29:15
CHEMBL1190127,TDP43_v2,,,,"error:returncode=1 king/masive_als_tdp43v4/ligandos/CHEMBL1190127_out.pdbqt
Reading input ... done.


Parse error on line 38 in file ""/kaggle/working/masive_als_tdp43v4/ligandos/CHEMBL1190127.pdbqt"": Unknown or inappropriate tag
No valid ligands in the input directory
 | returncode=1 king/masive_als_tdp43v4/ligandos/CHEMBL1190127_out.pdbqt
Reading input ... done.


Parse error on line 38 in file ""/kaggle/working/masive_als_tdp43v4/ligandos/CHEMBL1190127.pdbqt"": Unknown or inappropriate tag
No valid ligands in the input directory
 | returncode=1 king/masive_als_tdp43v4/ligandos/CHEMBL1190127_out.pdbqt
Reading input ... done.


Parse error on line 38 in file ""/kaggle/working/masive_als_tdp43v4/ligandos/CHEMBL1190127.pdbqt"": Unknown or inappropriate tag
No valid ligands in the input directory
",2026-09-05 10:29:15
CHEMBL1190146,TDP43_v2,,,,"error:returncode=1 ing/masive_als_tdp43v4/ligandos/CHEMBL1190146_out.pdbqt
Reading input ... done.


Parse error on line 146 in file ""/kaggle/working/masive_als_tdp43v4/ligandos/CHEMBL1190146.pdbqt"": Unknown or inappropriate tag
No valid ligands in the input directory
 | returncode=1 ing/masive_als_tdp43v4/ligandos/CHEMBL1190146_out.pdbqt
Reading input ... done.


Parse error on line 146 in file ""/kaggle/working/masive_als_tdp43v4/ligandos/CHEMBL1190146.pdbqt"": Unknown or inappropriate tag
No valid ligands in the input directory
 | returncode=1 ing/masive_als_tdp43v4/ligandos/CHEMBL1190146_out.pdbqt
Reading input ... done.


Parse error on line 146 in file ""/kaggle/working/masive_als_tdp43v4/ligandos/CHEMBL1190146.pdbqt"": Unknown or inappropriate tag
No valid ligands in the input directory
",2026-09-05 10:29:15
CHEMBL1190192,TDP43_v2,,,,"error:returncode=1 king/masive_als_tdp43v4/ligandos/CHEMBL1190192_out.pdbqt
Reading input ... done.


Parse error on line 66 in file ""/kaggle/working/masive_als_tdp43v4/ligandos/CHEMBL1190192.pdbqt"": Unknown or inappropriate tag
No valid ligands in the input directory
 | returncode=1 king/masive_als_tdp43v4/ligandos/CHEMBL1190192_out.pdbqt
Reading input ... done.


Parse error on line 66 in file ""/kaggle/working/masive_als_tdp43v4/ligandos/CHEMBL1190192.pdbqt"": Unknown or inappropriate tag
No valid ligands in the input directory
 | returncode=1 king/masive_als_tdp43v4/ligandos/CHEMBL1190192_out.pdbqt
Reading input ... done.


Parse error on line 66 in file ""/kaggle/working/masive_als_tdp43v4/ligandos/CHEMBL1190192.pdbqt"": Unknown or inappropriate tag
No valid ligands in the input directory
",2026-09-05 10:29:15
CHEMBL1190199,TDP43_v2,-5.9,42,-5.9000;-5.7000;-5.8000,ok,2026-09-05 10:29:30
CHEMBL1190262,TDP43_v2,-6.1,777,-5.7000;-5.9000;-6.1000,ok,2026-09-05 10:29:43
CHEMBL1190271,TDP43_v2,-5.9,2026,-5.7000;-5.9000;-5.7000,ok,2026-09-05 10:29:55
CHEMBL1190300,TDP43_v2,,,,"error:returncode=1 king/masive_als_tdp43v4/ligandos/CHEMBL1190300_out.pdbqt
Reading input ... done.


Parse error on line 28 in file ""/kaggle/working/masive_als_tdp43v4/ligandos/CHEMBL1190300.pdbqt"": Unknown or inappropriate tag
No valid ligands in the input directory
 | returncode=1 king/masive_als_tdp43v4/ligandos/CHEMBL1190300_out.pdbqt
Reading input ... done.


Parse error on line 28 in file ""/kaggle/working/masive_als_tdp43v4/ligandos/CHEMBL1190300.pdbqt"": Unknown or inappropriate tag
No valid ligands in the input directory
 | returncode=1 king/masive_als_tdp43v4/ligandos/CHEMBL1190300_out.pdbqt
Reading input ... done.


Parse error on line 28 in file ""/kaggle/working/masive_als_tdp43v4/ligandos/CHEMBL1190300.pdbqt"": Unknown or inappropriate tag
No valid ligands in the input directory
",2026-09-05 10:29:55
CHEMBL1190355,TDP43_v2,-4.8,2026,-4.6000;-4.8000;-4.1000,ok,2026-09-05 10:30:47
CHEMBL1190362,TDP43_v2,,,,"error:returncode=1 king/masive_als_tdp43v4/ligandos/CHEMBL1190362_out.pdbqt
Reading input ... done.


Parse error on line 36 in file ""/kaggle/working/masive_als_tdp43v4/ligandos/CHEMBL1190362.pdbqt"": Unknown or inappropriate tag
No valid ligands in the input directory
 | returncode=1 king/masive_als_tdp43v4/ligandos/CHEMBL1190362_out.pdbqt
Reading input ... done.


Parse error on line 36 in file ""/kaggle/working/masive_als_tdp43v4/ligandos/CHEMBL1190362.pdbqt"": Unknown or inappropriate tag
No valid ligands in the input directory
 | returncode=1 king/masive_als_tdp43v4/ligandos/CHEMBL1190362_out.pdbqt
Reading input ... done.


Parse error on line 36 in file ""/kaggle/working/masive_als_tdp43v4/ligandos/CHEMBL1190362.pdbqt"": Unknown or inappropriate tag
No valid ligands in the input directory
",2026-09-05 10:30:47
CHEMBL1190424,TDP43_v2,,,,"error:returncode=1 king/masive_als_tdp43v4/ligandos/CHEMBL1190424_out.pdbqt
Reading input ... done.


Parse error on line 79 in file ""/kaggle/working/masive_als_tdp43v4/ligandos/CHEMBL1190424.pdbqt"": Unknown or inappropriate tag
No valid ligands in the input directory
 | returncode=1 king/masive_als_tdp43v4/ligandos/CHEMBL1190424_out.pdbqt
Reading input ... done.


Parse error on line 79 in file ""/kaggle/working/masive_als_tdp43v4/ligandos/CHEMBL1190424.pdbqt"": Unknown or inappropriate tag
No valid ligands in the input directory
 | returncode=1 king/masive_als_tdp43v4/ligandos/CHEMBL1190424_out.pdbqt
Reading input ... done.


Parse error on line 79 in file ""/kaggle/working/masive_als_tdp43v4/ligandos/CHEMBL1190424.pdbqt"": Unknown or inappropriate tag
No valid ligands in the input directory
",2026-09-05 10:30:47
CHEMBL1190494,TDP43_v2,,,,"error:returncode=1 king/masive_als_tdp43v4/ligandos/CHEMBL1190494_out.pdbqt
Reading input ... done.


Parse error on line 93 in file ""/kaggle/working/masive_als_tdp43v4/ligandos/CHEMBL1190494.pdbqt"": Unknown or inappropriate tag
No valid ligands in the input directory
 | returncode=1 king/masive_als_tdp43v4/ligandos/CHEMBL1190494_out.pdbqt
Reading input ... done.


Parse error on line 93 in file ""/kaggle/working/masive_als_tdp43v4/ligandos/CHEMBL1190494.pdbqt"": Unknown or inappropriate tag
No valid ligands in the input directory
 | returncode=1 king/masive_als_tdp43v4/ligandos/CHEMBL1190494_out.pdbqt
Reading input ... done.


Parse error on line 93 in file ""/kaggle/working/masive_als_tdp43v4/ligandos/CHEMBL1190494.pdbqt"": Unknown or inappropriate tag
No valid ligands in the input directory
",2026-09-05 10:30:47
CHEMBL1190603,TDP43_v2,,,,"error:returncode=1 king/masive_als_tdp43v4/ligandos/CHEMBL1190603_out.pdbqt
Reading input ... done.


Parse error on line 44 in file ""/kaggle/working/masive_als_tdp43v4/ligandos/CHEMBL1190603.pdbqt"": Unknown or inappropriate tag
No valid ligands in the input directory
 | returncode=1 king/masive_als_tdp43v4/ligandos/CHEMBL1190603_out.pdbqt
Reading input ... done.


Parse error on line 44 in file ""/kaggle/working/masive_als_tdp43v4/ligandos/CHEMBL1190603.pdbqt"": Unknown or inappropriate tag
No valid ligands in the input directory
 | returncode=1 king/masive_als_tdp43v4/ligandos/CHEMBL1190603_out.pdbqt
Reading input ... done.


Parse error on line 44 in file ""/kaggle/working/masive_als_tdp43v4/ligandos/CHEMBL1190603.pdbqt"": Unknown or inappropriate tag
No valid ligands in the input directory
",2026-09-05 10:30:47
CHEMBL1190607,TDP43_v2,,,,"error:returncode=1 king/masive_als_tdp43v4/ligandos/CHEMBL1190607_out.pdbqt
Reading input ... done.


Parse error on line 84 in file ""/kaggle/working/masive_als_tdp43v4/ligandos/CHEMBL1190607.pdbqt"": Unknown or inappropriate tag
No valid ligands in the input directory
 | returncode=1 king/masive_als_tdp43v4/ligandos/CHEMBL1190607_out.pdbqt
Reading input ... done.


Parse error on line 84 in file ""/kaggle/working/masive_als_tdp43v4/ligandos/CHEMBL1190607.pdbqt"": Unknown or inappropriate tag
No valid ligands in the input directory
 | returncode=1 king/masive_als_tdp43v4/ligandos/CHEMBL1190607_out.pdbqt
Reading input ... done.


Parse error on line 84 in file ""/kaggle/working/masive_als_tdp43v4/ligandos/CHEMBL1190607.pdbqt"": Unknown or inappropriate tag
No valid ligands in the input directory
",2026-09-05 10:30:47
CHEMBL119062,TDP43_v2,-7.3,777,-6.2000;-6.9000;-7.3000,ok,2026-09-05 10:31:21
CHEMBL1190711,TDP43_v2,-6.1,2026,-5.8000;-6.1000;-6.1000,ok,2026-09-05 10:31:31
CHEMBL1190732,TDP43_v2,,,,"error:returncode=1 king/masive_als_tdp43v4/ligandos/CHEMBL1190732_out.pdbqt
Reading input ... done.


Parse error on line 34 in file ""/kaggle/working/masive_als_tdp43v4/ligandos/CHEMBL1190732.pdbqt"": Unknown or inappropriate tag
No valid ligands in the input directory
 | returncode=1 king/masive_als_tdp43v4/ligandos/CHEMBL1190732_out.pdbqt
Reading input ... done.


Parse error on line 34 in file ""/kaggle/working/masive_als_tdp43v4/ligandos/CHEMBL1190732.pdbqt"": Unknown or inappropriate tag
No valid ligands in the input directory
 | returncode=1 king/masive_als_tdp43v4/ligandos/CHEMBL1190732_out.pdbqt
Reading input ... done.


Parse error on line 34 in file ""/kaggle/working/masive_als_tdp43v4/ligandos/CHEMBL1190732.pdbqt"": Unknown or inappropriate tag
No valid ligands in the input directory
",2026-09-05 10:31:31
CHEMBL1190737,TDP43_v2,-6.8,42,-6.8000;-6.5000;-6.6000,ok,2026-09-05 10:31:40
CHEMBL1190753,TDP43_v2,-5.8,777,-5.5000;-5.6000;-5.8000,ok,2026-09-05 10:31:47
CHEMBL1190761,TDP43_v2,,,,"error:returncode=1 king/masive_als_tdp43v4/ligandos/CHEMBL1190761_out.pdbqt
Reading input ... done.


Parse error on line 22 in file ""/kaggle/working/masive_als_tdp43v4/ligandos/CHEMBL1190761.pdbqt"": Unknown or inappropriate tag
No valid ligands in the input directory
 | returncode=1 king/masive_als_tdp43v4/ligandos/CHEMBL1190761_out.pdbqt
Reading input ... done.


Parse error on line 22 in file ""/kaggle/working/masive_als_tdp43v4/ligandos/CHEMBL1190761.pdbqt"": Unknown or inappropriate tag
No valid ligands in the input directory
 | returncode=1 king/masive_als_tdp43v4/ligandos/CHEMBL1190761_out.pdbqt
Reading input ... done.


Parse error on line 22 in file ""/kaggle/working/masive_als_tdp43v4/ligandos/CHEMBL1190761.pdbqt"": Unknown or inappropriate tag
No valid ligands in the input directory
",2026-09-05 10:31:47
CHEMBL11908,TDP43_v2,-8.1,42,-8.1000;-8.0000;-8.0000,ok,2026-09-05 10:31:53
CHEMBL119083,TDP43_v2,-4.9,42,-4.9000;-4.9000;-4.9000,ok,2026-09-05 10:31:59
CHEMBL119084,TDP43_v2,-5.8,777,-5.1000;-5.5000;-5.8000,ok,2026-09-05 10:32:09
CHEMBL1190866,TDP43_v2,,,,"error:returncode=1 king/masive_als_tdp43v4/ligandos/CHEMBL1190866_out.pdbqt
Reading input ... done.


Parse error on line 88 in file ""/kaggle/working/masive_als_tdp43v4/ligandos/CHEMBL1190866.pdbqt"": Unknown or inappropriate tag
No valid ligands in the input directory
 | returncode=1 king/masive_als_tdp43v4/ligandos/CHEMBL1190866_out.pdbqt
Reading input ... done.


Parse error on line 88 in file ""/kaggle/working/masive_als_tdp43v4/ligandos/CHEMBL1190866.pdbqt"": Unknown or inappropriate tag
No valid ligands in the input directory
 | returncode=1 king/masive_als_tdp43v4/ligandos/CHEMBL1190866_out.pdbqt
Reading input ... done.


Parse error on line 88 in file ""/kaggle/working/masive_als_tdp43v4/ligandos/CHEMBL1190866.pdbqt"": Unknown or inappropriate tag
No valid ligands in the input directory
",2026-09-05 10:32:09
CHEMBL1190877,TDP43_v2,,,,"error:returncode=1 king/masive_als_tdp43v4/ligandos/CHEMBL1190877_out.pdbqt
Reading input ... done.


Parse error on line 68 in file ""/kaggle/working/masive_als_tdp43v4/ligandos/CHEMBL1190877.pdbqt"": Unknown or inappropriate tag
No valid ligands in the input directory
 | returncode=1 king/masive_als_tdp43v4/ligandos/CHEMBL1190877_out.pdbqt
Reading input ... done.


Parse error on line 68 in file ""/kaggle/working/masive_als_tdp43v4/ligandos/CHEMBL1190877.pdbqt"": Unknown or inappropriate tag
No valid ligands in the input directory
 | returncode=1 king/masive_als_tdp43v4/ligandos/CHEMBL1190877_out.pdbqt
Reading input ... done.


Parse error on line 68 in file ""/kaggle/working/masive_als_tdp43v4/ligandos/CHEMBL1190877.pdbqt"": Unknown or inappropriate tag
No valid ligands in the input directory
",2026-09-05 10:32:09
CHEMBL1190896,TDP43_v2,,,,"error:returncode=1 king/masive_als_tdp43v4/ligandos/CHEMBL1190896_out.pdbqt
Reading input ... done.


Parse error on line 30 in file ""/kaggle/working/masive_als_tdp43v4/ligandos/CHEMBL1190896.pdbqt"": Unknown or inappropriate tag
No valid ligands in the input directory
 | returncode=1 king/masive_als_tdp43v4/ligandos/CHEMBL1190896_out.pdbqt
Reading input ... done.


Parse error on line 30 in file ""/kaggle/working/masive_als_tdp43v4/ligandos/CHEMBL1190896.pdbqt"": Unknown or inappropriate tag
No valid ligands in the input directory
 | returncode=1 king/masive_als_tdp43v4/ligandos/CHEMBL1190896_out.pdbqt
Reading input ... done.


Parse error on line 30 in file ""/kaggle/working/masive_als_tdp43v4/ligandos/CHEMBL1190896.pdbqt"": Unknown or inappropriate tag
No valid ligands in the input directory
",2026-09-05 10:32:09
CHEMBL11909,TDP43_v2,-5.0,2026,-4.8000;-5.0000;-4.9000,ok,2026-09-05 10:32:15
CHEMBL1190904,TDP43_v2,-6.3,777,-5.9000;-6.1000;-6.3000,ok,2026-09-05 10:32:52
CHEMBL119096,TDP43_v2,-7.5,42,-7.5000;-7.5000;-7.5000,ok,2026-09-05 10:32:59
CHEMBL1190993,TDP43_v2,,,,"error:returncode=1 king/masive_als_tdp43v4/ligandos/CHEMBL1190993_out.pdbqt
Reading input ... done.


Parse error on line 47 in file ""/kaggle/working/masive_als_tdp43v4/ligandos/CHEMBL1190993.pdbqt"": Unknown or inappropriate tag
No valid ligands in the input directory
 | returncode=1 king/masive_als_tdp43v4/ligandos/CHEMBL1190993_out.pdbqt
Reading input ... done.


Parse error on line 47 in file ""/kaggle/working/masive_als_tdp43v4/ligandos/CHEMBL1190993.pdbqt"": Unknown or inappropriate tag
No valid ligands in the input directory
 | returncode=1 king/masive_als_tdp43v4/ligandos/CHEMBL1190993_out.pdbqt
Reading input ... done.


Parse error on line 47 in file ""/kaggle/working/masive_als_tdp43v4/ligandos/CHEMBL1190993.pdbqt"": Unknown or inappropriate tag
No valid ligands in the input directory
",2026-09-05 10:32:59
CHEMBL1191049,TDP43_v2,,,,"error:returncode=1 king/masive_als_tdp43v4/ligandos/CHEMBL1191049_out.pdbqt
Reading input ... done.


Parse error on line 38 in file ""/kaggle/working/masive_als_tdp43v4/ligandos/CHEMBL1191049.pdbqt"": Unknown or inappropriate tag
No valid ligands in the input directory
 | returncode=1 king/masive_als_tdp43v4/ligandos/CHEMBL1191049_out.pdbqt
Reading input ... done.


Parse error on line 38 in file ""/kaggle/working/masive_als_tdp43v4/ligandos/CHEMBL1191049.pdbqt"": Unknown or inappropriate tag
No valid ligands in the input directory
 | returncode=1 king/masive_als_tdp43v4/ligandos/CHEMBL1191049_out.pdbqt
Reading input ... done.


Parse error on line 38 in file ""/kaggle/working/masive_als_tdp43v4/ligandos/CHEMBL1191049.pdbqt"": Unknown or inappropriate tag
No valid ligands in the input directory
",2026-09-05 10:32:59
CHEMBL119108,TDP43_v2,-3.6,2026,-3.5000;-3.6000;-3.6000,ok,2026-09-05 10:33:05
CHEMBL1191103,TDP43_v2,,,,"error:returncode=1 king/masive_als_tdp43v4/ligandos/CHEMBL1191103_out.pdbqt
Reading input ... done.


Parse error on line 24 in file ""/kaggle/working/masive_als_tdp43v4/ligandos/CHEMBL1191103.pdbqt"": Unknown or inappropriate tag
No valid ligands in the input directory
 | returncode=1 king/masive_als_tdp43v4/ligandos/CHEMBL1191103_out.pdbqt
Reading input ... done.


Parse error on line 24 in file ""/kaggle/working/masive_als_tdp43v4/ligandos/CHEMBL1191103.pdbqt"": Unknown or inappropriate tag
No valid ligands in the input directory
 | returncode=1 king/masive_als_tdp43v4/ligandos/CHEMBL1191103_out.pdbqt
Reading input ... done.


Parse error on line 24 in file ""/kaggle/working/masive_als_tdp43v4/ligandos/CHEMBL1191103.pdbqt"": Unknown or inappropriate tag
No valid ligands in the input directory
",2026-09-05 10:33:05
CHEMBL119116,TDP43_v2,-5.3,2026,-5.0000;-5.3000;-5.3000,ok,2026-09-05 10:33:21
CHEMBL1191160,TDP43_v2,,,,"error:returncode=1 king/masive_als_tdp43v4/ligandos/CHEMBL1191160_out.pdbqt
Reading input ... done.


Parse error on line 24 in file ""/kaggle/working/masive_als_tdp43v4/ligandos/CHEMBL1191160.pdbqt"": Unknown or inappropriate tag
No valid ligands in the input directory
 | returncode=1 king/masive_als_tdp43v4/ligandos/CHEMBL1191160_out.pdbqt
Reading input ... done.


Parse error on line 24 in file ""/kaggle/working/masive_als_tdp43v4/ligandos/CHEMBL1191160.pdbqt"": Unknown or inappropriate tag
No valid ligands in the input directory
 | returncode=1 king/masive_als_tdp43v4/ligandos/CHEMBL1191160_out.pdbqt
Reading input ... done.


Parse error on line 24 in file ""/kaggle/working/masive_als_tdp43v4/ligandos/CHEMBL1191160.pdbqt"": Unknown or inappropriate tag
No valid ligands in the input directory
",2026-09-05 10:33:21
CHEMBL11912,TDP43_v2,-5.1,42,-5.1000;-5.1000;-5.1000,ok,2026-09-05 10:33:27
CHEMBL1191251,TDP43_v2,,,,"error:returncode=1 king/masive_als_tdp43v4/ligandos/CHEMBL1191251_out.pdbqt
Reading input ... done.


Parse error on line 30 in file ""/kaggle/working/masive_als_tdp43v4/ligandos/CHEMBL1191251.pdbqt"": Unknown or inappropriate tag
No valid ligands in the input directory
 | returncode=1 king/masive_als_tdp43v4/ligandos/CHEMBL1191251_out.pdbqt
Reading input ... done.


Parse error on line 30 in file ""/kaggle/working/masive_als_tdp43v4/ligandos/CHEMBL1191251.pdbqt"": Unknown or inappropriate tag
No valid ligands in the input directory
 | returncode=1 king/masive_als_tdp43v4/ligandos/CHEMBL1191251_out.pdbqt
Reading input ... done.


Parse error on line 30 in file ""/kaggle/working/masive_als_tdp43v4/ligandos/CHEMBL1191251.pdbqt"": Unknown or inappropriate tag
No valid ligands in the input directory
",2026-09-05 10:33:27
CHEMBL1191252,TDP43_v2,,,,"error:returncode=1 king/masive_als_tdp43v4/ligandos/CHEMBL1191252_out.pdbqt
Reading input ... done.


Parse error on line 76 in file ""/kaggle/working/masive_als_tdp43v4/ligandos/CHEMBL1191252.pdbqt"": Unknown or inappropriate tag
No valid ligands in the input directory
 | returncode=1 king/masive_als_tdp43v4/ligandos/CHEMBL1191252_out.pdbqt
Reading input ... done.


Parse error on line 76 in file ""/kaggle/working/masive_als_tdp43v4/ligandos/CHEMBL1191252.pdbqt"": Unknown or inappropriate tag
No valid ligands in the input directory
 | returncode=1 king/masive_als_tdp43v4/ligandos/CHEMBL1191252_out.pdbqt
Reading input ... done.


Parse error on line 76 in file ""/kaggle/working/masive_als_tdp43v4/ligandos/CHEMBL1191252.pdbqt"": Unknown or inappropriate tag
No valid ligands in the input directory
",2026-09-05 10:33:27
CHEMBL1191374,TDP43_v2,,,,"error:returncode=1 king/masive_als_tdp43v4/ligandos/CHEMBL1191374_out.pdbqt
Reading input ... done.


Parse error on line 59 in file ""/kaggle/working/masive_als_tdp43v4/ligandos/CHEMBL1191374.pdbqt"": Unknown or inappropriate tag
No valid ligands in the input directory
 | returncode=1 king/masive_als_tdp43v4/ligandos/CHEMBL1191374_out.pdbqt
Reading input ... done.


Parse error on line 59 in file ""/kaggle/working/masive_als_tdp43v4/ligandos/CHEMBL1191374.pdbqt"": Unknown or inappropriate tag
No valid ligands in the input directory
 | returncode=1 king/masive_als_tdp43v4/ligandos/CHEMBL1191374_out.pdbqt
Reading input ... done.


Parse error on line 59 in file ""/kaggle/working/masive_als_tdp43v4/ligandos/CHEMBL1191374.pdbqt"": Unknown or inappropriate tag
No valid ligands in the input directory
",2026-09-05 10:33:27
CHEMBL1191402,TDP43_v2,,,,"error:returncode=1 king/masive_als_tdp43v4/ligandos/CHEMBL1191402_out.pdbqt
Reading input ... done.


Parse error on line 46 in file ""/kaggle/working/masive_als_tdp43v4/ligandos/CHEMBL1191402.pdbqt"": Unknown or inappropriate tag
No valid ligands in the input directory
 | returncode=1 king/masive_als_tdp43v4/ligandos/CHEMBL1191402_out.pdbqt
Reading input ... done.


Parse error on line 46 in file ""/kaggle/working/masive_als_tdp43v4/ligandos/CHEMBL1191402.pdbqt"": Unknown or inappropriate tag
No valid ligands in the input directory
 | returncode=1 king/masive_als_tdp43v4/ligandos/CHEMBL1191402_out.pdbqt
Reading input ... done.


Parse error on line 46 in file ""/kaggle/working/masive_als_tdp43v4/ligandos/CHEMBL1191402.pdbqt"": Unknown or inappropriate tag
No valid ligands in the input directory
",2026-09-05 10:33:27
CHEMBL1191406,TDP43_v2,,,,"error:returncode=1 king/masive_als_tdp43v4/ligandos/CHEMBL1191406_out.pdbqt
Reading input ... done.


Parse error on line 66 in file ""/kaggle/working/masive_als_tdp43v4/ligandos/CHEMBL1191406.pdbqt"": Unknown or inappropriate tag
No valid ligands in the input directory
 | returncode=1 king/masive_als_tdp43v4/ligandos/CHEMBL1191406_out.pdbqt
Reading input ... done.


Parse error on line 66 in file ""/kaggle/working/masive_als_tdp43v4/ligandos/CHEMBL1191406.pdbqt"": Unknown or inappropriate tag
No valid ligands in the input directory
 | returncode=1 king/masive_als_tdp43v4/ligandos/CHEMBL1191406_out.pdbqt
Reading input ... done.


Parse error on line 66 in file ""/kaggle/working/masive_als_tdp43v4/ligandos/CHEMBL1191406.pdbqt"": Unknown or inappropriate tag
No valid ligands in the input directory
",2026-09-05 10:33:27
CHEMBL1191467,TDP43_v2,,,,"error:returncode=1 ing/masive_als_tdp43v4/ligandos/CHEMBL1191467_out.pdbqt
Reading input ... done.


Parse error on line 100 in file ""/kaggle/working/masive_als_tdp43v4/ligandos/CHEMBL1191467.pdbqt"": Unknown or inappropriate tag
No valid ligands in the input directory
 | returncode=1 ing/masive_als_tdp43v4/ligandos/CHEMBL1191467_out.pdbqt
Reading input ... done.


Parse error on line 100 in file ""/kaggle/working/masive_als_tdp43v4/ligandos/CHEMBL1191467.pdbqt"": Unknown or inappropriate tag
No valid ligands in the input directory
 | returncode=1 ing/masive_als_tdp43v4/ligandos/CHEMBL1191467_out.pdbqt
Reading input ... done.


Parse error on line 100 in file ""/kaggle/working/masive_als_tdp43v4/ligandos/CHEMBL1191467.pdbqt"": Unknown or inappropriate tag
No valid ligands in the input directory
",2026-09-05 10:33:27
CHEMBL1191469,TDP43_v2,,,,"error:returncode=1 king/masive_als_tdp43v4/ligandos/CHEMBL1191469_out.pdbqt
Reading input ... done.


Parse error on line 85 in file ""/kaggle/working/masive_als_tdp43v4/ligandos/CHEMBL1191469.pdbqt"": Unknown or inappropriate tag
No valid ligands in the input directory
 | returncode=1 king/masive_als_tdp43v4/ligandos/CHEMBL1191469_out.pdbqt
Reading input ... done.


Parse error on line 85 in file ""/kaggle/working/masive_als_tdp43v4/ligandos/CHEMBL1191469.pdbqt"": Unknown or inappropriate tag
No valid ligands in the input directory
 | returncode=1 king/masive_als_tdp43v4/ligandos/CHEMBL1191469_out.pdbqt
Reading input ... done.


Parse error on line 85 in file ""/kaggle/working/masive_als_tdp43v4/ligandos/CHEMBL1191469.pdbqt"": Unknown or inappropriate tag
No valid ligands in the input directory
",2026-09-05 10:33:27
CHEMBL119154,TDP43_v2,-6.0,42,-6.0000;-5.9000;-6.0000,ok,2026-09-05 10:33:34
CHEMBL1191675,TDP43_v2,,,,"error:returncode=1 king/masive_als_tdp43v4/ligandos/CHEMBL1191675_out.pdbqt
Reading input ... done.


Parse error on line 82 in file ""/kaggle/working/masive_als_tdp43v4/ligandos/CHEMBL1191675.pdbqt"": Unknown or inappropriate tag
No valid ligands in the input directory
 | returncode=1 king/masive_als_tdp43v4/ligandos/CHEMBL1191675_out.pdbqt
Reading input ... done.


Parse error on line 82 in file ""/kaggle/working/masive_als_tdp43v4/ligandos/CHEMBL1191675.pdbqt"": Unknown or inappropriate tag
No valid ligands in the input directory
 | returncode=1 king/masive_als_tdp43v4/ligandos/CHEMBL1191675_out.pdbqt
Reading input ... done.


Parse error on line 82 in file ""/kaggle/working/masive_als_tdp43v4/ligandos/CHEMBL1191675.pdbqt"": Unknown or inappropriate tag
No valid ligands in the input directory
",2026-09-05 10:33:34
CHEMBL119171,TDP43_v2,-5.4,42,-5.4000;-5.4000;-5.4000,ok,2026-09-05 10:33:40
CHEMBL119178,TDP43_v2,-1.9,42,-1.9000;-1.9000;-1.9000,ok,2026-09-05 10:33:46
CHEMBL1191882,TDP43_v2,,,,"error:returncode=1 king/masive_als_tdp43v4/ligandos/CHEMBL1191882_out.pdbqt
Reading input ... done.


Parse error on line 34 in file ""/kaggle/working/masive_als_tdp43v4/ligandos/CHEMBL1191882.pdbqt"": Unknown or inappropriate tag
No valid ligands in the input directory
 | returncode=1 king/masive_als_tdp43v4/ligandos/CHEMBL1191882_out.pdbqt
Reading input ... done.


Parse error on line 34 in file ""/kaggle/working/masive_als_tdp43v4/ligandos/CHEMBL1191882.pdbqt"": Unknown or inappropriate tag
No valid ligands in the input directory
 | returncode=1 king/masive_als_tdp43v4/ligandos/CHEMBL1191882_out.pdbqt
Reading input ... done.


Parse error on line 34 in file ""/kaggle/working/masive_als_tdp43v4/ligandos/CHEMBL1191882.pdbqt"": Unknown or inappropriate tag
No valid ligands in the input directory
",2026-09-05 10:33:46
CHEMBL1191883,TDP43_v2,,,,"error:returncode=1 king/masive_als_tdp43v4/ligandos/CHEMBL1191883_out.pdbqt
Reading input ... done.


Parse error on line 90 in file ""/kaggle/working/masive_als_tdp43v4/ligandos/CHEMBL1191883.pdbqt"": Unknown or inappropriate tag
No valid ligands in the input directory
 | returncode=1 king/masive_als_tdp43v4/ligandos/CHEMBL1191883_out.pdbqt
Reading input ... done.


Parse error on line 90 in file ""/kaggle/working/masive_als_tdp43v4/ligandos/CHEMBL1191883.pdbqt"": Unknown or inappropriate tag
No valid ligands in the input directory
 | returncode=1 king/masive_als_tdp43v4/ligandos/CHEMBL1191883_out.pdbqt
Reading input ... done.


Parse error on line 90 in file ""/kaggle/working/masive_als_tdp43v4/ligandos/CHEMBL1191883.pdbqt"": Unknown or inappropriate tag
No valid ligands in the input directory
",2026-09-05 10:33:46
CHEMBL1191989,TDP43_v2,-6.9,42,-6.9000;-6.7000;-6.9000,ok,2026-09-05 10:33:59
CHEMBL1192,TDP43_v2,-7.5,42,-7.5000;-7.5000;-7.5000,ok,2026-09-05 10:34:05
CHEMBL1192037,TDP43_v2,,,,"error:returncode=1 king/masive_als_tdp43v4/ligandos/CHEMBL1192037_out.pdbqt
Reading input ... done.


Parse error on line 65 in file ""/kaggle/working/masive_als_tdp43v4/ligandos/CHEMBL1192037.pdbqt"": Unknown or inappropriate tag
No valid ligands in the input directory
 | returncode=1 king/masive_als_tdp43v4/ligandos/CHEMBL1192037_out.pdbqt
Reading input ... done.


Parse error on line 65 in file ""/kaggle/working/masive_als_tdp43v4/ligandos/CHEMBL1192037.pdbqt"": Unknown or inappropriate tag
No valid ligands in the input directory
 | returncode=1 king/masive_als_tdp43v4/ligandos/CHEMBL1192037_out.pdbqt
Reading input ... done.


Parse error on line 65 in file ""/kaggle/working/masive_als_tdp43v4/ligandos/CHEMBL1192037.pdbqt"": Unknown or inappropriate tag
No valid ligands in the input directory
",2026-09-05 10:34:05
CHEMBL1192038,TDP43_v2,,,,"error:returncode=1 king/masive_als_tdp43v4/ligandos/CHEMBL1192038_out.pdbqt
Reading input ... done.


Parse error on line 63 in file ""/kaggle/working/masive_als_tdp43v4/ligandos/CHEMBL1192038.pdbqt"": Unknown or inappropriate tag
No valid ligands in the input directory
 | returncode=1 king/masive_als_tdp43v4/ligandos/CHEMBL1192038_out.pdbqt
Reading input ... done.


Parse error on line 63 in file ""/kaggle/working/masive_als_tdp43v4/ligandos/CHEMBL1192038.pdbqt"": Unknown or inappropriate tag
No valid ligands in the input directory
 | returncode=1 king/masive_als_tdp43v4/ligandos/CHEMBL1192038_out.pdbqt
Reading input ... done.


Parse error on line 63 in file ""/kaggle/working/masive_als_tdp43v4/ligandos/CHEMBL1192038.pdbqt"": Unknown or inappropriate tag
No valid ligands in the input directory
",2026-09-05 10:34:05
CHEMBL1192095,TDP43_v2,,,,"error:returncode=1 king/masive_als_tdp43v4/ligandos/CHEMBL1192095_out.pdbqt
Reading input ... done.


Parse error on line 75 in file ""/kaggle/working/masive_als_tdp43v4/ligandos/CHEMBL1192095.pdbqt"": Unknown or inappropriate tag
No valid ligands in the input directory
 | returncode=1 king/masive_als_tdp43v4/ligandos/CHEMBL1192095_out.pdbqt
Reading input ... done.


Parse error on line 75 in file ""/kaggle/working/masive_als_tdp43v4/ligandos/CHEMBL1192095.pdbqt"": Unknown or inappropriate tag
No valid ligands in the input directory
 | returncode=1 king/masive_als_tdp43v4/ligandos/CHEMBL1192095_out.pdbqt
Reading input ... done.


Parse error on line 75 in file ""/kaggle/working/masive_als_tdp43v4/ligandos/CHEMBL1192095.pdbqt"": Unknown or inappropriate tag
No valid ligands in the input directory
",2026-09-05 10:34:05
CHEMBL1192096,TDP43_v2,,,,"error:returncode=1 king/masive_als_tdp43v4/ligandos/CHEMBL1192096_out.pdbqt
Reading input ... done.


Parse error on line 93 in file ""/kaggle/working/masive_als_tdp43v4/ligandos/CHEMBL1192096.pdbqt"": Unknown or inappropriate tag
No valid ligands in the input directory
 | returncode=1 king/masive_als_tdp43v4/ligandos/CHEMBL1192096_out.pdbqt
Reading input ... done.


Parse error on line 93 in file ""/kaggle/working/masive_als_tdp43v4/ligandos/CHEMBL1192096.pdbqt"": Unknown or inappropriate tag
No valid ligands in the input directory
 | returncode=1 king/masive_als_tdp43v4/ligandos/CHEMBL1192096_out.pdbqt
Reading input ... done.


Parse error on line 93 in file ""/kaggle/working/masive_als_tdp43v4/ligandos/CHEMBL1192096.pdbqt"": Unknown or inappropriate tag
No valid ligands in the input directory
",2026-09-05 10:34:05
CHEMBL1192117,TDP43_v2,,,,"error:returncode=1 king/masive_als_tdp43v4/ligandos/CHEMBL1192117_out.pdbqt
Reading input ... done.


Parse error on line 68 in file ""/kaggle/working/masive_als_tdp43v4/ligandos/CHEMBL1192117.pdbqt"": Unknown or inappropriate tag
No valid ligands in the input directory
 | returncode=1 king/masive_als_tdp43v4/ligandos/CHEMBL1192117_out.pdbqt
Reading input ... done.


Parse error on line 68 in file ""/kaggle/working/masive_als_tdp43v4/ligandos/CHEMBL1192117.pdbqt"": Unknown or inappropriate tag
No valid ligands in the input directory
 | returncode=1 king/masive_als_tdp43v4/ligandos/CHEMBL1192117_out.pdbqt
Reading input ... done.


Parse error on line 68 in file ""/kaggle/working/masive_als_tdp43v4/ligandos/CHEMBL1192117.pdbqt"": Unknown or inappropriate tag
No valid ligands in the input directory
",2026-09-05 10:34:05
CHEMBL119219,TDP43_v2,-6.2,777,-5.2000;-5.6000;-6.2000,ok,2026-09-05 10:34:33
CHEMBL1192237,TDP43_v2,-6.4,2026,-6.3000;-6.4000;-5.5000,ok,2026-09-05 10:34:40
CHEMBL1192258,TDP43_v2,,,,"error:returncode=1 king/masive_als_tdp43v4/ligandos/CHEMBL1192258_out.pdbqt
Reading input ... done.


Parse error on line 20 in file ""/kaggle/working/masive_als_tdp43v4/ligandos/CHEMBL1192258.pdbqt"": Unknown or inappropriate tag
No valid ligands in the input directory
 | returncode=1 king/masive_als_tdp43v4/ligandos/CHEMBL1192258_out.pdbqt
Reading input ... done.


Parse error on line 20 in file ""/kaggle/working/masive_als_tdp43v4/ligandos/CHEMBL1192258.pdbqt"": Unknown or inappropriate tag
No valid ligands in the input directory
 | returncode=1 king/masive_als_tdp43v4/ligandos/CHEMBL1192258_out.pdbqt
Reading input ... done.


Parse error on line 20 in file ""/kaggle/working/masive_als_tdp43v4/ligandos/CHEMBL1192258.pdbqt"": Unknown or inappropriate tag
No valid ligands in the input directory
",2026-09-05 10:34:40
CHEMBL1192259,TDP43_v2,,,,"error:returncode=1 king/masive_als_tdp43v4/ligandos/CHEMBL1192259_out.pdbqt
Reading input ... done.


Parse error on line 53 in file ""/kaggle/working/masive_als_tdp43v4/ligandos/CHEMBL1192259.pdbqt"": Unknown or inappropriate tag
No valid ligands in the input directory
 | returncode=1 king/masive_als_tdp43v4/ligandos/CHEMBL1192259_out.pdbqt
Reading input ... done.


Parse error on line 53 in file ""/kaggle/working/masive_als_tdp43v4/ligandos/CHEMBL1192259.pdbqt"": Unknown or inappropriate tag
No valid ligands in the input directory
 | returncode=1 king/masive_als_tdp43v4/ligandos/CHEMBL1192259_out.pdbqt
Reading input ... done.


Parse error on line 53 in file ""/kaggle/working/masive_als_tdp43v4/ligandos/CHEMBL1192259.pdbqt"": Unknown or inappropriate tag
No valid ligands in the input directory
",2026-09-05 10:34:41
CHEMBL1192465,TDP43_v2,,,,"error:returncode=1 king/masive_als_tdp43v4/ligandos/CHEMBL1192465_out.pdbqt
Reading input ... done.


Parse error on line 53 in file ""/kaggle/working/masive_als_tdp43v4/ligandos/CHEMBL1192465.pdbqt"": Unknown or inappropriate tag
No valid ligands in the input directory
 | returncode=1 king/masive_als_tdp43v4/ligandos/CHEMBL1192465_out.pdbqt
Reading input ... done.


Parse error on line 53 in file ""/kaggle/working/masive_als_tdp43v4/ligandos/CHEMBL1192465.pdbqt"": Unknown or inappropriate tag
No valid ligands in the input directory
 | returncode=1 king/masive_als_tdp43v4/ligandos/CHEMBL1192465_out.pdbqt
Reading input ... done.


Parse error on line 53 in file ""/kaggle/working/masive_als_tdp43v4/ligandos/CHEMBL1192465.pdbqt"": Unknown or inappropriate tag
No valid ligands in the input directory
",2026-09-05 10:34:41
CHEMBL1192491,TDP43_v2,-6.5,2026,-6.4000;-6.5000;-6.4000,ok,2026-09-05 10:34:47
CHEMBL1192517,TDP43_v2,-6.3,777,-6.0000;-5.9000;-6.3000,ok,2026-09-05 10:34:53
CHEMBL1192519,TDP43_v2,-6.2,2026,-6.0000;-6.2000;-5.7000,ok,2026-09-05 10:35:09
CHEMBL1192530,TDP43_v2,,,,"error:returncode=1 king/masive_als_tdp43v4/ligandos/CHEMBL1192530_out.pdbqt
Reading input ... done.


Parse error on line 61 in file ""/kaggle/working/masive_als_tdp43v4/ligandos/CHEMBL1192530.pdbqt"": Unknown or inappropriate tag
No valid ligands in the input directory
 | returncode=1 king/masive_als_tdp43v4/ligandos/CHEMBL1192530_out.pdbqt
Reading input ... done.


Parse error on line 61 in file ""/kaggle/working/masive_als_tdp43v4/ligandos/CHEMBL1192530.pdbqt"": Unknown or inappropriate tag
No valid ligands in the input directory
 | returncode=1 king/masive_als_tdp43v4/ligandos/CHEMBL1192530_out.pdbqt
Reading input ... done.


Parse error on line 61 in file ""/kaggle/working/masive_als_tdp43v4/ligandos/CHEMBL1192530.pdbqt"": Unknown or inappropriate tag
No valid ligands in the input directory
",2026-09-05 10:35:09
CHEMBL1192539,TDP43_v2,-6.9,2026,-6.8000;-6.9000;-6.7000,ok,2026-09-05 10:35:15
CHEMBL119256,TDP43_v2,-5.7,777,-5.5000;-5.5000;-5.7000,ok,2026-09-05 10:35:28
CHEMBL119260,TDP43_v2,-7.1,42,-7.1000;-7.1000;-7.0000,ok,2026-09-05 10:35:34
CHEMBL1192620,TDP43_v2,,,,"error:returncode=1 king/masive_als_tdp43v4/ligandos/CHEMBL1192620_out.pdbqt
Reading input ... done.


Parse error on line 24 in file ""/kaggle/working/masive_als_tdp43v4/ligandos/CHEMBL1192620.pdbqt"": Unknown or inappropriate tag
No valid ligands in the input directory
 | returncode=1 king/masive_als_tdp43v4/ligandos/CHEMBL1192620_out.pdbqt
Reading input ... done.


Parse error on line 24 in file ""/kaggle/working/masive_als_tdp43v4/ligandos/CHEMBL1192620.pdbqt"": Unknown or inappropriate tag
No valid ligands in the input directory
 | returncode=1 king/masive_als_tdp43v4/ligandos/CHEMBL1192620_out.pdbqt
Reading input ... done.


Parse error on line 24 in file ""/kaggle/working/masive_als_tdp43v4/ligandos/CHEMBL1192620.pdbqt"": Unknown or inappropriate tag
No valid ligands in the input directory
",2026-09-05 10:35:34
CHEMBL1192648,TDP43_v2,,,,"error:returncode=1 king/masive_als_tdp43v4/ligandos/CHEMBL1192648_out.pdbqt
Reading input ... done.


Parse error on line 70 in file ""/kaggle/working/masive_als_tdp43v4/ligandos/CHEMBL1192648.pdbqt"": Unknown or inappropriate tag
No valid ligands in the input directory
 | returncode=1 king/masive_als_tdp43v4/ligandos/CHEMBL1192648_out.pdbqt
Reading input ... done.


Parse error on line 70 in file ""/kaggle/working/masive_als_tdp43v4/ligandos/CHEMBL1192648.pdbqt"": Unknown or inappropriate tag
No valid ligands in the input directory
 | returncode=1 king/masive_als_tdp43v4/ligandos/CHEMBL1192648_out.pdbqt
Reading input ... done.


Parse error on line 70 in file ""/kaggle/working/masive_als_tdp43v4/ligandos/CHEMBL1192648.pdbqt"": Unknown or inappropriate tag
No valid ligands in the input directory
",2026-09-05 10:35:34
CHEMBL1192678,TDP43_v2,-5.5,42,-5.5000;-5.5000;-5.5000,ok,2026-09-05 10:35:41
CHEMBL1192697,TDP43_v2,,,,"error:returncode=1 king/masive_als_tdp43v4/ligandos/CHEMBL1192697_out.pdbqt
Reading input ... done.


Parse error on line 24 in file ""/kaggle/working/masive_als_tdp43v4/ligandos/CHEMBL1192697.pdbqt"": Unknown or inappropriate tag
No valid ligands in the input directory
 | returncode=1 king/masive_als_tdp43v4/ligandos/CHEMBL1192697_out.pdbqt
Reading input ... done.


Parse error on line 24 in file ""/kaggle/working/masive_als_tdp43v4/ligandos/CHEMBL1192697.pdbqt"": Unknown or inappropriate tag
No valid ligands in the input directory
 | returncode=1 king/masive_als_tdp43v4/ligandos/CHEMBL1192697_out.pdbqt
Reading input ... done.


Parse error on line 24 in file ""/kaggle/working/masive_als_tdp43v4/ligandos/CHEMBL1192697.pdbqt"": Unknown or inappropriate tag
No valid ligands in the input directory
",2026-09-05 10:35:41
CHEMBL1192823,TDP43_v2,,,,"error:returncode=1 king/masive_als_tdp43v4/ligandos/CHEMBL1192823_out.pdbqt
Reading input ... done.


Parse error on line 94 in file ""/kaggle/working/masive_als_tdp43v4/ligandos/CHEMBL1192823.pdbqt"": Unknown or inappropriate tag
No valid ligands in the input directory
 | returncode=1 king/masive_als_tdp43v4/ligandos/CHEMBL1192823_out.pdbqt
Reading input ... done.


Parse error on line 94 in file ""/kaggle/working/masive_als_tdp43v4/ligandos/CHEMBL1192823.pdbqt"": Unknown or inappropriate tag
No valid ligands in the input directory
 | returncode=1 king/masive_als_tdp43v4/ligandos/CHEMBL1192823_out.pdbqt
Reading input ... done.


Parse error on line 94 in file ""/kaggle/working/masive_als_tdp43v4/ligandos/CHEMBL1192823.pdbqt"": Unknown or inappropriate tag
No valid ligands in the input directory
",2026-09-05 10:35:41
CHEMBL119285,TDP43_v2,-5.6,42,-5.6000;-5.1000;-5.3000,ok,2026-09-05 10:36:21
CHEMBL1192902,TDP43_v2,,,,"error:returncode=1 king/masive_als_tdp43v4/ligandos/CHEMBL1192902_out.pdbqt
Reading input ... done.


Parse error on line 78 in file ""/kaggle/working/masive_als_tdp43v4/ligandos/CHEMBL1192902.pdbqt"": Unknown or inappropriate tag
No valid ligands in the input directory
 | returncode=1 king/masive_als_tdp43v4/ligandos/CHEMBL1192902_out.pdbqt
Reading input ... done.


Parse error on line 78 in file ""/kaggle/working/masive_als_tdp43v4/ligandos/CHEMBL1192902.pdbqt"": Unknown or inappropriate tag
No valid ligands in the input directory
 | returncode=1 king/masive_als_tdp43v4/ligandos/CHEMBL1192902_out.pdbqt
Reading input ... done.


Parse error on line 78 in file ""/kaggle/working/masive_als_tdp43v4/ligandos/CHEMBL1192902.pdbqt"": Unknown or inappropriate tag
No valid ligands in the input directory
",2026-09-05 10:36:21
CHEMBL1192913,TDP43_v2,-5.3,2026,-5.2000;-5.3000;-5.3000,ok,2026-09-05 10:36:36
CHEMBL1192953,TDP43_v2,,,,"error:returncode=1 king/masive_als_tdp43v4/ligandos/CHEMBL1192953_out.pdbqt
Reading input ... done.


Parse error on line 62 in file ""/kaggle/working/masive_als_tdp43v4/ligandos/CHEMBL1192953.pdbqt"": Unknown or inappropriate tag
No valid ligands in the input directory
 | returncode=1 king/masive_als_tdp43v4/ligandos/CHEMBL1192953_out.pdbqt
Reading input ... done.


Parse error on line 62 in file ""/kaggle/working/masive_als_tdp43v4/ligandos/CHEMBL1192953.pdbqt"": Unknown or inappropriate tag
No valid ligands in the input directory
 | returncode=1 king/masive_als_tdp43v4/ligandos/CHEMBL1192953_out.pdbqt
Reading input ... done.


Parse error on line 62 in file ""/kaggle/working/masive_als_tdp43v4/ligandos/CHEMBL1192953.pdbqt"": Unknown or inappropriate tag
No valid ligands in the input directory
",2026-09-05 10:36:36
CHEMBL119296,TDP43_v2,-4.5,777,-4.4000;-4.4000;-4.5000,ok,2026-09-05 10:36:42
CHEMBL1192972,TDP43_v2,,,,"error:returncode=1 king/masive_als_tdp43v4/ligandos/CHEMBL1192972_out.pdbqt
Reading input ... done.


Parse error on line 28 in file ""/kaggle/working/masive_als_tdp43v4/ligandos/CHEMBL1192972.pdbqt"": Unknown or inappropriate tag
No valid ligands in the input directory
 | returncode=1 king/masive_als_tdp43v4/ligandos/CHEMBL1192972_out.pdbqt
Reading input ... done.


Parse error on line 28 in file ""/kaggle/working/masive_als_tdp43v4/ligandos/CHEMBL1192972.pdbqt"": Unknown or inappropriate tag
No valid ligands in the input directory
 | returncode=1 king/masive_als_tdp43v4/ligandos/CHEMBL1192972_out.pdbqt
Reading input ... done.


Parse error on line 28 in file ""/kaggle/working/masive_als_tdp43v4/ligandos/CHEMBL1192972.pdbqt"": Unknown or inappropriate tag
No valid ligands in the input directory
",2026-09-05 10:36:43
CHEMBL1193030,TDP43_v2,,,,"error:returncode=1 king/masive_als_tdp43v4/ligandos/CHEMBL1193030_out.pdbqt
Reading input ... done.


Parse error on line 20 in file ""/kaggle/working/masive_als_tdp43v4/ligandos/CHEMBL1193030.pdbqt"": Unknown or inappropriate tag
No valid ligands in the input directory
 | returncode=1 king/masive_als_tdp43v4/ligandos/CHEMBL1193030_out.pdbqt
Reading input ... done.


Parse error on line 20 in file ""/kaggle/working/masive_als_tdp43v4/ligandos/CHEMBL1193030.pdbqt"": Unknown or inappropriate tag
No valid ligands in the input directory
 | returncode=1 king/masive_als_tdp43v4/ligandos/CHEMBL1193030_out.pdbqt
Reading input ... done.


Parse error on line 20 in file ""/kaggle/working/masive_als_tdp43v4/ligandos/CHEMBL1193030.pdbqt"": Unknown or inappropriate tag
No valid ligands in the input directory
",2026-09-05 10:36:43
CHEMBL1193053,TDP43_v2,,,,"error:returncode=1 king/masive_als_tdp43v4/ligandos/CHEMBL1193053_out.pdbqt
Reading input ... done.


Parse error on line 53 in file ""/kaggle/working/masive_als_tdp43v4/ligandos/CHEMBL1193053.pdbqt"": Unknown or inappropriate tag
No valid ligands in the input directory
 | returncode=1 king/masive_als_tdp43v4/ligandos/CHEMBL1193053_out.pdbqt
Reading input ... done.


Parse error on line 53 in file ""/kaggle/working/masive_als_tdp43v4/ligandos/CHEMBL1193053.pdbqt"": Unknown or inappropriate tag
No valid ligands in the input directory
 | returncode=1 king/masive_als_tdp43v4/ligandos/CHEMBL1193053_out.pdbqt
Reading input ... done.


Parse error on line 53 in file ""/kaggle/working/masive_als_tdp43v4/ligandos/CHEMBL1193053.pdbqt"": Unknown or inappropriate tag
No valid ligands in the input directory
",2026-09-05 10:36:43
CHEMBL1193054,TDP43_v2,,,,"error:returncode=1 king/masive_als_tdp43v4/ligandos/CHEMBL1193054_out.pdbqt
Reading input ... done.


Parse error on line 52 in file ""/kaggle/working/masive_als_tdp43v4/ligandos/CHEMBL1193054.pdbqt"": Unknown or inappropriate tag
No valid ligands in the input directory
 | returncode=1 king/masive_als_tdp43v4/ligandos/CHEMBL1193054_out.pdbqt
Reading input ... done.


Parse error on line 52 in file ""/kaggle/working/masive_als_tdp43v4/ligandos/CHEMBL1193054.pdbqt"": Unknown or inappropriate tag
No valid ligands in the input directory
 | returncode=1 king/masive_als_tdp43v4/ligandos/CHEMBL1193054_out.pdbqt
Reading input ... done.


Parse error on line 52 in file ""/kaggle/working/masive_als_tdp43v4/ligandos/CHEMBL1193054.pdbqt"": Unknown or inappropriate tag
No valid ligands in the input directory
",2026-09-05 10:36:43
CHEMBL1193072,TDP43_v2,,,,"error:returncode=1 king/masive_als_tdp43v4/ligandos/CHEMBL1193072_out.pdbqt
Reading input ... done.


Parse error on line 50 in file ""/kaggle/working/masive_als_tdp43v4/ligandos/CHEMBL1193072.pdbqt"": Unknown or inappropriate tag
No valid ligands in the input directory
 | returncode=1 king/masive_als_tdp43v4/ligandos/CHEMBL1193072_out.pdbqt
Reading input ... done.


Parse error on line 50 in file ""/kaggle/working/masive_als_tdp43v4/ligandos/CHEMBL1193072.pdbqt"": Unknown or inappropriate tag
No valid ligands in the input directory
 | returncode=1 king/masive_als_tdp43v4/ligandos/CHEMBL1193072_out.pdbqt
Reading input ... done.


Parse error on line 50 in file ""/kaggle/working/masive_als_tdp43v4/ligandos/CHEMBL1193072.pdbqt"": Unknown or inappropriate tag
No valid ligands in the input directory
",2026-09-05 10:36:43
CHEMBL1193100,TDP43_v2,,,,"error:returncode=1 king/masive_als_tdp43v4/ligandos/CHEMBL1193100_out.pdbqt
Reading input ... done.


Parse error on line 71 in file ""/kaggle/working/masive_als_tdp43v4/ligandos/CHEMBL1193100.pdbqt"": Unknown or inappropriate tag
No valid ligands in the input directory
 | returncode=1 king/masive_als_tdp43v4/ligandos/CHEMBL1193100_out.pdbqt
Reading input ... done.


Parse error on line 71 in file ""/kaggle/working/masive_als_tdp43v4/ligandos/CHEMBL1193100.pdbqt"": Unknown or inappropriate tag
No valid ligands in the input directory
 | returncode=1 king/masive_als_tdp43v4/ligandos/CHEMBL1193100_out.pdbqt
Reading input ... done.


Parse error on line 71 in file ""/kaggle/working/masive_als_tdp43v4/ligandos/CHEMBL1193100.pdbqt"": Unknown or inappropriate tag
No valid ligands in the input directory
",2026-09-05 10:36:43
CHEMBL119313,TDP43_v2,-5.6,42,-5.6000;-5.6000;-5.5000,ok,2026-09-05 10:36:52
CHEMBL119320,TDP43_v2,-5.8,42,-5.8000;-5.7000;-5.7000,ok,2026-09-05 10:36:59
CHEMBL1193225,TDP43_v2,,,,"error:returncode=1 king/masive_als_tdp43v4/ligandos/CHEMBL1193225_out.pdbqt
Reading input ... done.


Parse error on line 22 in file ""/kaggle/working/masive_als_tdp43v4/ligandos/CHEMBL1193225.pdbqt"": Unknown or inappropriate tag
No valid ligands in the input directory
 | returncode=1 king/masive_als_tdp43v4/ligandos/CHEMBL1193225_out.pdbqt
Reading input ... done.


Parse error on line 22 in file ""/kaggle/working/masive_als_tdp43v4/ligandos/CHEMBL1193225.pdbqt"": Unknown or inappropriate tag
No valid ligands in the input directory
 | returncode=1 king/masive_als_tdp43v4/ligandos/CHEMBL1193225_out.pdbqt
Reading input ... done.


Parse error on line 22 in file ""/kaggle/working/masive_als_tdp43v4/ligandos/CHEMBL1193225.pdbqt"": Unknown or inappropriate tag
No valid ligands in the input directory
",2026-09-05 10:36:59
CHEMBL1193258,TDP43_v2,,,,"error:returncode=1 king/masive_als_tdp43v4/ligandos/CHEMBL1193258_out.pdbqt
Reading input ... done.


Parse error on line 71 in file ""/kaggle/working/masive_als_tdp43v4/ligandos/CHEMBL1193258.pdbqt"": Unknown or inappropriate tag
No valid ligands in the input directory
 | returncode=1 king/masive_als_tdp43v4/ligandos/CHEMBL1193258_out.pdbqt
Reading input ... done.


Parse error on line 71 in file ""/kaggle/working/masive_als_tdp43v4/ligandos/CHEMBL1193258.pdbqt"": Unknown or inappropriate tag
No valid ligands in the input directory
 | returncode=1 king/masive_als_tdp43v4/ligandos/CHEMBL1193258_out.pdbqt
Reading input ... done.


Parse error on line 71 in file ""/kaggle/working/masive_als_tdp43v4/ligandos/CHEMBL1193258.pdbqt"": Unknown or inappropriate tag
No valid ligands in the input directory
",2026-09-05 10:36:59
CHEMBL1193274,TDP43_v2,-6.1,2026,-5.9000;-6.1000;-5.8000,ok,2026-09-05 10:37:05
CHEMBL1193307,TDP43_v2,,,,"error:returncode=1 king/masive_als_tdp43v4/ligandos/CHEMBL1193307_out.pdbqt
Reading input ... done.


Parse error on line 77 in file ""/kaggle/working/masive_als_tdp43v4/ligandos/CHEMBL1193307.pdbqt"": Unknown or inappropriate tag
No valid ligands in the input directory
 | returncode=1 king/masive_als_tdp43v4/ligandos/CHEMBL1193307_out.pdbqt
Reading input ... done.


Parse error on line 77 in file ""/kaggle/working/masive_als_tdp43v4/ligandos/CHEMBL1193307.pdbqt"": Unknown or inappropriate tag
No valid ligands in the input directory
 | returncode=1 king/masive_als_tdp43v4/ligandos/CHEMBL1193307_out.pdbqt
Reading input ... done.


Parse error on line 77 in file ""/kaggle/working/masive_als_tdp43v4/ligandos/CHEMBL1193307.pdbqt"": Unknown or inappropriate tag
No valid ligands in the input directory
",2026-09-05 10:37:05
CHEMBL1193508,TDP43_v2,,,,"error:returncode=1 ing/masive_als_tdp43v4/ligandos/CHEMBL1193508_out.pdbqt
Reading input ... done.


Parse error on line 100 in file ""/kaggle/working/masive_als_tdp43v4/ligandos/CHEMBL1193508.pdbqt"": Unknown or inappropriate tag
No valid ligands in the input directory
 | returncode=1 ing/masive_als_tdp43v4/ligandos/CHEMBL1193508_out.pdbqt
Reading input ... done.


Parse error on line 100 in file ""/kaggle/working/masive_als_tdp43v4/ligandos/CHEMBL1193508.pdbqt"": Unknown or inappropriate tag
No valid ligands in the input directory
 | returncode=1 ing/masive_als_tdp43v4/ligandos/CHEMBL1193508_out.pdbqt
Reading input ... done.


Parse error on line 100 in file ""/kaggle/working/masive_als_tdp43v4/ligandos/CHEMBL1193508.pdbqt"": Unknown or inappropriate tag
No valid ligands in the input directory
",2026-09-05 10:37:05
CHEMBL1193532,TDP43_v2,,,,"error:returncode=1 king/masive_als_tdp43v4/ligandos/CHEMBL1193532_out.pdbqt
Reading input ... done.


Parse error on line 57 in file ""/kaggle/working/masive_als_tdp43v4/ligandos/CHEMBL1193532.pdbqt"": Unknown or inappropriate tag
No valid ligands in the input directory
 | returncode=1 king/masive_als_tdp43v4/ligandos/CHEMBL1193532_out.pdbqt
Reading input ... done.


Parse error on line 57 in file ""/kaggle/working/masive_als_tdp43v4/ligandos/CHEMBL1193532.pdbqt"": Unknown or inappropriate tag
No valid ligands in the input directory
 | returncode=1 king/masive_als_tdp43v4/ligandos/CHEMBL1193532_out.pdbqt
Reading input ... done.


Parse error on line 57 in file ""/kaggle/working/masive_als_tdp43v4/ligandos/CHEMBL1193532.pdbqt"": Unknown or inappropriate tag
No valid ligands in the input directory
",2026-09-05 10:37:05
CHEMBL1193536,TDP43_v2,,,,"error:returncode=1 king/masive_als_tdp43v4/ligandos/CHEMBL1193536_out.pdbqt
Reading input ... done.


Parse error on line 57 in file ""/kaggle/working/masive_als_tdp43v4/ligandos/CHEMBL1193536.pdbqt"": Unknown or inappropriate tag
No valid ligands in the input directory
 | returncode=1 king/masive_als_tdp43v4/ligandos/CHEMBL1193536_out.pdbqt
Reading input ... done.


Parse error on line 57 in file ""/kaggle/working/masive_als_tdp43v4/ligandos/CHEMBL1193536.pdbqt"": Unknown or inappropriate tag
No valid ligands in the input directory
 | returncode=1 king/masive_als_tdp43v4/ligandos/CHEMBL1193536_out.pdbqt
Reading input ... done.


Parse error on line 57 in file ""/kaggle/working/masive_als_tdp43v4/ligandos/CHEMBL1193536.pdbqt"": Unknown or inappropriate tag
No valid ligands in the input directory
",2026-09-05 10:37:05
CHEMBL119354,TDP43_v2,-5.5,42,-5.5000;-5.5000;-5.4000,ok,2026-09-05 10:37:20
CHEMBL1193571,TDP43_v2,-6.0,42,-6.0000;-6.0000;-6.0000,ok,2026-09-05 10:37:27
CHEMBL119359,TDP43_v2,-5.1,42,-5.1000;-5.1000;-5.1000,ok,2026-09-05 10:37:33
CHEMBL1193616,TDP43_v2,,,,"error:returncode=1 king/masive_als_tdp43v4/ligandos/CHEMBL1193616_out.pdbqt
Reading input ... done.


Parse error on line 28 in file ""/kaggle/working/masive_als_tdp43v4/ligandos/CHEMBL1193616.pdbqt"": Unknown or inappropriate tag
No valid ligands in the input directory
 | returncode=1 king/masive_als_tdp43v4/ligandos/CHEMBL1193616_out.pdbqt
Reading input ... done.


Parse error on line 28 in file ""/kaggle/working/masive_als_tdp43v4/ligandos/CHEMBL1193616.pdbqt"": Unknown or inappropriate tag
No valid ligands in the input directory
 | returncode=1 king/masive_als_tdp43v4/ligandos/CHEMBL1193616_out.pdbqt
Reading input ... done.


Parse error on line 28 in file ""/kaggle/working/masive_als_tdp43v4/ligandos/CHEMBL1193616.pdbqt"": Unknown or inappropriate tag
No valid ligands in the input directory
",2026-09-05 10:37:33
CHEMBL1193619,TDP43_v2,,,,"error:returncode=1 king/masive_als_tdp43v4/ligandos/CHEMBL1193619_out.pdbqt
Reading input ... done.


Parse error on line 24 in file ""/kaggle/working/masive_als_tdp43v4/ligandos/CHEMBL1193619.pdbqt"": Unknown or inappropriate tag
No valid ligands in the input directory
 | returncode=1 king/masive_als_tdp43v4/ligandos/CHEMBL1193619_out.pdbqt
Reading input ... done.


Parse error on line 24 in file ""/kaggle/working/masive_als_tdp43v4/ligandos/CHEMBL1193619.pdbqt"": Unknown or inappropriate tag
No valid ligands in the input directory
 | returncode=1 king/masive_als_tdp43v4/ligandos/CHEMBL1193619_out.pdbqt
Reading input ... done.


Parse error on line 24 in file ""/kaggle/working/masive_als_tdp43v4/ligandos/CHEMBL1193619.pdbqt"": Unknown or inappropriate tag
No valid ligands in the input directory
",2026-09-05 10:37:33
CHEMBL1193726,TDP43_v2,,,,"error:returncode=1 king/masive_als_tdp43v4/ligandos/CHEMBL1193726_out.pdbqt
Reading input ... done.


Parse error on line 24 in file ""/kaggle/working/masive_als_tdp43v4/ligandos/CHEMBL1193726.pdbqt"": Unknown or inappropriate tag
No valid ligands in the input directory
 | returncode=1 king/masive_als_tdp43v4/ligandos/CHEMBL1193726_out.pdbqt
Reading input ... done.


Parse error on line 24 in file ""/kaggle/working/masive_als_tdp43v4/ligandos/CHEMBL1193726.pdbqt"": Unknown or inappropriate tag
No valid ligands in the input directory
 | returncode=1 king/masive_als_tdp43v4/ligandos/CHEMBL1193726_out.pdbqt
Reading input ... done.


Parse error on line 24 in file ""/kaggle/working/masive_als_tdp43v4/ligandos/CHEMBL1193726.pdbqt"": Unknown or inappropriate tag
No valid ligands in the input directory
",2026-09-05 10:37:33
CHEMBL1193746,TDP43_v2,,,,"error:returncode=1 king/masive_als_tdp43v4/ligandos/CHEMBL1193746_out.pdbqt
Reading input ... done.


Parse error on line 30 in file ""/kaggle/working/masive_als_tdp43v4/ligandos/CHEMBL1193746.pdbqt"": Unknown or inappropriate tag
No valid ligands in the input directory
 | returncode=1 king/masive_als_tdp43v4/ligandos/CHEMBL1193746_out.pdbqt
Reading input ... done.


Parse error on line 30 in file ""/kaggle/working/masive_als_tdp43v4/ligandos/CHEMBL1193746.pdbqt"": Unknown or inappropriate tag
No valid ligands in the input directory
 | returncode=1 king/masive_als_tdp43v4/ligandos/CHEMBL1193746_out.pdbqt
Reading input ... done.


Parse error on line 30 in file ""/kaggle/working/masive_als_tdp43v4/ligandos/CHEMBL1193746.pdbqt"": Unknown or inappropriate tag
No valid ligands in the input directory
",2026-09-05 10:37:33
CHEMBL1193819,TDP43_v2,,,,"error:returncode=1 king/masive_als_tdp43v4/ligandos/CHEMBL1193819_out.pdbqt
Reading input ... done.


Parse error on line 22 in file ""/kaggle/working/masive_als_tdp43v4/ligandos/CHEMBL1193819.pdbqt"": Unknown or inappropriate tag
No valid ligands in the input directory
 | returncode=1 king/masive_als_tdp43v4/ligandos/CHEMBL1193819_out.pdbqt
Reading input ... done.


Parse error on line 22 in file ""/kaggle/working/masive_als_tdp43v4/ligandos/CHEMBL1193819.pdbqt"": Unknown or inappropriate tag
No valid ligands in the input directory
 | returncode=1 king/masive_als_tdp43v4/ligandos/CHEMBL1193819_out.pdbqt
Reading input ... done.


Parse error on line 22 in file ""/kaggle/working/masive_als_tdp43v4/ligandos/CHEMBL1193819.pdbqt"": Unknown or inappropriate tag
No valid ligands in the input directory
",2026-09-05 10:37:33
CHEMBL119382,TDP43_v2,-6.3,2026,-6.0000;-6.3000;-6.1000,ok,2026-09-05 10:37:49
CHEMBL119385,TDP43_v2,-6.5,42,-6.5000;-6.5000;-6.2000,ok,2026-09-05 10:37:58
CHEMBL1193886,TDP43_v2,-6.1,777,-5.7000;-5.7000;-6.1000,ok,2026-09-05 10:38:17
CHEMBL1193948,TDP43_v2,-6.2,42,-6.2000;-5.8000;-6.1000,ok,2026-09-05 10:38:30
CHEMBL1193989,TDP43_v2,,,,"error:returncode=1 ing/masive_als_tdp43v4/ligandos/CHEMBL1193989_out.pdbqt
Reading input ... done.


Parse error on line 143 in file ""/kaggle/working/masive_als_tdp43v4/ligandos/CHEMBL1193989.pdbqt"": Unknown or inappropriate tag
No valid ligands in the input directory
 | returncode=1 ing/masive_als_tdp43v4/ligandos/CHEMBL1193989_out.pdbqt
Reading input ... done.


Parse error on line 143 in file ""/kaggle/working/masive_als_tdp43v4/ligandos/CHEMBL1193989.pdbqt"": Unknown or inappropriate tag
No valid ligands in the input directory
 | returncode=1 ing/masive_als_tdp43v4/ligandos/CHEMBL1193989_out.pdbqt
Reading input ... done.


Parse error on line 143 in file ""/kaggle/working/masive_als_tdp43v4/ligandos/CHEMBL1193989.pdbqt"": Unknown or inappropriate tag
No valid ligands in the input directory
",2026-09-05 10:38:30
CHEMBL119405,TDP43_v2,-4.7,42,-4.7000;-4.7000;-4.7000,ok,2026-09-05 10:38:36
CHEMBL1194054,TDP43_v2,,,,"error:returncode=1 king/masive_als_tdp43v4/ligandos/CHEMBL1194054_out.pdbqt
Reading input ... done.


Parse error on line 66 in file ""/kaggle/working/masive_als_tdp43v4/ligandos/CHEMBL1194054.pdbqt"": Unknown or inappropriate tag
No valid ligands in the input directory
 | returncode=1 king/masive_als_tdp43v4/ligandos/CHEMBL1194054_out.pdbqt
Reading input ... done.


Parse error on line 66 in file ""/kaggle/working/masive_als_tdp43v4/ligandos/CHEMBL1194054.pdbqt"": Unknown or inappropriate tag
No valid ligands in the input directory
 | returncode=1 king/masive_als_tdp43v4/ligandos/CHEMBL1194054_out.pdbqt
Reading input ... done.


Parse error on line 66 in file ""/kaggle/working/masive_als_tdp43v4/ligandos/CHEMBL1194054.pdbqt"": Unknown or inappropriate tag
No valid ligands in the input directory
",2026-09-05 10:38:36
CHEMBL119413,TDP43_v2,-5.6,42,-5.6000;-5.3000;-5.2000,ok,2026-09-05 10:38:51
CHEMBL1194136,TDP43_v2,,,,"error:returncode=1 king/masive_als_tdp43v4/ligandos/CHEMBL1194136_out.pdbqt
Reading input ... done.


Parse error on line 26 in file ""/kaggle/working/masive_als_tdp43v4/ligandos/CHEMBL1194136.pdbqt"": Unknown or inappropriate tag
No valid ligands in the input directory
 | returncode=1 king/masive_als_tdp43v4/ligandos/CHEMBL1194136_out.pdbqt
Reading input ... done.


Parse error on line 26 in file ""/kaggle/working/masive_als_tdp43v4/ligandos/CHEMBL1194136.pdbqt"": Unknown or inappropriate tag
No valid ligands in the input directory
 | returncode=1 king/masive_als_tdp43v4/ligandos/CHEMBL1194136_out.pdbqt
Reading input ... done.


Parse error on line 26 in file ""/kaggle/working/masive_als_tdp43v4/ligandos/CHEMBL1194136.pdbqt"": Unknown or inappropriate tag
No valid ligands in the input directory
",2026-09-05 10:38:51
CHEMBL1194161,TDP43_v2,-5.1,2026,-4.9000;-5.1000;-5.0000,ok,2026-09-05 10:39:04
CHEMBL1194260,TDP43_v2,,,,"error:returncode=1 king/masive_als_tdp43v4/ligandos/CHEMBL1194260_out.pdbqt
Reading input ... done.


Parse error on line 73 in file ""/kaggle/working/masive_als_tdp43v4/ligandos/CHEMBL1194260.pdbqt"": Unknown or inappropriate tag
No valid ligands in the input directory
 | returncode=1 king/masive_als_tdp43v4/ligandos/CHEMBL1194260_out.pdbqt
Reading input ... done.


Parse error on line 73 in file ""/kaggle/working/masive_als_tdp43v4/ligandos/CHEMBL1194260.pdbqt"": Unknown or inappropriate tag
No valid ligands in the input directory
 | returncode=1 king/masive_als_tdp43v4/ligandos/CHEMBL1194260_out.pdbqt
Reading input ... done.


Parse error on line 73 in file ""/kaggle/working/masive_als_tdp43v4/ligandos/CHEMBL1194260.pdbqt"": Unknown or inappropriate tag
No valid ligands in the input directory
",2026-09-05 10:39:04
CHEMBL1194287,TDP43_v2,-6.2,42,-6.2000;-6.2000;-6.2000,ok,2026-09-05 10:39:10
CHEMBL1194295,TDP43_v2,,,,"error:returncode=1 king/masive_als_tdp43v4/ligandos/CHEMBL1194295_out.pdbqt
Reading input ... done.


Parse error on line 59 in file ""/kaggle/working/masive_als_tdp43v4/ligandos/CHEMBL1194295.pdbqt"": Unknown or inappropriate tag
No valid ligands in the input directory
 | returncode=1 king/masive_als_tdp43v4/ligandos/CHEMBL1194295_out.pdbqt
Reading input ... done.


Parse error on line 59 in file ""/kaggle/working/masive_als_tdp43v4/ligandos/CHEMBL1194295.pdbqt"": Unknown or inappropriate tag
No valid ligands in the input directory
 | returncode=1 king/masive_als_tdp43v4/ligandos/CHEMBL1194295_out.pdbqt
Reading input ... done.


Parse error on line 59 in file ""/kaggle/working/masive_als_tdp43v4/ligandos/CHEMBL1194295.pdbqt"": Unknown or inappropriate tag
No valid ligands in the input directory
",2026-09-05 10:39:10
CHEMBL11943,TDP43_v2,,,,"error:returncode=1 /working/masive_als_tdp43v4/ligandos/CHEMBL11943_out.pdbqt
Reading input ... done.


Parse error on line 54 in file ""/kaggle/working/masive_als_tdp43v4/ligandos/CHEMBL11943.pdbqt"": Unknown or inappropriate tag
No valid ligands in the input directory
 | returncode=1 /working/masive_als_tdp43v4/ligandos/CHEMBL11943_out.pdbqt
Reading input ... done.


Parse error on line 54 in file ""/kaggle/working/masive_als_tdp43v4/ligandos/CHEMBL11943.pdbqt"": Unknown or inappropriate tag
No valid ligands in the input directory
 | returncode=1 /working/masive_als_tdp43v4/ligandos/CHEMBL11943_out.pdbqt
Reading input ... done.


Parse error on line 54 in file ""/kaggle/working/masive_als_tdp43v4/ligandos/CHEMBL11943.pdbqt"": Unknown or inappropriate tag
No valid ligands in the input directory
",2026-09-05 10:39:10
CHEMBL1194307,TDP43_v2,,,,"error:returncode=1 king/masive_als_tdp43v4/ligandos/CHEMBL1194307_out.pdbqt
Reading input ... done.


Parse error on line 66 in file ""/kaggle/working/masive_als_tdp43v4/ligandos/CHEMBL1194307.pdbqt"": Unknown or inappropriate tag
No valid ligands in the input directory
 | returncode=1 king/masive_als_tdp43v4/ligandos/CHEMBL1194307_out.pdbqt
Reading input ... done.


Parse error on line 66 in file ""/kaggle/working/masive_als_tdp43v4/ligandos/CHEMBL1194307.pdbqt"": Unknown or inappropriate tag
No valid ligands in the input directory
 | returncode=1 king/masive_als_tdp43v4/ligandos/CHEMBL1194307_out.pdbqt
Reading input ... done.


Parse error on line 66 in file ""/kaggle/working/masive_als_tdp43v4/ligandos/CHEMBL1194307.pdbqt"": Unknown or inappropriate tag
No valid ligands in the input directory
",2026-09-05 10:39:10
CHEMBL1194374,TDP43_v2,,,,"error:returncode=1 king/masive_als_tdp43v4/ligandos/CHEMBL1194374_out.pdbqt
Reading input ... done.


Parse error on line 24 in file ""/kaggle/working/masive_als_tdp43v4/ligandos/CHEMBL1194374.pdbqt"": Unknown or inappropriate tag
No valid ligands in the input directory
 | returncode=1 king/masive_als_tdp43v4/ligandos/CHEMBL1194374_out.pdbqt
Reading input ... done.


Parse error on line 24 in file ""/kaggle/working/masive_als_tdp43v4/ligandos/CHEMBL1194374.pdbqt"": Unknown or inappropriate tag
No valid ligands in the input directory
 | returncode=1 king/masive_als_tdp43v4/ligandos/CHEMBL1194374_out.pdbqt
Reading input ... done.


Parse error on line 24 in file ""/kaggle/working/masive_als_tdp43v4/ligandos/CHEMBL1194374.pdbqt"": Unknown or inappropriate tag
No valid ligands in the input directory
",2026-09-05 10:39:11
CHEMBL119440,TDP43_v2,-5.6,42,-5.6000;-5.6000;-5.5000,ok,2026-09-05 10:39:26
CHEMBL119443,TDP43_v2,-6.4,2026,-6.2000;-6.4000;-6.4000,ok,2026-09-05 10:39:33
CHEMBL119445,TDP43_v2,-4.7,2026,-4.5000;-4.7000;-4.5000,ok,2026-09-05 10:39:39
CHEMBL1194486,TDP43_v2,,,,"error:returncode=1 king/masive_als_tdp43v4/ligandos/CHEMBL1194486_out.pdbqt
Reading input ... done.


Parse error on line 42 in file ""/kaggle/working/masive_als_tdp43v4/ligandos/CHEMBL1194486.pdbqt"": Unknown or inappropriate tag
No valid ligands in the input directory
 | returncode=1 king/masive_als_tdp43v4/ligandos/CHEMBL1194486_out.pdbqt
Reading input ... done.


Parse error on line 42 in file ""/kaggle/working/masive_als_tdp43v4/ligandos/CHEMBL1194486.pdbqt"": Unknown or inappropriate tag
No valid ligands in the input directory
 | returncode=1 king/masive_als_tdp43v4/ligandos/CHEMBL1194486_out.pdbqt
Reading input ... done.


Parse error on line 42 in file ""/kaggle/working/masive_als_tdp43v4/ligandos/CHEMBL1194486.pdbqt"": Unknown or inappropriate tag
No valid ligands in the input directory
",2026-09-05 10:39:39
CHEMBL1194487,TDP43_v2,,,,"error:returncode=1 king/masive_als_tdp43v4/ligandos/CHEMBL1194487_out.pdbqt
Reading input ... done.


Parse error on line 44 in file ""/kaggle/working/masive_als_tdp43v4/ligandos/CHEMBL1194487.pdbqt"": Unknown or inappropriate tag
No valid ligands in the input directory
 | returncode=1 king/masive_als_tdp43v4/ligandos/CHEMBL1194487_out.pdbqt
Reading input ... done.


Parse error on line 44 in file ""/kaggle/working/masive_als_tdp43v4/ligandos/CHEMBL1194487.pdbqt"": Unknown or inappropriate tag
No valid ligands in the input directory
 | returncode=1 king/masive_als_tdp43v4/ligandos/CHEMBL1194487_out.pdbqt
Reading input ... done.


Parse error on line 44 in file ""/kaggle/working/masive_als_tdp43v4/ligandos/CHEMBL1194487.pdbqt"": Unknown or inappropriate tag
No valid ligands in the input directory
",2026-09-05 10:39:39
CHEMBL11945,TDP43_v2,-5.4,42,-5.4000;-5.3000;-5.3000,ok,2026-09-05 10:39:45
CHEMBL119455,TDP43_v2,-6.7,42,-6.7000;-6.6000;-6.6000,ok,2026-09-05 10:39:52
CHEMBL1194623,TDP43_v2,,,,"error:returncode=1 king/masive_als_tdp43v4/ligandos/CHEMBL1194623_out.pdbqt
Reading input ... done.


Parse error on line 56 in file ""/kaggle/working/masive_als_tdp43v4/ligandos/CHEMBL1194623.pdbqt"": Unknown or inappropriate tag
No valid ligands in the input directory
 | returncode=1 king/masive_als_tdp43v4/ligandos/CHEMBL1194623_out.pdbqt
Reading input ... done.


Parse error on line 56 in file ""/kaggle/working/masive_als_tdp43v4/ligandos/CHEMBL1194623.pdbqt"": Unknown or inappropriate tag
No valid ligands in the input directory
 | returncode=1 king/masive_als_tdp43v4/ligandos/CHEMBL1194623_out.pdbqt
Reading input ... done.


Parse error on line 56 in file ""/kaggle/working/masive_als_tdp43v4/ligandos/CHEMBL1194623.pdbqt"": Unknown or inappropriate tag
No valid ligands in the input directory
",2026-09-05 10:39:52
CHEMBL1194739,TDP43_v2,,,,"error:returncode=1 king/masive_als_tdp43v4/ligandos/CHEMBL1194739_out.pdbqt
Reading input ... done.


Parse error on line 59 in file ""/kaggle/working/masive_als_tdp43v4/ligandos/CHEMBL1194739.pdbqt"": Unknown or inappropriate tag
No valid ligands in the input directory
 | returncode=1 king/masive_als_tdp43v4/ligandos/CHEMBL1194739_out.pdbqt
Reading input ... done.


Parse error on line 59 in file ""/kaggle/working/masive_als_tdp43v4/ligandos/CHEMBL1194739.pdbqt"": Unknown or inappropriate tag
No valid ligands in the input directory
 | returncode=1 king/masive_als_tdp43v4/ligandos/CHEMBL1194739_out.pdbqt
Reading input ... done.


Parse error on line 59 in file ""/kaggle/working/masive_als_tdp43v4/ligandos/CHEMBL1194739.pdbqt"": Unknown or inappropriate tag
No valid ligands in the input directory
",2026-09-05 10:39:52
CHEMBL1194793,TDP43_v2,,,,"error:returncode=1 king/masive_als_tdp43v4/ligandos/CHEMBL1194793_out.pdbqt
Reading input ... done.


Parse error on line 26 in file ""/kaggle/working/masive_als_tdp43v4/ligandos/CHEMBL1194793.pdbqt"": Unknown or inappropriate tag
No valid ligands in the input directory
 | returncode=1 king/masive_als_tdp43v4/ligandos/CHEMBL1194793_out.pdbqt
Reading input ... done.


Parse error on line 26 in file ""/kaggle/working/masive_als_tdp43v4/ligandos/CHEMBL1194793.pdbqt"": Unknown or inappropriate tag
No valid ligands in the input directory
 | returncode=1 king/masive_als_tdp43v4/ligandos/CHEMBL1194793_out.pdbqt
Reading input ... done.


Parse error on line 26 in file ""/kaggle/working/masive_als_tdp43v4/ligandos/CHEMBL1194793.pdbqt"": Unknown or inappropriate tag
No valid ligands in the input directory
",2026-09-05 10:39:52
CHEMBL1194812,TDP43_v2,,,,"error:returncode=1 king/masive_als_tdp43v4/ligandos/CHEMBL1194812_out.pdbqt
Reading input ... done.


Parse error on line 34 in file ""/kaggle/working/masive_als_tdp43v4/ligandos/CHEMBL1194812.pdbqt"": Unknown or inappropriate tag
No valid ligands in the input directory
 | returncode=1 king/masive_als_tdp43v4/ligandos/CHEMBL1194812_out.pdbqt
Reading input ... done.


Parse error on line 34 in file ""/kaggle/working/masive_als_tdp43v4/ligandos/CHEMBL1194812.pdbqt"": Unknown or inappropriate tag
No valid ligands in the input directory
 | returncode=1 king/masive_als_tdp43v4/ligandos/CHEMBL1194812_out.pdbqt
Reading input ... done.


Parse error on line 34 in file ""/kaggle/working/masive_als_tdp43v4/ligandos/CHEMBL1194812.pdbqt"": Unknown or inappropriate tag
No valid ligands in the input directory
",2026-09-05 10:39:52
CHEMBL119489,TDP43_v2,-5.7,777,-5.6000;-5.6000;-5.7000,ok,2026-09-05 10:39:58
CHEMBL11949,TDP43_v2,-3.9,42,-3.9000;-3.9000;-3.9000,ok,2026-09-05 10:40:04
CHEMBL1194956,TDP43_v2,,,,"error:returncode=1 king/masive_als_tdp43v4/ligandos/CHEMBL1194956_out.pdbqt
Reading input ... done.


Parse error on line 32 in file ""/kaggle/working/masive_als_tdp43v4/ligandos/CHEMBL1194956.pdbqt"": Unknown or inappropriate tag
No valid ligands in the input directory
 | returncode=1 king/masive_als_tdp43v4/ligandos/CHEMBL1194956_out.pdbqt
Reading input ... done.


Parse error on line 32 in file ""/kaggle/working/masive_als_tdp43v4/ligandos/CHEMBL1194956.pdbqt"": Unknown or inappropriate tag
No valid ligands in the input directory
 | returncode=1 king/masive_als_tdp43v4/ligandos/CHEMBL1194956_out.pdbqt
Reading input ... done.


Parse error on line 32 in file ""/kaggle/working/masive_als_tdp43v4/ligandos/CHEMBL1194956.pdbqt"": Unknown or inappropriate tag
No valid ligands in the input directory
",2026-09-05 10:40:04
CHEMBL1194991,TDP43_v2,,,,"error:returncode=1 ing/masive_als_tdp43v4/ligandos/CHEMBL1194991_out.pdbqt
Reading input ... done.


Parse error on line 151 in file ""/kaggle/working/masive_als_tdp43v4/ligandos/CHEMBL1194991.pdbqt"": Unknown or inappropriate tag
No valid ligands in the input directory
 | returncode=1 ing/masive_als_tdp43v4/ligandos/CHEMBL1194991_out.pdbqt
Reading input ... done.


Parse error on line 151 in file ""/kaggle/working/masive_als_tdp43v4/ligandos/CHEMBL1194991.pdbqt"": Unknown or inappropriate tag
No valid ligands in the input directory
 | returncode=1 ing/masive_als_tdp43v4/ligandos/CHEMBL1194991_out.pdbqt
Reading input ... done.


Parse error on line 151 in file ""/kaggle/working/masive_als_tdp43v4/ligandos/CHEMBL1194991.pdbqt"": Unknown or inappropriate tag
No valid ligands in the input directory
",2026-09-05 10:40:05
CHEMBL1195074,TDP43_v2,,,,"error:returncode=1 king/masive_als_tdp43v4/ligandos/CHEMBL1195074_out.pdbqt
Reading input ... done.


Parse error on line 36 in file ""/kaggle/working/masive_als_tdp43v4/ligandos/CHEMBL1195074.pdbqt"": Unknown or inappropriate tag
No valid ligands in the input directory
 | returncode=1 king/masive_als_tdp43v4/ligandos/CHEMBL1195074_out.pdbqt
Reading input ... done.


Parse error on line 36 in file ""/kaggle/working/masive_als_tdp43v4/ligandos/CHEMBL1195074.pdbqt"": Unknown or inappropriate tag
No valid ligands in the input directory
 | returncode=1 king/masive_als_tdp43v4/ligandos/CHEMBL1195074_out.pdbqt
Reading input ... done.


Parse error on line 36 in file ""/kaggle/working/masive_als_tdp43v4/ligandos/CHEMBL1195074.pdbqt"": Unknown or inappropriate tag
No valid ligands in the input directory
",2026-09-05 10:40:05
CHEMBL1195130,TDP43_v2,,,,"error:returncode=1 king/masive_als_tdp43v4/ligandos/CHEMBL1195130_out.pdbqt
Reading input ... done.


Parse error on line 40 in file ""/kaggle/working/masive_als_tdp43v4/ligandos/CHEMBL1195130.pdbqt"": Unknown or inappropriate tag
No valid ligands in the input directory
 | returncode=1 king/masive_als_tdp43v4/ligandos/CHEMBL1195130_out.pdbqt
Reading input ... done.


Parse error on line 40 in file ""/kaggle/working/masive_als_tdp43v4/ligandos/CHEMBL1195130.pdbqt"": Unknown or inappropriate tag
No valid ligands in the input directory
 | returncode=1 king/masive_als_tdp43v4/ligandos/CHEMBL1195130_out.pdbqt
Reading input ... done.


Parse error on line 40 in file ""/kaggle/working/masive_als_tdp43v4/ligandos/CHEMBL1195130.pdbqt"": Unknown or inappropriate tag
No valid ligands in the input directory
",2026-09-05 10:40:05
CHEMBL1195132,TDP43_v2,,,,"error:returncode=1 king/masive_als_tdp43v4/ligandos/CHEMBL1195132_out.pdbqt
Reading input ... done.


Parse error on line 63 in file ""/kaggle/working/masive_als_tdp43v4/ligandos/CHEMBL1195132.pdbqt"": Unknown or inappropriate tag
No valid ligands in the input directory
 | returncode=1 king/masive_als_tdp43v4/ligandos/CHEMBL1195132_out.pdbqt
Reading input ... done.


Parse error on line 63 in file ""/kaggle/working/masive_als_tdp43v4/ligandos/CHEMBL1195132.pdbqt"": Unknown or inappropriate tag
No valid ligands in the input directory
 | returncode=1 king/masive_als_tdp43v4/ligandos/CHEMBL1195132_out.pdbqt
Reading input ... done.


Parse error on line 63 in file ""/kaggle/working/masive_als_tdp43v4/ligandos/CHEMBL1195132.pdbqt"": Unknown or inappropriate tag
No valid ligands in the input directory
",2026-09-05 10:40:05
CHEMBL1195136,TDP43_v2,-7.4,777,-6.8000;-6.8000;-7.4000,ok,2026-09-05 10:40:26
CHEMBL1195188,TDP43_v2,,,,"error:returncode=1 king/masive_als_tdp43v4/ligandos/CHEMBL1195188_out.pdbqt
Reading input ... done.


Parse error on line 24 in file ""/kaggle/working/masive_als_tdp43v4/ligandos/CHEMBL1195188.pdbqt"": Unknown or inappropriate tag
No valid ligands in the input directory
 | returncode=1 king/masive_als_tdp43v4/ligandos/CHEMBL1195188_out.pdbqt
Reading input ... done.


Parse error on line 24 in file ""/kaggle/working/masive_als_tdp43v4/ligandos/CHEMBL1195188.pdbqt"": Unknown or inappropriate tag
No valid ligands in the input directory
 | returncode=1 king/masive_als_tdp43v4/ligandos/CHEMBL1195188_out.pdbqt
Reading input ... done.


Parse error on line 24 in file ""/kaggle/working/masive_als_tdp43v4/ligandos/CHEMBL1195188.pdbqt"": Unknown or inappropriate tag
No valid ligands in the input directory
",2026-09-05 10:40:26
CHEMBL1195194,TDP43_v2,,,,"error:returncode=1 king/masive_als_tdp43v4/ligandos/CHEMBL1195194_out.pdbqt
Reading input ... done.


Parse error on line 32 in file ""/kaggle/working/masive_als_tdp43v4/ligandos/CHEMBL1195194.pdbqt"": Unknown or inappropriate tag
No valid ligands in the input directory
 | returncode=1 king/masive_als_tdp43v4/ligandos/CHEMBL1195194_out.pdbqt
Reading input ... done.


Parse error on line 32 in file ""/kaggle/working/masive_als_tdp43v4/ligandos/CHEMBL1195194.pdbqt"": Unknown or inappropriate tag
No valid ligands in the input directory
 | returncode=1 king/masive_als_tdp43v4/ligandos/CHEMBL1195194_out.pdbqt
Reading input ... done.


Parse error on line 32 in file ""/kaggle/working/masive_als_tdp43v4/ligandos/CHEMBL1195194.pdbqt"": Unknown or inappropriate tag
No valid ligands in the input directory
",2026-09-05 10:40:26
CHEMBL119521,TDP43_v2,-4.4,2026,-4.3000;-4.4000;-4.4000,ok,2026-09-05 10:40:33
CHEMBL1195210,TDP43_v2,-6.1,777,-5.6000;-5.7000;-6.1000,ok,2026-09-05 10:41:12
CHEMBL1195234,TDP43_v2,,,,"error:returncode=1 ing/masive_als_tdp43v4/ligandos/CHEMBL1195234_out.pdbqt
Reading input ... done.


Parse error on line 129 in file ""/kaggle/working/masive_als_tdp43v4/ligandos/CHEMBL1195234.pdbqt"": Unknown or inappropriate tag
No valid ligands in the input directory
 | returncode=1 ing/masive_als_tdp43v4/ligandos/CHEMBL1195234_out.pdbqt
Reading input ... done.


Parse error on line 129 in file ""/kaggle/working/masive_als_tdp43v4/ligandos/CHEMBL1195234.pdbqt"": Unknown or inappropriate tag
No valid ligands in the input directory
 | returncode=1 ing/masive_als_tdp43v4/ligandos/CHEMBL1195234_out.pdbqt
Reading input ... done.


Parse error on line 129 in file ""/kaggle/working/masive_als_tdp43v4/ligandos/CHEMBL1195234.pdbqt"": Unknown or inappropriate tag
No valid ligands in the input directory
",2026-09-05 10:41:12
CHEMBL1195259,TDP43_v2,,,,"error:returncode=1 king/masive_als_tdp43v4/ligandos/CHEMBL1195259_out.pdbqt
Reading input ... done.


Parse error on line 58 in file ""/kaggle/working/masive_als_tdp43v4/ligandos/CHEMBL1195259.pdbqt"": Unknown or inappropriate tag
No valid ligands in the input directory
 | returncode=1 king/masive_als_tdp43v4/ligandos/CHEMBL1195259_out.pdbqt
Reading input ... done.


Parse error on line 58 in file ""/kaggle/working/masive_als_tdp43v4/ligandos/CHEMBL1195259.pdbqt"": Unknown or inappropriate tag
No valid ligands in the input directory
 | returncode=1 king/masive_als_tdp43v4/ligandos/CHEMBL1195259_out.pdbqt
Reading input ... done.


Parse error on line 58 in file ""/kaggle/working/masive_als_tdp43v4/ligandos/CHEMBL1195259.pdbqt"": Unknown or inappropriate tag
No valid ligands in the input directory
",2026-09-05 10:41:12
CHEMBL1195292,TDP43_v2,,,,"error:returncode=1 king/masive_als_tdp43v4/ligandos/CHEMBL1195292_out.pdbqt
Reading input ... done.


Parse error on line 63 in file ""/kaggle/working/masive_als_tdp43v4/ligandos/CHEMBL1195292.pdbqt"": Unknown or inappropriate tag
No valid ligands in the input directory
 | returncode=1 king/masive_als_tdp43v4/ligandos/CHEMBL1195292_out.pdbqt
Reading input ... done.


Parse error on line 63 in file ""/kaggle/working/masive_als_tdp43v4/ligandos/CHEMBL1195292.pdbqt"": Unknown or inappropriate tag
No valid ligands in the input directory
 | returncode=1 king/masive_als_tdp43v4/ligandos/CHEMBL1195292_out.pdbqt
Reading input ... done.


Parse error on line 63 in file ""/kaggle/working/masive_als_tdp43v4/ligandos/CHEMBL1195292.pdbqt"": Unknown or inappropriate tag
No valid ligands in the input directory
",2026-09-05 10:41:12
CHEMBL1195301,TDP43_v2,-6.0,42,-6.0000;-6.0000;-6.0000,ok,2026-09-05 10:41:22
CHEMBL1195326,TDP43_v2,,,,"error:returncode=1 king/masive_als_tdp43v4/ligandos/CHEMBL1195326_out.pdbqt
Reading input ... done.


Parse error on line 72 in file ""/kaggle/working/masive_als_tdp43v4/ligandos/CHEMBL1195326.pdbqt"": Unknown or inappropriate tag
No valid ligands in the input directory
 | returncode=1 king/masive_als_tdp43v4/ligandos/CHEMBL1195326_out.pdbqt
Reading input ... done.


Parse error on line 72 in file ""/kaggle/working/masive_als_tdp43v4/ligandos/CHEMBL1195326.pdbqt"": Unknown or inappropriate tag
No valid ligands in the input directory
 | returncode=1 king/masive_als_tdp43v4/ligandos/CHEMBL1195326_out.pdbqt
Reading input ... done.


Parse error on line 72 in file ""/kaggle/working/masive_als_tdp43v4/ligandos/CHEMBL1195326.pdbqt"": Unknown or inappropriate tag
No valid ligands in the input directory
",2026-09-05 10:41:22
CHEMBL1195344,TDP43_v2,,,,"error:returncode=1 king/masive_als_tdp43v4/ligandos/CHEMBL1195344_out.pdbqt
Reading input ... done.


Parse error on line 68 in file ""/kaggle/working/masive_als_tdp43v4/ligandos/CHEMBL1195344.pdbqt"": Unknown or inappropriate tag
No valid ligands in the input directory
 | returncode=1 king/masive_als_tdp43v4/ligandos/CHEMBL1195344_out.pdbqt
Reading input ... done.


Parse error on line 68 in file ""/kaggle/working/masive_als_tdp43v4/ligandos/CHEMBL1195344.pdbqt"": Unknown or inappropriate tag
No valid ligands in the input directory
 | returncode=1 king/masive_als_tdp43v4/ligandos/CHEMBL1195344_out.pdbqt
Reading input ... done.


Parse error on line 68 in file ""/kaggle/working/masive_als_tdp43v4/ligandos/CHEMBL1195344.pdbqt"": Unknown or inappropriate tag
No valid ligands in the input directory
",2026-09-05 10:41:22
CHEMBL1195401,TDP43_v2,,,,"error:returncode=1 king/masive_als_tdp43v4/ligandos/CHEMBL1195401_out.pdbqt
Reading input ... done.


Parse error on line 48 in file ""/kaggle/working/masive_als_tdp43v4/ligandos/CHEMBL1195401.pdbqt"": Unknown or inappropriate tag
No valid ligands in the input directory
 | returncode=1 king/masive_als_tdp43v4/ligandos/CHEMBL1195401_out.pdbqt
Reading input ... done.


Parse error on line 48 in file ""/kaggle/working/masive_als_tdp43v4/ligandos/CHEMBL1195401.pdbqt"": Unknown or inappropriate tag
No valid ligands in the input directory
 | returncode=1 king/masive_als_tdp43v4/ligandos/CHEMBL1195401_out.pdbqt
Reading input ... done.


Parse error on line 48 in file ""/kaggle/working/masive_als_tdp43v4/ligandos/CHEMBL1195401.pdbqt"": Unknown or inappropriate tag
No valid ligands in the input directory
",2026-09-05 10:41:22
CHEMBL119549,TDP43_v2,-6.2,42,-6.2000;-6.1000;-5.5000,ok,2026-09-05 10:41:31
CHEMBL1195497,TDP43_v2,,,,"error:returncode=1 king/masive_als_tdp43v4/ligandos/CHEMBL1195497_out.pdbqt
Reading input ... done.


Parse error on line 42 in file ""/kaggle/working/masive_als_tdp43v4/ligandos/CHEMBL1195497.pdbqt"": Unknown or inappropriate tag
No valid ligands in the input directory
 | returncode=1 king/masive_als_tdp43v4/ligandos/CHEMBL1195497_out.pdbqt
Reading input ... done.


Parse error on line 42 in file ""/kaggle/working/masive_als_tdp43v4/ligandos/CHEMBL1195497.pdbqt"": Unknown or inappropriate tag
No valid ligands in the input directory
 | returncode=1 king/masive_als_tdp43v4/ligandos/CHEMBL1195497_out.pdbqt
Reading input ... done.


Parse error on line 42 in file ""/kaggle/working/masive_als_tdp43v4/ligandos/CHEMBL1195497.pdbqt"": Unknown or inappropriate tag
No valid ligands in the input directory
",2026-09-05 10:41:31
CHEMBL119556,TDP43_v2,-6.3,42,-6.3000;-6.2000;-6.3000,ok,2026-09-05 10:41:38
CHEMBL1195577,TDP43_v2,,,,"error:returncode=1 king/masive_als_tdp43v4/ligandos/CHEMBL1195577_out.pdbqt
Reading input ... done.


Parse error on line 63 in file ""/kaggle/working/masive_als_tdp43v4/ligandos/CHEMBL1195577.pdbqt"": Unknown or inappropriate tag
No valid ligands in the input directory
 | returncode=1 king/masive_als_tdp43v4/ligandos/CHEMBL1195577_out.pdbqt
Reading input ... done.


Parse error on line 63 in file ""/kaggle/working/masive_als_tdp43v4/ligandos/CHEMBL1195577.pdbqt"": Unknown or inappropriate tag
No valid ligands in the input directory
 | returncode=1 king/masive_als_tdp43v4/ligandos/CHEMBL1195577_out.pdbqt
Reading input ... done.


Parse error on line 63 in file ""/kaggle/working/masive_als_tdp43v4/ligandos/CHEMBL1195577.pdbqt"": Unknown or inappropriate tag
No valid ligands in the input directory
",2026-09-05 10:41:38
CHEMBL1195587,TDP43_v2,,,,"error:returncode=1 king/masive_als_tdp43v4/ligandos/CHEMBL1195587_out.pdbqt
Reading input ... done.


Parse error on line 86 in file ""/kaggle/working/masive_als_tdp43v4/ligandos/CHEMBL1195587.pdbqt"": Unknown or inappropriate tag
No valid ligands in the input directory
 | returncode=1 king/masive_als_tdp43v4/ligandos/CHEMBL1195587_out.pdbqt
Reading input ... done.


Parse error on line 86 in file ""/kaggle/working/masive_als_tdp43v4/ligandos/CHEMBL1195587.pdbqt"": Unknown or inappropriate tag
No valid ligands in the input directory
 | returncode=1 king/masive_als_tdp43v4/ligandos/CHEMBL1195587_out.pdbqt
Reading input ... done.


Parse error on line 86 in file ""/kaggle/working/masive_als_tdp43v4/ligandos/CHEMBL1195587.pdbqt"": Unknown or inappropriate tag
No valid ligands in the input directory
",2026-09-05 10:41:38
CHEMBL1195661,TDP43_v2,,,,"error:returncode=1 king/masive_als_tdp43v4/ligandos/CHEMBL1195661_out.pdbqt
Reading input ... done.


Parse error on line 57 in file ""/kaggle/working/masive_als_tdp43v4/ligandos/CHEMBL1195661.pdbqt"": Unknown or inappropriate tag
No valid ligands in the input directory
 | returncode=1 king/masive_als_tdp43v4/ligandos/CHEMBL1195661_out.pdbqt
Reading input ... done.


Parse error on line 57 in file ""/kaggle/working/masive_als_tdp43v4/ligandos/CHEMBL1195661.pdbqt"": Unknown or inappropriate tag
No valid ligands in the input directory
 | returncode=1 king/masive_als_tdp43v4/ligandos/CHEMBL1195661_out.pdbqt
Reading input ... done.


Parse error on line 57 in file ""/kaggle/working/masive_als_tdp43v4/ligandos/CHEMBL1195661.pdbqt"": Unknown or inappropriate tag
No valid ligands in the input directory
",2026-09-05 10:41:38
CHEMBL1195680,TDP43_v2,,,,"error:returncode=1 king/masive_als_tdp43v4/ligandos/CHEMBL1195680_out.pdbqt
Reading input ... done.


Parse error on line 79 in file ""/kaggle/working/masive_als_tdp43v4/ligandos/CHEMBL1195680.pdbqt"": Unknown or inappropriate tag
No valid ligands in the input directory
 | returncode=1 king/masive_als_tdp43v4/ligandos/CHEMBL1195680_out.pdbqt
Reading input ... done.


Parse error on line 79 in file ""/kaggle/working/masive_als_tdp43v4/ligandos/CHEMBL1195680.pdbqt"": Unknown or inappropriate tag
No valid ligands in the input directory
 | returncode=1 king/masive_als_tdp43v4/ligandos/CHEMBL1195680_out.pdbqt
Reading input ... done.


Parse error on line 79 in file ""/kaggle/working/masive_als_tdp43v4/ligandos/CHEMBL1195680.pdbqt"": Unknown or inappropriate tag
No valid ligands in the input directory
",2026-09-05 10:41:38
CHEMBL1195729,TDP43_v2,,,,"error:returncode=1 ing/masive_als_tdp43v4/ligandos/CHEMBL1195729_out.pdbqt
Reading input ... done.


Parse error on line 173 in file ""/kaggle/working/masive_als_tdp43v4/ligandos/CHEMBL1195729.pdbqt"": Unknown or inappropriate tag
No valid ligands in the input directory
 | returncode=1 ing/masive_als_tdp43v4/ligandos/CHEMBL1195729_out.pdbqt
Reading input ... done.


Parse error on line 173 in file ""/kaggle/working/masive_als_tdp43v4/ligandos/CHEMBL1195729.pdbqt"": Unknown or inappropriate tag
No valid ligands in the input directory
 | returncode=1 ing/masive_als_tdp43v4/ligandos/CHEMBL1195729_out.pdbqt
Reading input ... done.


Parse error on line 173 in file ""/kaggle/working/masive_als_tdp43v4/ligandos/CHEMBL1195729.pdbqt"": Unknown or inappropriate tag
No valid ligands in the input directory
",2026-09-05 10:41:38
CHEMBL1195736,TDP43_v2,,,,"error:returncode=1 ing/masive_als_tdp43v4/ligandos/CHEMBL1195736_out.pdbqt
Reading input ... done.


Parse error on line 218 in file ""/kaggle/working/masive_als_tdp43v4/ligandos/CHEMBL1195736.pdbqt"": Unknown or inappropriate tag
No valid ligands in the input directory
 | returncode=1 ing/masive_als_tdp43v4/ligandos/CHEMBL1195736_out.pdbqt
Reading input ... done.


Parse error on line 218 in file ""/kaggle/working/masive_als_tdp43v4/ligandos/CHEMBL1195736.pdbqt"": Unknown or inappropriate tag
No valid ligands in the input directory
 | returncode=1 ing/masive_als_tdp43v4/ligandos/CHEMBL1195736_out.pdbqt
Reading input ... done.


Parse error on line 218 in file ""/kaggle/working/masive_als_tdp43v4/ligandos/CHEMBL1195736.pdbqt"": Unknown or inappropriate tag
No valid ligands in the input directory
",2026-09-05 10:41:38
CHEMBL119576,TDP43_v2,-6.9,2026,-6.8000;-6.9000;-6.8000,ok,2026-09-05 10:41:44
CHEMBL1195797,TDP43_v2,,,,"error:returncode=1 king/masive_als_tdp43v4/ligandos/CHEMBL1195797_out.pdbqt
Reading input ... done.


Parse error on line 50 in file ""/kaggle/working/masive_als_tdp43v4/ligandos/CHEMBL1195797.pdbqt"": Unknown or inappropriate tag
No valid ligands in the input directory
 | returncode=1 king/masive_als_tdp43v4/ligandos/CHEMBL1195797_out.pdbqt
Reading input ... done.


Parse error on line 50 in file ""/kaggle/working/masive_als_tdp43v4/ligandos/CHEMBL1195797.pdbqt"": Unknown or inappropriate tag
No valid ligands in the input directory
 | returncode=1 king/masive_als_tdp43v4/ligandos/CHEMBL1195797_out.pdbqt
Reading input ... done.


Parse error on line 50 in file ""/kaggle/working/masive_als_tdp43v4/ligandos/CHEMBL1195797.pdbqt"": Unknown or inappropriate tag
No valid ligands in the input directory
",2026-09-05 10:41:44
CHEMBL1195809,TDP43_v2,,,,"error:returncode=1 ing/masive_als_tdp43v4/ligandos/CHEMBL1195809_out.pdbqt
Reading input ... done.


Parse error on line 133 in file ""/kaggle/working/masive_als_tdp43v4/ligandos/CHEMBL1195809.pdbqt"": Unknown or inappropriate tag
No valid ligands in the input directory
 | returncode=1 ing/masive_als_tdp43v4/ligandos/CHEMBL1195809_out.pdbqt
Reading input ... done.


Parse error on line 133 in file ""/kaggle/working/masive_als_tdp43v4/ligandos/CHEMBL1195809.pdbqt"": Unknown or inappropriate tag
No valid ligands in the input directory
 | returncode=1 ing/masive_als_tdp43v4/ligandos/CHEMBL1195809_out.pdbqt
Reading input ... done.


Parse error on line 133 in file ""/kaggle/working/masive_als_tdp43v4/ligandos/CHEMBL1195809.pdbqt"": Unknown or inappropriate tag
No valid ligands in the input directory
",2026-09-05 10:41:44
CHEMBL1195957,TDP43_v2,,,,"error:returncode=1 king/masive_als_tdp43v4/ligandos/CHEMBL1195957_out.pdbqt
Reading input ... done.


Parse error on line 48 in file ""/kaggle/working/masive_als_tdp43v4/ligandos/CHEMBL1195957.pdbqt"": Unknown or inappropriate tag
No valid ligands in the input directory
 | returncode=1 king/masive_als_tdp43v4/ligandos/CHEMBL1195957_out.pdbqt
Reading input ... done.


Parse error on line 48 in file ""/kaggle/working/masive_als_tdp43v4/ligandos/CHEMBL1195957.pdbqt"": Unknown or inappropriate tag
No valid ligands in the input directory
 | returncode=1 king/masive_als_tdp43v4/ligandos/CHEMBL1195957_out.pdbqt
Reading input ... done.


Parse error on line 48 in file ""/kaggle/working/masive_als_tdp43v4/ligandos/CHEMBL1195957.pdbqt"": Unknown or inappropriate tag
No valid ligands in the input directory
",2026-09-05 10:41:44
CHEMBL119596,TDP43_v2,-3.6,42,-3.6000;-3.5000;-3.6000,ok,2026-09-05 10:41:51
CHEMBL1196012,TDP43_v2,,,,"error:returncode=1 king/masive_als_tdp43v4/ligandos/CHEMBL1196012_out.pdbqt
Reading input ... done.


Parse error on line 73 in file ""/kaggle/working/masive_als_tdp43v4/ligandos/CHEMBL1196012.pdbqt"": Unknown or inappropriate tag
No valid ligands in the input directory
 | returncode=1 king/masive_als_tdp43v4/ligandos/CHEMBL1196012_out.pdbqt
Reading input ... done.


Parse error on line 73 in file ""/kaggle/working/masive_als_tdp43v4/ligandos/CHEMBL1196012.pdbqt"": Unknown or inappropriate tag
No valid ligands in the input directory
 | returncode=1 king/masive_als_tdp43v4/ligandos/CHEMBL1196012_out.pdbqt
Reading input ... done.


Parse error on line 73 in file ""/kaggle/working/masive_als_tdp43v4/ligandos/CHEMBL1196012.pdbqt"": Unknown or inappropriate tag
No valid ligands in the input directory
",2026-09-05 10:41:51
CHEMBL119603,TDP43_v2,-3.7,2026,-3.5000;-3.7000;-3.5000,ok,2026-09-05 10:41:57
CHEMBL119604,TDP43_v2,-4.0,42,-4.0000;-4.0000;-3.9000,ok,2026-09-05 10:42:03
CHEMBL119605,TDP43_v2,-6.9,2026,-6.1000;-6.9000;-6.7000,ok,2026-09-05 10:42:13
CHEMBL1196062,TDP43_v2,,,,"error:returncode=1 king/masive_als_tdp43v4/ligandos/CHEMBL1196062_out.pdbqt
Reading input ... done.


Parse error on line 73 in file ""/kaggle/working/masive_als_tdp43v4/ligandos/CHEMBL1196062.pdbqt"": Unknown or inappropriate tag
No valid ligands in the input directory
 | returncode=1 king/masive_als_tdp43v4/ligandos/CHEMBL1196062_out.pdbqt
Reading input ... done.


Parse error on line 73 in file ""/kaggle/working/masive_als_tdp43v4/ligandos/CHEMBL1196062.pdbqt"": Unknown or inappropriate tag
No valid ligands in the input directory
 | returncode=1 king/masive_als_tdp43v4/ligandos/CHEMBL1196062_out.pdbqt
Reading input ... done.


Parse error on line 73 in file ""/kaggle/working/masive_als_tdp43v4/ligandos/CHEMBL1196062.pdbqt"": Unknown or inappropriate tag
No valid ligands in the input directory
",2026-09-05 10:42:13
CHEMBL1196076,TDP43_v2,-6.1,42,-6.1000;-5.8000;-6.0000,ok,2026-09-05 10:42:26
CHEMBL1196161,TDP43_v2,-6.0,2026,-5.8000;-6.0000;-5.9000,ok,2026-09-05 10:42:32
CHEMBL1196162,TDP43_v2,,,,"error:returncode=1 king/masive_als_tdp43v4/ligandos/CHEMBL1196162_out.pdbqt
Reading input ... done.


Parse error on line 62 in file ""/kaggle/working/masive_als_tdp43v4/ligandos/CHEMBL1196162.pdbqt"": Unknown or inappropriate tag
No valid ligands in the input directory
 | returncode=1 king/masive_als_tdp43v4/ligandos/CHEMBL1196162_out.pdbqt
Reading input ... done.


Parse error on line 62 in file ""/kaggle/working/masive_als_tdp43v4/ligandos/CHEMBL1196162.pdbqt"": Unknown or inappropriate tag
No valid ligands in the input directory
 | returncode=1 king/masive_als_tdp43v4/ligandos/CHEMBL1196162_out.pdbqt
Reading input ... done.


Parse error on line 62 in file ""/kaggle/working/masive_als_tdp43v4/ligandos/CHEMBL1196162.pdbqt"": Unknown or inappropriate tag
No valid ligands in the input directory
",2026-09-05 10:42:32
CHEMBL1196203,TDP43_v2,,,,"error:returncode=1 king/masive_als_tdp43v4/ligandos/CHEMBL1196203_out.pdbqt
Reading input ... done.


Parse error on line 50 in file ""/kaggle/working/masive_als_tdp43v4/ligandos/CHEMBL1196203.pdbqt"": Unknown or inappropriate tag
No valid ligands in the input directory
 | returncode=1 king/masive_als_tdp43v4/ligandos/CHEMBL1196203_out.pdbqt
Reading input ... done.


Parse error on line 50 in file ""/kaggle/working/masive_als_tdp43v4/ligandos/CHEMBL1196203.pdbqt"": Unknown or inappropriate tag
No valid ligands in the input directory
 | returncode=1 king/masive_als_tdp43v4/ligandos/CHEMBL1196203_out.pdbqt
Reading input ... done.


Parse error on line 50 in file ""/kaggle/working/masive_als_tdp43v4/ligandos/CHEMBL1196203.pdbqt"": Unknown or inappropriate tag
No valid ligands in the input directory
",2026-09-05 10:42:32
CHEMBL1196204,TDP43_v2,,,,"error:returncode=1 king/masive_als_tdp43v4/ligandos/CHEMBL1196204_out.pdbqt
Reading input ... done.


Parse error on line 40 in file ""/kaggle/working/masive_als_tdp43v4/ligandos/CHEMBL1196204.pdbqt"": Unknown or inappropriate tag
No valid ligands in the input directory
 | returncode=1 king/masive_als_tdp43v4/ligandos/CHEMBL1196204_out.pdbqt
Reading input ... done.


Parse error on line 40 in file ""/kaggle/working/masive_als_tdp43v4/ligandos/CHEMBL1196204.pdbqt"": Unknown or inappropriate tag
No valid ligands in the input directory
 | returncode=1 king/masive_als_tdp43v4/ligandos/CHEMBL1196204_out.pdbqt
Reading input ... done.


Parse error on line 40 in file ""/kaggle/working/masive_als_tdp43v4/ligandos/CHEMBL1196204.pdbqt"": Unknown or inappropriate tag
No valid ligands in the input directory
",2026-09-05 10:42:32
CHEMBL119622,TDP43_v2,-6.5,42,-6.5000;-5.2000;-5.5000,ok,2026-09-05 10:43:00
CHEMBL1196224,TDP43_v2,,,,"error:returncode=1 king/masive_als_tdp43v4/ligandos/CHEMBL1196224_out.pdbqt
Reading input ... done.


Parse error on line 62 in file ""/kaggle/working/masive_als_tdp43v4/ligandos/CHEMBL1196224.pdbqt"": Unknown or inappropriate tag
No valid ligands in the input directory
 | returncode=1 king/masive_als_tdp43v4/ligandos/CHEMBL1196224_out.pdbqt
Reading input ... done.


Parse error on line 62 in file ""/kaggle/working/masive_als_tdp43v4/ligandos/CHEMBL1196224.pdbqt"": Unknown or inappropriate tag
No valid ligands in the input directory
 | returncode=1 king/masive_als_tdp43v4/ligandos/CHEMBL1196224_out.pdbqt
Reading input ... done.


Parse error on line 62 in file ""/kaggle/working/masive_als_tdp43v4/ligandos/CHEMBL1196224.pdbqt"": Unknown or inappropriate tag
No valid ligands in the input directory
",2026-09-05 10:43:00
CHEMBL119625,TDP43_v2,-6.4,2026,-6.3000;-6.4000;-6.3000,ok,2026-09-05 10:43:08
CHEMBL1196308,TDP43_v2,,,,"error:returncode=1 king/masive_als_tdp43v4/ligandos/CHEMBL1196308_out.pdbqt
Reading input ... done.


Parse error on line 73 in file ""/kaggle/working/masive_als_tdp43v4/ligandos/CHEMBL1196308.pdbqt"": Unknown or inappropriate tag
No valid ligands in the input directory
 | returncode=1 king/masive_als_tdp43v4/ligandos/CHEMBL1196308_out.pdbqt
Reading input ... done.


Parse error on line 73 in file ""/kaggle/working/masive_als_tdp43v4/ligandos/CHEMBL1196308.pdbqt"": Unknown or inappropriate tag
No valid ligands in the input directory
 | returncode=1 king/masive_als_tdp43v4/ligandos/CHEMBL1196308_out.pdbqt
Reading input ... done.


Parse error on line 73 in file ""/kaggle/working/masive_als_tdp43v4/ligandos/CHEMBL1196308.pdbqt"": Unknown or inappropriate tag
No valid ligands in the input directory
",2026-09-05 10:43:08
CHEMBL119635,TDP43_v2,-5.3,42,-5.3000;-5.3000;-5.3000,ok,2026-09-05 10:43:15
CHEMBL1196406,TDP43_v2,,,,"error:returncode=1 king/masive_als_tdp43v4/ligandos/CHEMBL1196406_out.pdbqt
Reading input ... done.


Parse error on line 42 in file ""/kaggle/working/masive_als_tdp43v4/ligandos/CHEMBL1196406.pdbqt"": Unknown or inappropriate tag
No valid ligands in the input directory
 | returncode=1 king/masive_als_tdp43v4/ligandos/CHEMBL1196406_out.pdbqt
Reading input ... done.


Parse error on line 42 in file ""/kaggle/working/masive_als_tdp43v4/ligandos/CHEMBL1196406.pdbqt"": Unknown or inappropriate tag
No valid ligands in the input directory
 | returncode=1 king/masive_als_tdp43v4/ligandos/CHEMBL1196406_out.pdbqt
Reading input ... done.


Parse error on line 42 in file ""/kaggle/working/masive_als_tdp43v4/ligandos/CHEMBL1196406.pdbqt"": Unknown or inappropriate tag
No valid ligands in the input directory
",2026-09-05 10:43:15
CHEMBL1196433,TDP43_v2,,,,"error:returncode=1 king/masive_als_tdp43v4/ligandos/CHEMBL1196433_out.pdbqt
Reading input ... done.


Parse error on line 47 in file ""/kaggle/working/masive_als_tdp43v4/ligandos/CHEMBL1196433.pdbqt"": Unknown or inappropriate tag
No valid ligands in the input directory
 | returncode=1 king/masive_als_tdp43v4/ligandos/CHEMBL1196433_out.pdbqt
Reading input ... done.


Parse error on line 47 in file ""/kaggle/working/masive_als_tdp43v4/ligandos/CHEMBL1196433.pdbqt"": Unknown or inappropriate tag
No valid ligands in the input directory
 | returncode=1 king/masive_als_tdp43v4/ligandos/CHEMBL1196433_out.pdbqt
Reading input ... done.


Parse error on line 47 in file ""/kaggle/working/masive_als_tdp43v4/ligandos/CHEMBL1196433.pdbqt"": Unknown or inappropriate tag
No valid ligands in the input directory
",2026-09-05 10:43:15
CHEMBL1196495,TDP43_v2,,,,"error:returncode=1 king/masive_als_tdp43v4/ligandos/CHEMBL1196495_out.pdbqt
Reading input ... done.


Parse error on line 28 in file ""/kaggle/working/masive_als_tdp43v4/ligandos/CHEMBL1196495.pdbqt"": Unknown or inappropriate tag
No valid ligands in the input directory
 | returncode=1 king/masive_als_tdp43v4/ligandos/CHEMBL1196495_out.pdbqt
Reading input ... done.


Parse error on line 28 in file ""/kaggle/working/masive_als_tdp43v4/ligandos/CHEMBL1196495.pdbqt"": Unknown or inappropriate tag
No valid ligands in the input directory
 | returncode=1 king/masive_als_tdp43v4/ligandos/CHEMBL1196495_out.pdbqt
Reading input ... done.


Parse error on line 28 in file ""/kaggle/working/masive_als_tdp43v4/ligandos/CHEMBL1196495.pdbqt"": Unknown or inappropriate tag
No valid ligands in the input directory
",2026-09-05 10:43:15
CHEMBL119656,TDP43_v2,-7.5,42,-7.5000;-7.5000;-7.5000,ok,2026-09-05 10:43:21
CHEMBL1196566,TDP43_v2,,,,"error:returncode=1 king/masive_als_tdp43v4/ligandos/CHEMBL1196566_out.pdbqt
Reading input ... done.


Parse error on line 85 in file ""/kaggle/working/masive_als_tdp43v4/ligandos/CHEMBL1196566.pdbqt"": Unknown or inappropriate tag
No valid ligands in the input directory
 | returncode=1 king/masive_als_tdp43v4/ligandos/CHEMBL1196566_out.pdbqt
Reading input ... done.


Parse error on line 85 in file ""/kaggle/working/masive_als_tdp43v4/ligandos/CHEMBL1196566.pdbqt"": Unknown or inappropriate tag
No valid ligands in the input directory
 | returncode=1 king/masive_als_tdp43v4/ligandos/CHEMBL1196566_out.pdbqt
Reading input ... done.


Parse error on line 85 in file ""/kaggle/working/masive_als_tdp43v4/ligandos/CHEMBL1196566.pdbqt"": Unknown or inappropriate tag
No valid ligands in the input directory
",2026-09-05 10:43:21
CHEMBL1196663,TDP43_v2,,,,"error:returncode=1 king/masive_als_tdp43v4/ligandos/CHEMBL1196663_out.pdbqt
Reading input ... done.


Parse error on line 42 in file ""/kaggle/working/masive_als_tdp43v4/ligandos/CHEMBL1196663.pdbqt"": Unknown or inappropriate tag
No valid ligands in the input directory
 | returncode=1 king/masive_als_tdp43v4/ligandos/CHEMBL1196663_out.pdbqt
Reading input ... done.


Parse error on line 42 in file ""/kaggle/working/masive_als_tdp43v4/ligandos/CHEMBL1196663.pdbqt"": Unknown or inappropriate tag
No valid ligands in the input directory
 | returncode=1 king/masive_als_tdp43v4/ligandos/CHEMBL1196663_out.pdbqt
Reading input ... done.


Parse error on line 42 in file ""/kaggle/working/masive_als_tdp43v4/ligandos/CHEMBL1196663.pdbqt"": Unknown or inappropriate tag
No valid ligands in the input directory
",2026-09-05 10:43:21
CHEMBL1196674,TDP43_v2,,,,"error:returncode=1 king/masive_als_tdp43v4/ligandos/CHEMBL1196674_out.pdbqt
Reading input ... done.


Parse error on line 20 in file ""/kaggle/working/masive_als_tdp43v4/ligandos/CHEMBL1196674.pdbqt"": Unknown or inappropriate tag
No valid ligands in the input directory
 | returncode=1 king/masive_als_tdp43v4/ligandos/CHEMBL1196674_out.pdbqt
Reading input ... done.


Parse error on line 20 in file ""/kaggle/working/masive_als_tdp43v4/ligandos/CHEMBL1196674.pdbqt"": Unknown or inappropriate tag
No valid ligands in the input directory
 | returncode=1 king/masive_als_tdp43v4/ligandos/CHEMBL1196674_out.pdbqt
Reading input ... done.


Parse error on line 20 in file ""/kaggle/working/masive_als_tdp43v4/ligandos/CHEMBL1196674.pdbqt"": Unknown or inappropriate tag
No valid ligands in the input directory
",2026-09-05 10:43:21
CHEMBL1196692,TDP43_v2,,,,"error:returncode=1 king/masive_als_tdp43v4/ligandos/CHEMBL1196692_out.pdbqt
Reading input ... done.


Parse error on line 81 in file ""/kaggle/working/masive_als_tdp43v4/ligandos/CHEMBL1196692.pdbqt"": Unknown or inappropriate tag
No valid ligands in the input directory
 | returncode=1 king/masive_als_tdp43v4/ligandos/CHEMBL1196692_out.pdbqt
Reading input ... done.


Parse error on line 81 in file ""/kaggle/working/masive_als_tdp43v4/ligandos/CHEMBL1196692.pdbqt"": Unknown or inappropriate tag
No valid ligands in the input directory
 | returncode=1 king/masive_als_tdp43v4/ligandos/CHEMBL1196692_out.pdbqt
Reading input ... done.


Parse error on line 81 in file ""/kaggle/working/masive_als_tdp43v4/ligandos/CHEMBL1196692.pdbqt"": Unknown or inappropriate tag
No valid ligands in the input directory
",2026-09-05 10:43:21
CHEMBL1196753,TDP43_v2,,,,"error:returncode=1 king/masive_als_tdp43v4/ligandos/CHEMBL1196753_out.pdbqt
Reading input ... done.


Parse error on line 72 in file ""/kaggle/working/masive_als_tdp43v4/ligandos/CHEMBL1196753.pdbqt"": Unknown or inappropriate tag
No valid ligands in the input directory
 | returncode=1 king/masive_als_tdp43v4/ligandos/CHEMBL1196753_out.pdbqt
Reading input ... done.


Parse error on line 72 in file ""/kaggle/working/masive_als_tdp43v4/ligandos/CHEMBL1196753.pdbqt"": Unknown or inappropriate tag
No valid ligands in the input directory
 | returncode=1 king/masive_als_tdp43v4/ligandos/CHEMBL1196753_out.pdbqt
Reading input ... done.


Parse error on line 72 in file ""/kaggle/working/masive_als_tdp43v4/ligandos/CHEMBL1196753.pdbqt"": Unknown or inappropriate tag
No valid ligands in the input directory
",2026-09-05 10:43:21
CHEMBL1196760,TDP43_v2,,,,"error:returncode=1 king/masive_als_tdp43v4/ligandos/CHEMBL1196760_out.pdbqt
Reading input ... done.


Parse error on line 73 in file ""/kaggle/working/masive_als_tdp43v4/ligandos/CHEMBL1196760.pdbqt"": Unknown or inappropriate tag
No valid ligands in the input directory
 | returncode=1 king/masive_als_tdp43v4/ligandos/CHEMBL1196760_out.pdbqt
Reading input ... done.


Parse error on line 73 in file ""/kaggle/working/masive_als_tdp43v4/ligandos/CHEMBL1196760.pdbqt"": Unknown or inappropriate tag
No valid ligands in the input directory
 | returncode=1 king/masive_als_tdp43v4/ligandos/CHEMBL1196760_out.pdbqt
Reading input ... done.


Parse error on line 73 in file ""/kaggle/working/masive_als_tdp43v4/ligandos/CHEMBL1196760.pdbqt"": Unknown or inappropriate tag
No valid ligands in the input directory
",2026-09-05 10:43:21
CHEMBL1196762,TDP43_v2,,,,"error:returncode=1 king/masive_als_tdp43v4/ligandos/CHEMBL1196762_out.pdbqt
Reading input ... done.


Parse error on line 59 in file ""/kaggle/working/masive_als_tdp43v4/ligandos/CHEMBL1196762.pdbqt"": Unknown or inappropriate tag
No valid ligands in the input directory
 | returncode=1 king/masive_als_tdp43v4/ligandos/CHEMBL1196762_out.pdbqt
Reading input ... done.


Parse error on line 59 in file ""/kaggle/working/masive_als_tdp43v4/ligandos/CHEMBL1196762.pdbqt"": Unknown or inappropriate tag
No valid ligands in the input directory
 | returncode=1 king/masive_als_tdp43v4/ligandos/CHEMBL1196762_out.pdbqt
Reading input ... done.


Parse error on line 59 in file ""/kaggle/working/masive_als_tdp43v4/ligandos/CHEMBL1196762.pdbqt"": Unknown or inappropriate tag
No valid ligands in the input directory
",2026-09-05 10:43:21
CHEMBL1196805,TDP43_v2,,,,"error:returncode=1 king/masive_als_tdp43v4/ligandos/CHEMBL1196805_out.pdbqt
Reading input ... done.


Parse error on line 57 in file ""/kaggle/working/masive_als_tdp43v4/ligandos/CHEMBL1196805.pdbqt"": Unknown or inappropriate tag
No valid ligands in the input directory
 | returncode=1 king/masive_als_tdp43v4/ligandos/CHEMBL1196805_out.pdbqt
Reading input ... done.


Parse error on line 57 in file ""/kaggle/working/masive_als_tdp43v4/ligandos/CHEMBL1196805.pdbqt"": Unknown or inappropriate tag
No valid ligands in the input directory
 | returncode=1 king/masive_als_tdp43v4/ligandos/CHEMBL1196805_out.pdbqt
Reading input ... done.


Parse error on line 57 in file ""/kaggle/working/masive_als_tdp43v4/ligandos/CHEMBL1196805.pdbqt"": Unknown or inappropriate tag
No valid ligands in the input directory
",2026-09-05 10:43:21
CHEMBL1196821,TDP43_v2,,,,"error:returncode=1 king/masive_als_tdp43v4/ligandos/CHEMBL1196821_out.pdbqt
Reading input ... done.


Parse error on line 59 in file ""/kaggle/working/masive_als_tdp43v4/ligandos/CHEMBL1196821.pdbqt"": Unknown or inappropriate tag
No valid ligands in the input directory
 | returncode=1 king/masive_als_tdp43v4/ligandos/CHEMBL1196821_out.pdbqt
Reading input ... done.


Parse error on line 59 in file ""/kaggle/working/masive_als_tdp43v4/ligandos/CHEMBL1196821.pdbqt"": Unknown or inappropriate tag
No valid ligands in the input directory
 | returncode=1 king/masive_als_tdp43v4/ligandos/CHEMBL1196821_out.pdbqt
Reading input ... done.


Parse error on line 59 in file ""/kaggle/working/masive_als_tdp43v4/ligandos/CHEMBL1196821.pdbqt"": Unknown or inappropriate tag
No valid ligands in the input directory
",2026-09-05 10:43:21
CHEMBL1196884,TDP43_v2,,,,"error:returncode=1 king/masive_als_tdp43v4/ligandos/CHEMBL1196884_out.pdbqt
Reading input ... done.


Parse error on line 24 in file ""/kaggle/working/masive_als_tdp43v4/ligandos/CHEMBL1196884.pdbqt"": Unknown or inappropriate tag
No valid ligands in the input directory
 | returncode=1 king/masive_als_tdp43v4/ligandos/CHEMBL1196884_out.pdbqt
Reading input ... done.


Parse error on line 24 in file ""/kaggle/working/masive_als_tdp43v4/ligandos/CHEMBL1196884.pdbqt"": Unknown or inappropriate tag
No valid ligands in the input directory
 | returncode=1 king/masive_als_tdp43v4/ligandos/CHEMBL1196884_out.pdbqt
Reading input ... done.


Parse error on line 24 in file ""/kaggle/working/masive_als_tdp43v4/ligandos/CHEMBL1196884.pdbqt"": Unknown or inappropriate tag
No valid ligands in the input directory
",2026-09-05 10:43:22
CHEMBL1196908,TDP43_v2,,,,"error:returncode=1 king/masive_als_tdp43v4/ligandos/CHEMBL1196908_out.pdbqt
Reading input ... done.


Parse error on line 77 in file ""/kaggle/working/masive_als_tdp43v4/ligandos/CHEMBL1196908.pdbqt"": Unknown or inappropriate tag
No valid ligands in the input directory
 | returncode=1 king/masive_als_tdp43v4/ligandos/CHEMBL1196908_out.pdbqt
Reading input ... done.


Parse error on line 77 in file ""/kaggle/working/masive_als_tdp43v4/ligandos/CHEMBL1196908.pdbqt"": Unknown or inappropriate tag
No valid ligands in the input directory
 | returncode=1 king/masive_als_tdp43v4/ligandos/CHEMBL1196908_out.pdbqt
Reading input ... done.


Parse error on line 77 in file ""/kaggle/working/masive_als_tdp43v4/ligandos/CHEMBL1196908.pdbqt"": Unknown or inappropriate tag
No valid ligands in the input directory
",2026-09-05 10:43:22
CHEMBL1196954,TDP43_v2,,,,"error:returncode=1 king/masive_als_tdp43v4/ligandos/CHEMBL1196954_out.pdbqt
Reading input ... done.


Parse error on line 24 in file ""/kaggle/working/masive_als_tdp43v4/ligandos/CHEMBL1196954.pdbqt"": Unknown or inappropriate tag
No valid ligands in the input directory
 | returncode=1 king/masive_als_tdp43v4/ligandos/CHEMBL1196954_out.pdbqt
Reading input ... done.


Parse error on line 24 in file ""/kaggle/working/masive_als_tdp43v4/ligandos/CHEMBL1196954.pdbqt"": Unknown or inappropriate tag
No valid ligands in the input directory
 | returncode=1 king/masive_als_tdp43v4/ligandos/CHEMBL1196954_out.pdbqt
Reading input ... done.


Parse error on line 24 in file ""/kaggle/working/masive_als_tdp43v4/ligandos/CHEMBL1196954.pdbqt"": Unknown or inappropriate tag
No valid ligands in the input directory
",2026-09-05 10:43:22
CHEMBL119696,TDP43_v2,-8.2,42,-8.2000;-8.2000;-8.2000,ok,2026-09-05 10:43:28
CHEMBL1197045,TDP43_v2,,,,"error:returncode=1 king/masive_als_tdp43v4/ligandos/CHEMBL1197045_out.pdbqt
Reading input ... done.


Parse error on line 83 in file ""/kaggle/working/masive_als_tdp43v4/ligandos/CHEMBL1197045.pdbqt"": Unknown or inappropriate tag
No valid ligands in the input directory
 | returncode=1 king/masive_als_tdp43v4/ligandos/CHEMBL1197045_out.pdbqt
Reading input ... done.


Parse error on line 83 in file ""/kaggle/working/masive_als_tdp43v4/ligandos/CHEMBL1197045.pdbqt"": Unknown or inappropriate tag
No valid ligands in the input directory
 | returncode=1 king/masive_als_tdp43v4/ligandos/CHEMBL1197045_out.pdbqt
Reading input ... done.


Parse error on line 83 in file ""/kaggle/working/masive_als_tdp43v4/ligandos/CHEMBL1197045.pdbqt"": Unknown or inappropriate tag
No valid ligands in the input directory
",2026-09-05 10:43:28
CHEMBL1197051,TDP43_v2,-5.6,2026,-5.4000;-5.6000;-5.2000,ok,2026-09-05 10:43:38
CHEMBL1197072,TDP43_v2,,,,"error:returncode=1 king/masive_als_tdp43v4/ligandos/CHEMBL1197072_out.pdbqt
Reading input ... done.


Parse error on line 42 in file ""/kaggle/working/masive_als_tdp43v4/ligandos/CHEMBL1197072.pdbqt"": Unknown or inappropriate tag
No valid ligands in the input directory
 | returncode=1 king/masive_als_tdp43v4/ligandos/CHEMBL1197072_out.pdbqt
Reading input ... done.


Parse error on line 42 in file ""/kaggle/working/masive_als_tdp43v4/ligandos/CHEMBL1197072.pdbqt"": Unknown or inappropriate tag
No valid ligands in the input directory
 | returncode=1 king/masive_als_tdp43v4/ligandos/CHEMBL1197072_out.pdbqt
Reading input ... done.


Parse error on line 42 in file ""/kaggle/working/masive_als_tdp43v4/ligandos/CHEMBL1197072.pdbqt"": Unknown or inappropriate tag
No valid ligands in the input directory
",2026-09-05 10:43:38
CHEMBL119709,TDP43_v2,-6.3,2026,-6.1000;-6.3000;-5.7000,ok,2026-09-05 10:43:50
CHEMBL1197091,TDP43_v2,-6.3,2026,-5.7000;-6.3000;-6.1000,ok,2026-09-05 10:44:00
CHEMBL1197140,TDP43_v2,,,,"error:returncode=1 king/masive_als_tdp43v4/ligandos/CHEMBL1197140_out.pdbqt
Reading input ... done.


Parse error on line 72 in file ""/kaggle/working/masive_als_tdp43v4/ligandos/CHEMBL1197140.pdbqt"": Unknown or inappropriate tag
No valid ligands in the input directory
 | returncode=1 king/masive_als_tdp43v4/ligandos/CHEMBL1197140_out.pdbqt
Reading input ... done.


Parse error on line 72 in file ""/kaggle/working/masive_als_tdp43v4/ligandos/CHEMBL1197140.pdbqt"": Unknown or inappropriate tag
No valid ligands in the input directory
 | returncode=1 king/masive_als_tdp43v4/ligandos/CHEMBL1197140_out.pdbqt
Reading input ... done.


Parse error on line 72 in file ""/kaggle/working/masive_als_tdp43v4/ligandos/CHEMBL1197140.pdbqt"": Unknown or inappropriate tag
No valid ligands in the input directory
",2026-09-05 10:44:00
CHEMBL1197218,TDP43_v2,,,,"error:returncode=1 king/masive_als_tdp43v4/ligandos/CHEMBL1197218_out.pdbqt
Reading input ... done.


Parse error on line 67 in file ""/kaggle/working/masive_als_tdp43v4/ligandos/CHEMBL1197218.pdbqt"": Unknown or inappropriate tag
No valid ligands in the input directory
 | returncode=1 king/masive_als_tdp43v4/ligandos/CHEMBL1197218_out.pdbqt
Reading input ... done.


Parse error on line 67 in file ""/kaggle/working/masive_als_tdp43v4/ligandos/CHEMBL1197218.pdbqt"": Unknown or inappropriate tag
No valid ligands in the input directory
 | returncode=1 king/masive_als_tdp43v4/ligandos/CHEMBL1197218_out.pdbqt
Reading input ... done.


Parse error on line 67 in file ""/kaggle/working/masive_als_tdp43v4/ligandos/CHEMBL1197218.pdbqt"": Unknown or inappropriate tag
No valid ligands in the input directory
",2026-09-05 10:44:00
CHEMBL1197278,TDP43_v2,,,,"error:returncode=1 king/masive_als_tdp43v4/ligandos/CHEMBL1197278_out.pdbqt
Reading input ... done.


Parse error on line 61 in file ""/kaggle/working/masive_als_tdp43v4/ligandos/CHEMBL1197278.pdbqt"": Unknown or inappropriate tag
No valid ligands in the input directory
 | returncode=1 king/masive_als_tdp43v4/ligandos/CHEMBL1197278_out.pdbqt
Reading input ... done.


Parse error on line 61 in file ""/kaggle/working/masive_als_tdp43v4/ligandos/CHEMBL1197278.pdbqt"": Unknown or inappropriate tag
No valid ligands in the input directory
 | returncode=1 king/masive_als_tdp43v4/ligandos/CHEMBL1197278_out.pdbqt
Reading input ... done.


Parse error on line 61 in file ""/kaggle/working/masive_als_tdp43v4/ligandos/CHEMBL1197278.pdbqt"": Unknown or inappropriate tag
No valid ligands in the input directory
",2026-09-05 10:44:00
CHEMBL1197564,TDP43_v2,-6.9,42,-6.9000;-6.9000;-6.9000,ok,2026-09-05 10:44:06
CHEMBL1197578,TDP43_v2,-6.3,777,-6.1000;-5.8000;-6.3000,ok,2026-09-05 10:44:16
CHEMBL1197792,TDP43_v2,-6.2,777,-6.1000;-5.7000;-6.2000,ok,2026-09-05 10:44:37
CHEMBL11978,TDP43_v2,-5.2,42,-5.2000;-5.2000;-5.2000,ok,2026-09-05 10:44:44
CHEMBL1198106,TDP43_v2,,,,"error:returncode=1 ing/masive_als_tdp43v4/ligandos/CHEMBL1198106_out.pdbqt
Reading input ... done.


Parse error on line 100 in file ""/kaggle/working/masive_als_tdp43v4/ligandos/CHEMBL1198106.pdbqt"": Unknown or inappropriate tag
No valid ligands in the input directory
 | returncode=1 ing/masive_als_tdp43v4/ligandos/CHEMBL1198106_out.pdbqt
Reading input ... done.


Parse error on line 100 in file ""/kaggle/working/masive_als_tdp43v4/ligandos/CHEMBL1198106.pdbqt"": Unknown or inappropriate tag
No valid ligands in the input directory
 | returncode=1 ing/masive_als_tdp43v4/ligandos/CHEMBL1198106_out.pdbqt
Reading input ... done.


Parse error on line 100 in file ""/kaggle/working/masive_als_tdp43v4/ligandos/CHEMBL1198106.pdbqt"": Unknown or inappropriate tag
No valid ligands in the input directory
",2026-09-05 10:44:44
CHEMBL119830,TDP43_v2,-8.3,42,-8.3000;-8.3000;-8.3000,ok,2026-09-05 10:44:50
CHEMBL1198374,TDP43_v2,,,,"error:returncode=1 king/masive_als_tdp43v4/ligandos/CHEMBL1198374_out.pdbqt
Reading input ... done.


Parse error on line 51 in file ""/kaggle/working/masive_als_tdp43v4/ligandos/CHEMBL1198374.pdbqt"": Unknown or inappropriate tag
No valid ligands in the input directory
 | returncode=1 king/masive_als_tdp43v4/ligandos/CHEMBL1198374_out.pdbqt
Reading input ... done.


Parse error on line 51 in file ""/kaggle/working/masive_als_tdp43v4/ligandos/CHEMBL1198374.pdbqt"": Unknown or inappropriate tag
No valid ligands in the input directory
 | returncode=1 king/masive_als_tdp43v4/ligandos/CHEMBL1198374_out.pdbqt
Reading input ... done.


Parse error on line 51 in file ""/kaggle/working/masive_als_tdp43v4/ligandos/CHEMBL1198374.pdbqt"": Unknown or inappropriate tag
No valid ligands in the input directory
",2026-09-05 10:44:50
CHEMBL1198572,TDP43_v2,,,,"error:returncode=1 king/masive_als_tdp43v4/ligandos/CHEMBL1198572_out.pdbqt
Reading input ... done.


Parse error on line 57 in file ""/kaggle/working/masive_als_tdp43v4/ligandos/CHEMBL1198572.pdbqt"": Unknown or inappropriate tag
No valid ligands in the input directory
 | returncode=1 king/masive_als_tdp43v4/ligandos/CHEMBL1198572_out.pdbqt
Reading input ... done.


Parse error on line 57 in file ""/kaggle/working/masive_als_tdp43v4/ligandos/CHEMBL1198572.pdbqt"": Unknown or inappropriate tag
No valid ligands in the input directory
 | returncode=1 king/masive_als_tdp43v4/ligandos/CHEMBL1198572_out.pdbqt
Reading input ... done.


Parse error on line 57 in file ""/kaggle/working/masive_als_tdp43v4/ligandos/CHEMBL1198572.pdbqt"": Unknown or inappropriate tag
No valid ligands in the input directory
",2026-09-05 10:44:50
CHEMBL119865,TDP43_v2,-5.7,2026,-5.6000;-5.7000;-5.4000,ok,2026-09-05 10:45:03
CHEMBL119870,TDP43_v2,-5.6,42,-5.6000;-5.6000;-5.5000,ok,2026-09-05 10:45:09
CHEMBL119873,TDP43_v2,-5.9,42,-5.9000;-5.0000;-5.0000,ok,2026-09-05 10:45:25
CHEMBL1198773,TDP43_v2,,,,"error:returncode=1 king/masive_als_tdp43v4/ligandos/CHEMBL1198773_out.pdbqt
Reading input ... done.


Parse error on line 52 in file ""/kaggle/working/masive_als_tdp43v4/ligandos/CHEMBL1198773.pdbqt"": Unknown or inappropriate tag
No valid ligands in the input directory
 | returncode=1 king/masive_als_tdp43v4/ligandos/CHEMBL1198773_out.pdbqt
Reading input ... done.


Parse error on line 52 in file ""/kaggle/working/masive_als_tdp43v4/ligandos/CHEMBL1198773.pdbqt"": Unknown or inappropriate tag
No valid ligands in the input directory
 | returncode=1 king/masive_als_tdp43v4/ligandos/CHEMBL1198773_out.pdbqt
Reading input ... done.


Parse error on line 52 in file ""/kaggle/working/masive_als_tdp43v4/ligandos/CHEMBL1198773.pdbqt"": Unknown or inappropriate tag
No valid ligands in the input directory
",2026-09-05 10:45:25
CHEMBL1198783,TDP43_v2,,,,"error:returncode=1 king/masive_als_tdp43v4/ligandos/CHEMBL1198783_out.pdbqt
Reading input ... done.


Parse error on line 85 in file ""/kaggle/working/masive_als_tdp43v4/ligandos/CHEMBL1198783.pdbqt"": Unknown or inappropriate tag
No valid ligands in the input directory
 | returncode=1 king/masive_als_tdp43v4/ligandos/CHEMBL1198783_out.pdbqt
Reading input ... done.


Parse error on line 85 in file ""/kaggle/working/masive_als_tdp43v4/ligandos/CHEMBL1198783.pdbqt"": Unknown or inappropriate tag
No valid ligands in the input directory
 | returncode=1 king/masive_als_tdp43v4/ligandos/CHEMBL1198783_out.pdbqt
Reading input ... done.


Parse error on line 85 in file ""/kaggle/working/masive_als_tdp43v4/ligandos/CHEMBL1198783.pdbqt"": Unknown or inappropriate tag
No valid ligands in the input directory
",2026-09-05 10:45:25
CHEMBL119879,TDP43_v2,-4.7,2026,-4.0000;-4.7000;-4.5000,ok,2026-09-05 10:46:02
CHEMBL1198794,TDP43_v2,,,,"error:returncode=1 king/masive_als_tdp43v4/ligandos/CHEMBL1198794_out.pdbqt
Reading input ... done.


Parse error on line 23 in file ""/kaggle/working/masive_als_tdp43v4/ligandos/CHEMBL1198794.pdbqt"": Unknown or inappropriate tag
No valid ligands in the input directory
 | returncode=1 king/masive_als_tdp43v4/ligandos/CHEMBL1198794_out.pdbqt
Reading input ... done.


Parse error on line 23 in file ""/kaggle/working/masive_als_tdp43v4/ligandos/CHEMBL1198794.pdbqt"": Unknown or inappropriate tag
No valid ligands in the input directory
 | returncode=1 king/masive_als_tdp43v4/ligandos/CHEMBL1198794_out.pdbqt
Reading input ... done.


Parse error on line 23 in file ""/kaggle/working/masive_als_tdp43v4/ligandos/CHEMBL1198794.pdbqt"": Unknown or inappropriate tag
No valid ligands in the input directory
",2026-09-05 10:46:02
CHEMBL119883,TDP43_v2,-5.5,2026,-5.0000;-5.5000;-5.4000,ok,2026-09-05 10:46:12
CHEMBL1198855,TDP43_v2,-6.2,42,-6.2000;-6.1000;-5.9000,ok,2026-09-05 10:46:33
CHEMBL119888,TDP43_v2,-4.7,42,-4.7000;-4.6000;-4.6000,ok,2026-09-05 10:46:40
CHEMBL1198892,TDP43_v2,,,,"error:returncode=1 king/masive_als_tdp43v4/ligandos/CHEMBL1198892_out.pdbqt
Reading input ... done.


Parse error on line 72 in file ""/kaggle/working/masive_als_tdp43v4/ligandos/CHEMBL1198892.pdbqt"": Unknown or inappropriate tag
No valid ligands in the input directory
 | returncode=1 king/masive_als_tdp43v4/ligandos/CHEMBL1198892_out.pdbqt
Reading input ... done.


Parse error on line 72 in file ""/kaggle/working/masive_als_tdp43v4/ligandos/CHEMBL1198892.pdbqt"": Unknown or inappropriate tag
No valid ligands in the input directory
 | returncode=1 king/masive_als_tdp43v4/ligandos/CHEMBL1198892_out.pdbqt
Reading input ... done.


Parse error on line 72 in file ""/kaggle/working/masive_als_tdp43v4/ligandos/CHEMBL1198892.pdbqt"": Unknown or inappropriate tag
No valid ligands in the input directory
",2026-09-05 10:46:40
CHEMBL1198938,TDP43_v2,,,,"error:returncode=1 king/masive_als_tdp43v4/ligandos/CHEMBL1198938_out.pdbqt
Reading input ... done.


Parse error on line 65 in file ""/kaggle/working/masive_als_tdp43v4/ligandos/CHEMBL1198938.pdbqt"": Unknown or inappropriate tag
No valid ligands in the input directory
 | returncode=1 king/masive_als_tdp43v4/ligandos/CHEMBL1198938_out.pdbqt
Reading input ... done.


Parse error on line 65 in file ""/kaggle/working/masive_als_tdp43v4/ligandos/CHEMBL1198938.pdbqt"": Unknown or inappropriate tag
No valid ligands in the input directory
 | returncode=1 king/masive_als_tdp43v4/ligandos/CHEMBL1198938_out.pdbqt
Reading input ... done.


Parse error on line 65 in file ""/kaggle/working/masive_als_tdp43v4/ligandos/CHEMBL1198938.pdbqt"": Unknown or inappropriate tag
No valid ligands in the input directory
",2026-09-05 10:46:40
CHEMBL1199,TDP43_v2,-6.5,42,-6.5000;-6.4000;-6.4000,ok,2026-09-05 10:46:49
CHEMBL11991,TDP43_v2,-6.1,2026,-6.0000;-6.1000;-6.1000,ok,2026-09-05 10:46:56
CHEMBL1199283,TDP43_v2,,,,"error:returncode=1 ing/masive_als_tdp43v4/ligandos/CHEMBL1199283_out.pdbqt
Reading input ... done.


Parse error on line 103 in file ""/kaggle/working/masive_als_tdp43v4/ligandos/CHEMBL1199283.pdbqt"": Unknown or inappropriate tag
No valid ligands in the input directory
 | returncode=1 ing/masive_als_tdp43v4/ligandos/CHEMBL1199283_out.pdbqt
Reading input ... done.


Parse error on line 103 in file ""/kaggle/working/masive_als_tdp43v4/ligandos/CHEMBL1199283.pdbqt"": Unknown or inappropriate tag
No valid ligands in the input directory
 | returncode=1 ing/masive_als_tdp43v4/ligandos/CHEMBL1199283_out.pdbqt
Reading input ... done.


Parse error on line 103 in file ""/kaggle/working/masive_als_tdp43v4/ligandos/CHEMBL1199283.pdbqt"": Unknown or inappropriate tag
No valid ligands in the input directory
",2026-09-05 10:46:56
CHEMBL1199319,TDP43_v2,,,,"error:returncode=1 king/masive_als_tdp43v4/ligandos/CHEMBL1199319_out.pdbqt
Reading input ... done.


Parse error on line 48 in file ""/kaggle/working/masive_als_tdp43v4/ligandos/CHEMBL1199319.pdbqt"": Unknown or inappropriate tag
No valid ligands in the input directory
 | returncode=1 king/masive_als_tdp43v4/ligandos/CHEMBL1199319_out.pdbqt
Reading input ... done.


Parse error on line 48 in file ""/kaggle/working/masive_als_tdp43v4/ligandos/CHEMBL1199319.pdbqt"": Unknown or inappropriate tag
No valid ligands in the input directory
 | returncode=1 king/masive_als_tdp43v4/ligandos/CHEMBL1199319_out.pdbqt
Reading input ... done.


Parse error on line 48 in file ""/kaggle/working/masive_als_tdp43v4/ligandos/CHEMBL1199319.pdbqt"": Unknown or inappropriate tag
No valid ligands in the input directory
",2026-09-05 10:46:56
CHEMBL119938,TDP43_v2,-7.0,2026,-6.5000;-7.0000;-6.5000,ok,2026-09-05 10:47:05
CHEMBL1199480,TDP43_v2,-5.5,42,-5.5000;-5.3000;-4.6000,ok,2026-09-05 10:47:51
CHEMBL119963,TDP43_v2,-7.5,2026,-7.4000;-7.5000;-7.4000,ok,2026-09-05 10:47:58
CHEMBL1199647,TDP43_v2,-8.2,777,-6.4000;-7.4000;-8.2000,ok,2026-09-05 10:48:28
CHEMBL1199648,TDP43_v2,-7.0,42,-7.0000;-6.2000;-6.3000,ok,2026-09-05 10:48:59
CHEMBL1199719,TDP43_v2,,,,"error:returncode=1 king/masive_als_tdp43v4/ligandos/CHEMBL1199719_out.pdbqt
Reading input ... done.


Parse error on line 24 in file ""/kaggle/working/masive_als_tdp43v4/ligandos/CHEMBL1199719.pdbqt"": Unknown or inappropriate tag
No valid ligands in the input directory
 | returncode=1 king/masive_als_tdp43v4/ligandos/CHEMBL1199719_out.pdbqt
Reading input ... done.


Parse error on line 24 in file ""/kaggle/working/masive_als_tdp43v4/ligandos/CHEMBL1199719.pdbqt"": Unknown or inappropriate tag
No valid ligands in the input directory
 | returncode=1 king/masive_als_tdp43v4/ligandos/CHEMBL1199719_out.pdbqt
Reading input ... done.


Parse error on line 24 in file ""/kaggle/working/masive_als_tdp43v4/ligandos/CHEMBL1199719.pdbqt"": Unknown or inappropriate tag
No valid ligands in the input directory
",2026-09-05 10:48:59
CHEMBL1199895,TDP43_v2,-6.2,777,-5.3000;-5.2000;-6.2000,ok,2026-09-05 10:49:30
CHEMBL1199982,TDP43_v2,,,,"error:returncode=1 king/masive_als_tdp43v4/ligandos/CHEMBL1199982_out.pdbqt
Reading input ... done.


Parse error on line 30 in file ""/kaggle/working/masive_als_tdp43v4/ligandos/CHEMBL1199982.pdbqt"": Unknown or inappropriate tag
No valid ligands in the input directory
 | returncode=1 king/masive_als_tdp43v4/ligandos/CHEMBL1199982_out.pdbqt
Reading input ... done.


Parse error on line 30 in file ""/kaggle/working/masive_als_tdp43v4/ligandos/CHEMBL1199982.pdbqt"": Unknown or inappropriate tag
No valid ligands in the input directory
 | returncode=1 king/masive_als_tdp43v4/ligandos/CHEMBL1199982_out.pdbqt
Reading input ... done.


Parse error on line 30 in file ""/kaggle/working/masive_als_tdp43v4/ligandos/CHEMBL1199982.pdbqt"": Unknown or inappropriate tag
No valid ligands in the input directory
",2026-09-05 10:49:30
CHEMBL1200207,TDP43_v2,,,,"error:returncode=1 king/masive_als_tdp43v4/ligandos/CHEMBL1200207_out.pdbqt
Reading input ... done.


Parse error on line 73 in file ""/kaggle/working/masive_als_tdp43v4/ligandos/CHEMBL1200207.pdbqt"": Unknown or inappropriate tag
No valid ligands in the input directory
 | returncode=1 king/masive_als_tdp43v4/ligandos/CHEMBL1200207_out.pdbqt
Reading input ... done.


Parse error on line 73 in file ""/kaggle/working/masive_als_tdp43v4/ligandos/CHEMBL1200207.pdbqt"": Unknown or inappropriate tag
No valid ligands in the input directory
 | returncode=1 king/masive_als_tdp43v4/ligandos/CHEMBL1200207_out.pdbqt
Reading input ... done.


Parse error on line 73 in file ""/kaggle/working/masive_als_tdp43v4/ligandos/CHEMBL1200207.pdbqt"": Unknown or inappropriate tag
No valid ligands in the input directory
",2026-09-05 10:49:30
CHEMBL120030,TDP43_v2,-7.4,777,-7.3000;-7.3000;-7.4000,ok,2026-09-05 10:49:36
CHEMBL1200347,TDP43_v2,,,,"error:returncode=1 king/masive_als_tdp43v4/ligandos/CHEMBL1200347_out.pdbqt
Reading input ... done.


Parse error on line 84 in file ""/kaggle/working/masive_als_tdp43v4/ligandos/CHEMBL1200347.pdbqt"": Unknown or inappropriate tag
No valid ligands in the input directory
 | returncode=1 king/masive_als_tdp43v4/ligandos/CHEMBL1200347_out.pdbqt
Reading input ... done.


Parse error on line 84 in file ""/kaggle/working/masive_als_tdp43v4/ligandos/CHEMBL1200347.pdbqt"": Unknown or inappropriate tag
No valid ligands in the input directory
 | returncode=1 king/masive_als_tdp43v4/ligandos/CHEMBL1200347_out.pdbqt
Reading input ... done.


Parse error on line 84 in file ""/kaggle/working/masive_als_tdp43v4/ligandos/CHEMBL1200347.pdbqt"": Unknown or inappropriate tag
No valid ligands in the input directory
",2026-09-05 10:49:36
CHEMBL12004,TDP43_v2,-6.0,2026,-5.8000;-6.0000;-5.6000,ok,2026-09-05 10:49:52
CHEMBL1200480,TDP43_v2,,,,"error:returncode=1 king/masive_als_tdp43v4/ligandos/CHEMBL1200480_out.pdbqt
Reading input ... done.


Parse error on line 73 in file ""/kaggle/working/masive_als_tdp43v4/ligandos/CHEMBL1200480.pdbqt"": Unknown or inappropriate tag
No valid ligands in the input directory
 | returncode=1 king/masive_als_tdp43v4/ligandos/CHEMBL1200480_out.pdbqt
Reading input ... done.


Parse error on line 73 in file ""/kaggle/working/masive_als_tdp43v4/ligandos/CHEMBL1200480.pdbqt"": Unknown or inappropriate tag
No valid ligands in the input directory
 | returncode=1 king/masive_als_tdp43v4/ligandos/CHEMBL1200480_out.pdbqt
Reading input ... done.


Parse error on line 73 in file ""/kaggle/working/masive_als_tdp43v4/ligandos/CHEMBL1200480.pdbqt"": Unknown or inappropriate tag
No valid ligands in the input directory
",2026-09-05 10:49:52
CHEMBL120049,TDP43_v2,-6.6,777,-6.5000;-6.1000;-6.6000,ok,2026-09-05 10:50:02
CHEMBL1200490,TDP43_v2,,,,error:affinity not found | affinity not found | affinity not found,2026-09-05 10:50:08
CHEMBL1200501,TDP43_v2,,,,"error:returncode=1 ing/masive_als_tdp43v4/ligandos/CHEMBL1200501_out.pdbqt
Reading input ... done.


Parse error on line 105 in file ""/kaggle/working/masive_als_tdp43v4/ligandos/CHEMBL1200501.pdbqt"": Unknown or inappropriate tag
No valid ligands in the input directory
 | returncode=1 ing/masive_als_tdp43v4/ligandos/CHEMBL1200501_out.pdbqt
Reading input ... done.


Parse error on line 105 in file ""/kaggle/working/masive_als_tdp43v4/ligandos/CHEMBL1200501.pdbqt"": Unknown or inappropriate tag
No valid ligands in the input directory
 | returncode=1 ing/masive_als_tdp43v4/ligandos/CHEMBL1200501_out.pdbqt
Reading input ... done.


Parse error on line 105 in file ""/kaggle/working/masive_als_tdp43v4/ligandos/CHEMBL1200501.pdbqt"": Unknown or inappropriate tag
No valid ligands in the input directory
",2026-09-05 10:50:08
CHEMBL1200502,TDP43_v2,,,,"error:returncode=1 ing/masive_als_tdp43v4/ligandos/CHEMBL1200502_out.pdbqt
Reading input ... done.


Parse error on line 147 in file ""/kaggle/working/masive_als_tdp43v4/ligandos/CHEMBL1200502.pdbqt"": Unknown or inappropriate tag
No valid ligands in the input directory
 | returncode=1 ing/masive_als_tdp43v4/ligandos/CHEMBL1200502_out.pdbqt
Reading input ... done.


Parse error on line 147 in file ""/kaggle/working/masive_als_tdp43v4/ligandos/CHEMBL1200502.pdbqt"": Unknown or inappropriate tag
No valid ligands in the input directory
 | returncode=1 ing/masive_als_tdp43v4/ligandos/CHEMBL1200502_out.pdbqt
Reading input ... done.


Parse error on line 147 in file ""/kaggle/working/masive_als_tdp43v4/ligandos/CHEMBL1200502.pdbqt"": Unknown or inappropriate tag
No valid ligands in the input directory
",2026-09-05 10:50:08
CHEMBL1200507,TDP43_v2,-4.4,2026,-3.6000;-4.4000;-4.1000,ok,2026-09-05 10:52:21
CHEMBL1200509,TDP43_v2,,,,"error:returncode=1 ing/masive_als_tdp43v4/ligandos/CHEMBL1200509_out.pdbqt
Reading input ... done.


Parse error on line 103 in file ""/kaggle/working/masive_als_tdp43v4/ligandos/CHEMBL1200509.pdbqt"": Unknown or inappropriate tag
No valid ligands in the input directory
 | returncode=1 ing/masive_als_tdp43v4/ligandos/CHEMBL1200509_out.pdbqt
Reading input ... done.


Parse error on line 103 in file ""/kaggle/working/masive_als_tdp43v4/ligandos/CHEMBL1200509.pdbqt"": Unknown or inappropriate tag
No valid ligands in the input directory
 | returncode=1 ing/masive_als_tdp43v4/ligandos/CHEMBL1200509_out.pdbqt
Reading input ... done.


Parse error on line 103 in file ""/kaggle/working/masive_als_tdp43v4/ligandos/CHEMBL1200509.pdbqt"": Unknown or inappropriate tag
No valid ligands in the input directory
",2026-09-05 10:52:21
CHEMBL1200511,TDP43_v2,,,,"error:returncode=1 king/masive_als_tdp43v4/ligandos/CHEMBL1200511_out.pdbqt
Reading input ... done.


Parse error on line 95 in file ""/kaggle/working/masive_als_tdp43v4/ligandos/CHEMBL1200511.pdbqt"": Unknown or inappropriate tag
No valid ligands in the input directory
 | returncode=1 king/masive_als_tdp43v4/ligandos/CHEMBL1200511_out.pdbqt
Reading input ... done.


Parse error on line 95 in file ""/kaggle/working/masive_als_tdp43v4/ligandos/CHEMBL1200511.pdbqt"": Unknown or inappropriate tag
No valid ligands in the input directory
 | returncode=1 king/masive_als_tdp43v4/ligandos/CHEMBL1200511_out.pdbqt
Reading input ... done.


Parse error on line 95 in file ""/kaggle/working/masive_als_tdp43v4/ligandos/CHEMBL1200511.pdbqt"": Unknown or inappropriate tag
No valid ligands in the input directory
",2026-09-05 10:52:21
CHEMBL1200516,TDP43_v2,,,,"error:returncode=1 ing/masive_als_tdp43v4/ligandos/CHEMBL1200516_out.pdbqt
Reading input ... done.


Parse error on line 254 in file ""/kaggle/working/masive_als_tdp43v4/ligandos/CHEMBL1200516.pdbqt"": Unknown or inappropriate tag
No valid ligands in the input directory
 | returncode=1 ing/masive_als_tdp43v4/ligandos/CHEMBL1200516_out.pdbqt
Reading input ... done.


Parse error on line 254 in file ""/kaggle/working/masive_als_tdp43v4/ligandos/CHEMBL1200516.pdbqt"": Unknown or inappropriate tag
No valid ligands in the input directory
 | returncode=1 ing/masive_als_tdp43v4/ligandos/CHEMBL1200516_out.pdbqt
Reading input ... done.


Parse error on line 254 in file ""/kaggle/working/masive_als_tdp43v4/ligandos/CHEMBL1200516.pdbqt"": Unknown or inappropriate tag
No valid ligands in the input directory
",2026-09-05 10:52:21
CHEMBL1200554,TDP43_v2,,,,"error:returncode=1 ing/masive_als_tdp43v4/ligandos/CHEMBL1200554_out.pdbqt
Reading input ... done.


Parse error on line 289 in file ""/kaggle/working/masive_als_tdp43v4/ligandos/CHEMBL1200554.pdbqt"": Unknown or inappropriate tag
No valid ligands in the input directory
 | returncode=1 ing/masive_als_tdp43v4/ligandos/CHEMBL1200554_out.pdbqt
Reading input ... done.


Parse error on line 289 in file ""/kaggle/working/masive_als_tdp43v4/ligandos/CHEMBL1200554.pdbqt"": Unknown or inappropriate tag
No valid ligands in the input directory
 | returncode=1 ing/masive_als_tdp43v4/ligandos/CHEMBL1200554_out.pdbqt
Reading input ... done.


Parse error on line 289 in file ""/kaggle/working/masive_als_tdp43v4/ligandos/CHEMBL1200554.pdbqt"": Unknown or inappropriate tag
No valid ligands in the input directory
",2026-09-05 10:52:21
CHEMBL1200555,TDP43_v2,-5.0,777,-4.4000;-3.8000;-5.0000,ok,2026-09-05 10:55:15
CHEMBL1200556,TDP43_v2,,,,"error:returncode=1 king/masive_als_tdp43v4/ligandos/CHEMBL1200556_out.pdbqt
Reading input ... done.


Parse error on line 65 in file ""/kaggle/working/masive_als_tdp43v4/ligandos/CHEMBL1200556.pdbqt"": Unknown or inappropriate tag
No valid ligands in the input directory
 | returncode=1 king/masive_als_tdp43v4/ligandos/CHEMBL1200556_out.pdbqt
Reading input ... done.


Parse error on line 65 in file ""/kaggle/working/masive_als_tdp43v4/ligandos/CHEMBL1200556.pdbqt"": Unknown or inappropriate tag
No valid ligands in the input directory
 | returncode=1 king/masive_als_tdp43v4/ligandos/CHEMBL1200556_out.pdbqt
Reading input ... done.


Parse error on line 65 in file ""/kaggle/working/masive_als_tdp43v4/ligandos/CHEMBL1200556.pdbqt"": Unknown or inappropriate tag
No valid ligands in the input directory
",2026-09-05 10:55:15
CHEMBL1200558,TDP43_v2,-1.7,777,7.5000;-0.2000;-1.7000,ok,2026-09-05 10:59:51
CHEMBL1200644,TDP43_v2,,,,"error:returncode=1 ing/masive_als_tdp43v4/ligandos/CHEMBL1200644_out.pdbqt
Reading input ... done.


Parse error on line 260 in file ""/kaggle/working/masive_als_tdp43v4/ligandos/CHEMBL1200644.pdbqt"": Unknown or inappropriate tag
No valid ligands in the input directory
 | returncode=1 ing/masive_als_tdp43v4/ligandos/CHEMBL1200644_out.pdbqt
Reading input ... done.


Parse error on line 260 in file ""/kaggle/working/masive_als_tdp43v4/ligandos/CHEMBL1200644.pdbqt"": Unknown or inappropriate tag
No valid ligands in the input directory
 | returncode=1 ing/masive_als_tdp43v4/ligandos/CHEMBL1200644_out.pdbqt
Reading input ... done.


Parse error on line 260 in file ""/kaggle/working/masive_als_tdp43v4/ligandos/CHEMBL1200644.pdbqt"": Unknown or inappropriate tag
No valid ligands in the input directory
",2026-09-05 10:59:52
CHEMBL1200667,TDP43_v2,,,,"error:returncode=1 ing/masive_als_tdp43v4/ligandos/CHEMBL1200667_out.pdbqt
Reading input ... done.


Parse error on line 101 in file ""/kaggle/working/masive_als_tdp43v4/ligandos/CHEMBL1200667.pdbqt"": Unknown or inappropriate tag
No valid ligands in the input directory
 | returncode=1 ing/masive_als_tdp43v4/ligandos/CHEMBL1200667_out.pdbqt
Reading input ... done.


Parse error on line 101 in file ""/kaggle/working/masive_als_tdp43v4/ligandos/CHEMBL1200667.pdbqt"": Unknown or inappropriate tag
No valid ligands in the input directory
 | returncode=1 ing/masive_als_tdp43v4/ligandos/CHEMBL1200667_out.pdbqt
Reading input ... done.


Parse error on line 101 in file ""/kaggle/working/masive_als_tdp43v4/ligandos/CHEMBL1200667.pdbqt"": Unknown or inappropriate tag
No valid ligands in the input directory
",2026-09-05 10:59:52
CHEMBL1200670,TDP43_v2,,,,"error:returncode=1 king/masive_als_tdp43v4/ligandos/CHEMBL1200670_out.pdbqt
Reading input ... done.


Parse error on line 91 in file ""/kaggle/working/masive_als_tdp43v4/ligandos/CHEMBL1200670.pdbqt"": Unknown or inappropriate tag
No valid ligands in the input directory
 | returncode=1 king/masive_als_tdp43v4/ligandos/CHEMBL1200670_out.pdbqt
Reading input ... done.


Parse error on line 91 in file ""/kaggle/working/masive_als_tdp43v4/ligandos/CHEMBL1200670.pdbqt"": Unknown or inappropriate tag
No valid ligands in the input directory
 | returncode=1 king/masive_als_tdp43v4/ligandos/CHEMBL1200670_out.pdbqt
Reading input ... done.


Parse error on line 91 in file ""/kaggle/working/masive_als_tdp43v4/ligandos/CHEMBL1200670.pdbqt"": Unknown or inappropriate tag
No valid ligands in the input directory
",2026-09-05 10:59:52
CHEMBL1200671,TDP43_v2,,,,"error:returncode=1 king/masive_als_tdp43v4/ligandos/CHEMBL1200671_out.pdbqt
Reading input ... done.


Parse error on line 99 in file ""/kaggle/working/masive_als_tdp43v4/ligandos/CHEMBL1200671.pdbqt"": Unknown or inappropriate tag
No valid ligands in the input directory
 | returncode=1 king/masive_als_tdp43v4/ligandos/CHEMBL1200671_out.pdbqt
Reading input ... done.


Parse error on line 99 in file ""/kaggle/working/masive_als_tdp43v4/ligandos/CHEMBL1200671.pdbqt"": Unknown or inappropriate tag
No valid ligands in the input directory
 | returncode=1 king/masive_als_tdp43v4/ligandos/CHEMBL1200671_out.pdbqt
Reading input ... done.


Parse error on line 99 in file ""/kaggle/working/masive_als_tdp43v4/ligandos/CHEMBL1200671.pdbqt"": Unknown or inappropriate tag
No valid ligands in the input directory
",2026-09-05 10:59:52
CHEMBL1200690,TDP43_v2,-3.8,2026,-1.6000;-3.8000;-1.4000,ok,2026-09-05 11:02:17
CHEMBL1200755,TDP43_v2,,,,"error:returncode=1 ing/masive_als_tdp43v4/ligandos/CHEMBL1200755_out.pdbqt
Reading input ... done.


Parse error on line 120 in file ""/kaggle/working/masive_als_tdp43v4/ligandos/CHEMBL1200755.pdbqt"": Unknown or inappropriate tag
No valid ligands in the input directory
 | returncode=1 ing/masive_als_tdp43v4/ligandos/CHEMBL1200755_out.pdbqt
Reading input ... done.


Parse error on line 120 in file ""/kaggle/working/masive_als_tdp43v4/ligandos/CHEMBL1200755.pdbqt"": Unknown or inappropriate tag
No valid ligands in the input directory
 | returncode=1 ing/masive_als_tdp43v4/ligandos/CHEMBL1200755_out.pdbqt
Reading input ... done.


Parse error on line 120 in file ""/kaggle/working/masive_als_tdp43v4/ligandos/CHEMBL1200755.pdbqt"": Unknown or inappropriate tag
No valid ligands in the input directory
",2026-09-05 11:02:17
CHEMBL1200775,TDP43_v2,,,,"error:returncode=1 ing/masive_als_tdp43v4/ligandos/CHEMBL1200775_out.pdbqt
Reading input ... done.


Parse error on line 103 in file ""/kaggle/working/masive_als_tdp43v4/ligandos/CHEMBL1200775.pdbqt"": Unknown or inappropriate tag
No valid ligands in the input directory
 | returncode=1 ing/masive_als_tdp43v4/ligandos/CHEMBL1200775_out.pdbqt
Reading input ... done.


Parse error on line 103 in file ""/kaggle/working/masive_als_tdp43v4/ligandos/CHEMBL1200775.pdbqt"": Unknown or inappropriate tag
No valid ligands in the input directory
 | returncode=1 ing/masive_als_tdp43v4/ligandos/CHEMBL1200775_out.pdbqt
Reading input ... done.


Parse error on line 103 in file ""/kaggle/working/masive_als_tdp43v4/ligandos/CHEMBL1200775.pdbqt"": Unknown or inappropriate tag
No valid ligands in the input directory
",2026-09-05 11:02:17
CHEMBL120105,TDP43_v2,-5.7,42,-5.7000;-5.7000;-5.5000,ok,2026-09-05 11:02:35
CHEMBL1201130,TDP43_v2,,,,"error:returncode=1 king/masive_als_tdp43v4/ligandos/CHEMBL1201130_out.pdbqt
Reading input ... done.


Parse error on line 41 in file ""/kaggle/working/masive_als_tdp43v4/ligandos/CHEMBL1201130.pdbqt"": Unknown or inappropriate tag
No valid ligands in the input directory
 | returncode=1 king/masive_als_tdp43v4/ligandos/CHEMBL1201130_out.pdbqt
Reading input ... done.


Parse error on line 41 in file ""/kaggle/working/masive_als_tdp43v4/ligandos/CHEMBL1201130.pdbqt"": Unknown or inappropriate tag
No valid ligands in the input directory
 | returncode=1 king/masive_als_tdp43v4/ligandos/CHEMBL1201130_out.pdbqt
Reading input ... done.


Parse error on line 41 in file ""/kaggle/working/masive_als_tdp43v4/ligandos/CHEMBL1201130.pdbqt"": Unknown or inappropriate tag
No valid ligands in the input directory
",2026-09-05 11:02:35
CHEMBL1201184,TDP43_v2,,,,"error:returncode=1 king/masive_als_tdp43v4/ligandos/CHEMBL1201184_out.pdbqt
Reading input ... done.


Parse error on line 73 in file ""/kaggle/working/masive_als_tdp43v4/ligandos/CHEMBL1201184.pdbqt"": Unknown or inappropriate tag
No valid ligands in the input directory
 | returncode=1 king/masive_als_tdp43v4/ligandos/CHEMBL1201184_out.pdbqt
Reading input ... done.


Parse error on line 73 in file ""/kaggle/working/masive_als_tdp43v4/ligandos/CHEMBL1201184.pdbqt"": Unknown or inappropriate tag
No valid ligands in the input directory
 | returncode=1 king/masive_als_tdp43v4/ligandos/CHEMBL1201184_out.pdbqt
Reading input ... done.


Parse error on line 73 in file ""/kaggle/working/masive_als_tdp43v4/ligandos/CHEMBL1201184.pdbqt"": Unknown or inappropriate tag
No valid ligands in the input directory
",2026-09-05 11:02:35
CHEMBL1201185,TDP43_v2,-3.7,777,-1.1000;0.7000;-3.7000,ok,2026-09-05 11:05:35
CHEMBL1201199,TDP43_v2,-2.9,2026,-2.3000;-2.9000;-2.5000,ok,2026-09-05 11:11:12
CHEMBL1201202,TDP43_v2,-4.2,777,-3.8000;-2.9000;-4.2000,ok,2026-09-05 11:17:53
CHEMBL1201225,TDP43_v2,-2.0,42,-2.0000;-2.0000;-2.0000,ok,2026-09-05 11:17:59
CHEMBL1201230,TDP43_v2,-1.4,42,-1.4000;-1.4000;-1.4000,ok,2026-09-05 11:18:06
CHEMBL1201247,TDP43_v2,-4.3,777,-3.9000;-3.1000;-4.3000,ok,2026-09-05 11:24:24
CHEMBL1201255,TDP43_v2,,,,error:affinity not found | affinity not found | affinity not found,2026-09-05 11:24:30
CHEMBL1201290,TDP43_v2,-1.4,42,-1.4000;-1.4000;-1.4000,ok,2026-09-05 11:24:36
CHEMBL1201309,TDP43_v2,,,,error:affinity not found | affinity not found | affinity not found,2026-09-05 11:24:42
CHEMBL1201326,TDP43_v2,,,,"error:returncode=1 e.


Parse error on line 7 in file ""/kaggle/working/masive_als_tdp43v4/ligandos/CHEMBL1201326.pdbqt"": ATOM syntax incorrect: ""Rb"" is not a valid AutoDock type. Note that AutoDock atom types are case-sensitive.
No valid ligands in the input directory
 | returncode=1 e.


Parse error on line 7 in file ""/kaggle/working/masive_als_tdp43v4/ligandos/CHEMBL1201326.pdbqt"": ATOM syntax incorrect: ""Rb"" is not a valid AutoDock type. Note that AutoDock atom types are case-sensitive.
No valid ligands in the input directory
 | returncode=1 e.


Parse error on line 7 in file ""/kaggle/working/masive_als_tdp43v4/ligandos/CHEMBL1201326.pdbqt"": ATOM syntax incorrect: ""Rb"" is not a valid AutoDock type. Note that AutoDock atom types are case-sensitive.
No valid ligands in the input directory
",2026-09-05 11:24:42
CHEMBL1201333,TDP43_v2,,,,"error:returncode=1 e.


Parse error on line 7 in file ""/kaggle/working/masive_als_tdp43v4/ligandos/CHEMBL1201333.pdbqt"": ATOM syntax incorrect: ""Li"" is not a valid AutoDock type. Note that AutoDock atom types are case-sensitive.
No valid ligands in the input directory
 | returncode=1 e.


Parse error on line 7 in file ""/kaggle/working/masive_als_tdp43v4/ligandos/CHEMBL1201333.pdbqt"": ATOM syntax incorrect: ""Li"" is not a valid AutoDock type. Note that AutoDock atom types are case-sensitive.
No valid ligands in the input directory
 | returncode=1 e.


Parse error on line 7 in file ""/kaggle/working/masive_als_tdp43v4/ligandos/CHEMBL1201333.pdbqt"": ATOM syntax incorrect: ""Li"" is not a valid AutoDock type. Note that AutoDock atom types are case-sensitive.
No valid ligands in the input directory
",2026-09-05 11:24:42
CHEMBL1201334,TDP43_v2,-3.5,42,-3.5000;-3.2000;-1.7000,ok,2026-09-05 11:31:41
CHEMBL1201355,TDP43_v2,-2.3,2026,-2.1000;-2.3000;-1.0000,ok,2026-09-05 11:38:35
CHEMBL1201359,TDP43_v2,,,,"error:returncode=1 e.


Parse error on line 7 in file ""/kaggle/working/masive_als_tdp43v4/ligandos/CHEMBL1201359.pdbqt"": ATOM syntax incorrect: ""Sr"" is not a valid AutoDock type. Note that AutoDock atom types are case-sensitive.
No valid ligands in the input directory
 | returncode=1 e.


Parse error on line 7 in file ""/kaggle/working/masive_als_tdp43v4/ligandos/CHEMBL1201359.pdbqt"": ATOM syntax incorrect: ""Sr"" is not a valid AutoDock type. Note that AutoDock atom types are case-sensitive.
No valid ligands in the input directory
 | returncode=1 e.


Parse error on line 7 in file ""/kaggle/working/masive_als_tdp43v4/ligandos/CHEMBL1201359.pdbqt"": ATOM syntax incorrect: ""Sr"" is not a valid AutoDock type. Note that AutoDock atom types are case-sensitive.
No valid ligands in the input directory
",2026-09-05 11:38:35
CHEMBL1201369,TDP43_v2,-5.8,42,-5.8000;-5.7000;-5.3000,ok,2026-09-05 11:39:00
CHEMBL1201373,TDP43_v2,-7.0,42,-7.0000;-6.9000;-6.0000,ok,2026-09-05 11:39:18
CHEMBL1201379,TDP43_v2,-6.6,2026,-5.7000;-6.6000;-6.4000,ok,2026-09-05 11:39:43
CHEMBL1201383,TDP43_v2,-5.7,2026,-5.1000;-5.7000;-5.2000,ok,2026-09-05 11:40:01
CHEMBL1201387,TDP43_v2,-5.6,2026,-5.3000;-5.6000;-5.4000,ok,2026-09-05 11:40:17
CHEMBL1201391,TDP43_v2,-5.6,777,-5.0000;-5.4000;-5.6000,ok,2026-09-05 11:40:35
CHEMBL1201395,TDP43_v2,-5.9,777,-5.7000;-5.8000;-5.9000,ok,2026-09-05 11:40:54
CHEMBL12014,TDP43_v2,-5.9,2026,-5.7000;-5.9000;-5.7000,ok,2026-09-05 11:41:00
CHEMBL1201405,TDP43_v2,-5.6,42,-5.6000;-5.6000;-5.6000,ok,2026-09-05 11:41:19
CHEMBL1201407,TDP43_v2,-5.5,2026,-5.2000;-5.5000;-5.4000,ok,2026-09-05 11:41:37
CHEMBL120182,TDP43_v2,-6.5,42,-6.5000;-6.5000;-6.4000,ok,2026-09-05 11:41:43
CHEMBL12019,TDP43_v2,-6.7,2026,-6.6000;-6.7000;-6.5000,ok,2026-09-05 11:41:50
CHEMBL120206,TDP43_v2,-7.7,2026,-7.4000;-7.7000;-7.6000,ok,2026-09-05 11:42:02
CHEMBL1202139,TDP43_v2,,,,"error:returncode=1 ing/masive_als_tdp43v4/ligandos/CHEMBL1202139_out.pdbqt
Reading input ... done.


Parse error on line 220 in file ""/kaggle/working/masive_als_tdp43v4/ligandos/CHEMBL1202139.pdbqt"": Unknown or inappropriate tag
No valid ligands in the input directory
 | returncode=1 ing/masive_als_tdp43v4/ligandos/CHEMBL1202139_out.pdbqt
Reading input ... done.


Parse error on line 220 in file ""/kaggle/working/masive_als_tdp43v4/ligandos/CHEMBL1202139.pdbqt"": Unknown or inappropriate tag
No valid ligands in the input directory
 | returncode=1 ing/masive_als_tdp43v4/ligandos/CHEMBL1202139_out.pdbqt
Reading input ... done.


Parse error on line 220 in file ""/kaggle/working/masive_als_tdp43v4/ligandos/CHEMBL1202139.pdbqt"": Unknown or inappropriate tag
No valid ligands in the input directory
",2026-09-05 11:42:02
CHEMBL1202348,TDP43_v2,,,,"error:returncode=1 king/masive_als_tdp43v4/ligandos/CHEMBL1202348_out.pdbqt
Reading input ... done.


Parse error on line 67 in file ""/kaggle/working/masive_als_tdp43v4/ligandos/CHEMBL1202348.pdbqt"": Unknown or inappropriate tag
No valid ligands in the input directory
 | returncode=1 king/masive_als_tdp43v4/ligandos/CHEMBL1202348_out.pdbqt
Reading input ... done.


Parse error on line 67 in file ""/kaggle/working/masive_als_tdp43v4/ligandos/CHEMBL1202348.pdbqt"": Unknown or inappropriate tag
No valid ligands in the input directory
 | returncode=1 king/masive_als_tdp43v4/ligandos/CHEMBL1202348_out.pdbqt
Reading input ... done.


Parse error on line 67 in file ""/kaggle/working/masive_als_tdp43v4/ligandos/CHEMBL1202348.pdbqt"": Unknown or inappropriate tag
No valid ligands in the input directory
",2026-09-05 11:42:02
CHEMBL120276,TDP43_v2,-7.9,2026,-7.7000;-7.9000;-6.7000,ok,2026-09-05 11:42:18
CHEMBL120293,TDP43_v2,-6.5,42,-6.5000;-6.4000;-6.3000,ok,2026-09-05 11:42:30
CHEMBL1203,TDP43_v2,-5.5,42,-5.5000;-5.5000;-5.5000,ok,2026-09-05 11:42:37
CHEMBL1203109,TDP43_v2,,,,"error:returncode=1 king/masive_als_tdp43v4/ligandos/CHEMBL1203109_out.pdbqt
Reading input ... done.


Parse error on line 90 in file ""/kaggle/working/masive_als_tdp43v4/ligandos/CHEMBL1203109.pdbqt"": Unknown or inappropriate tag
No valid ligands in the input directory
 | returncode=1 king/masive_als_tdp43v4/ligandos/CHEMBL1203109_out.pdbqt
Reading input ... done.


Parse error on line 90 in file ""/kaggle/working/masive_als_tdp43v4/ligandos/CHEMBL1203109.pdbqt"": Unknown or inappropriate tag
No valid ligands in the input directory
 | returncode=1 king/masive_als_tdp43v4/ligandos/CHEMBL1203109_out.pdbqt
Reading input ... done.


Parse error on line 90 in file ""/kaggle/working/masive_als_tdp43v4/ligandos/CHEMBL1203109.pdbqt"": Unknown or inappropriate tag
No valid ligands in the input directory
",2026-09-05 11:42:37
CHEMBL1203132,TDP43_v2,,,,"error:returncode=1 king/masive_als_tdp43v4/ligandos/CHEMBL1203132_out.pdbqt
Reading input ... done.


Parse error on line 66 in file ""/kaggle/working/masive_als_tdp43v4/ligandos/CHEMBL1203132.pdbqt"": Unknown or inappropriate tag
No valid ligands in the input directory
 | returncode=1 king/masive_als_tdp43v4/ligandos/CHEMBL1203132_out.pdbqt
Reading input ... done.


Parse error on line 66 in file ""/kaggle/working/masive_als_tdp43v4/ligandos/CHEMBL1203132.pdbqt"": Unknown or inappropriate tag
No valid ligands in the input directory
 | returncode=1 king/masive_als_tdp43v4/ligandos/CHEMBL1203132_out.pdbqt
Reading input ... done.


Parse error on line 66 in file ""/kaggle/working/masive_als_tdp43v4/ligandos/CHEMBL1203132.pdbqt"": Unknown or inappropriate tag
No valid ligands in the input directory
",2026-09-05 11:42:37
CHEMBL1203140,TDP43_v2,,,,"error:returncode=1 king/masive_als_tdp43v4/ligandos/CHEMBL1203140_out.pdbqt
Reading input ... done.


Parse error on line 79 in file ""/kaggle/working/masive_als_tdp43v4/ligandos/CHEMBL1203140.pdbqt"": Unknown or inappropriate tag
No valid ligands in the input directory
 | returncode=1 king/masive_als_tdp43v4/ligandos/CHEMBL1203140_out.pdbqt
Reading input ... done.


Parse error on line 79 in file ""/kaggle/working/masive_als_tdp43v4/ligandos/CHEMBL1203140.pdbqt"": Unknown or inappropriate tag
No valid ligands in the input directory
 | returncode=1 king/masive_als_tdp43v4/ligandos/CHEMBL1203140_out.pdbqt
Reading input ... done.


Parse error on line 79 in file ""/kaggle/working/masive_als_tdp43v4/ligandos/CHEMBL1203140.pdbqt"": Unknown or inappropriate tag
No valid ligands in the input directory
",2026-09-05 11:42:37
CHEMBL1203155,TDP43_v2,,,,"error:returncode=1 king/masive_als_tdp43v4/ligandos/CHEMBL1203155_out.pdbqt
Reading input ... done.


Parse error on line 99 in file ""/kaggle/working/masive_als_tdp43v4/ligandos/CHEMBL1203155.pdbqt"": Unknown or inappropriate tag
No valid ligands in the input directory
 | returncode=1 king/masive_als_tdp43v4/ligandos/CHEMBL1203155_out.pdbqt
Reading input ... done.


Parse error on line 99 in file ""/kaggle/working/masive_als_tdp43v4/ligandos/CHEMBL1203155.pdbqt"": Unknown or inappropriate tag
No valid ligands in the input directory
 | returncode=1 king/masive_als_tdp43v4/ligandos/CHEMBL1203155_out.pdbqt
Reading input ... done.


Parse error on line 99 in file ""/kaggle/working/masive_als_tdp43v4/ligandos/CHEMBL1203155.pdbqt"": Unknown or inappropriate tag
No valid ligands in the input directory
",2026-09-05 11:42:37
CHEMBL1203155_FUS_out,TDP43_v2,,,,"error:returncode=1 203155_FUS_out_out.pdbqt
Reading input ... done.


Parse error on line 1 in file ""/kaggle/working/masive_als_tdp43v4/ligandos/CHEMBL1203155_FUS_out.pdbqt"": Unexpected multi-MODEL input. Use ""vina_split"" first?
No valid ligands in the input directory
 | returncode=1 203155_FUS_out_out.pdbqt
Reading input ... done.


Parse error on line 1 in file ""/kaggle/working/masive_als_tdp43v4/ligandos/CHEMBL1203155_FUS_out.pdbqt"": Unexpected multi-MODEL input. Use ""vina_split"" first?
No valid ligands in the input directory
 | returncode=1 203155_FUS_out_out.pdbqt
Reading input ... done.


Parse error on line 1 in file ""/kaggle/working/masive_als_tdp43v4/ligandos/CHEMBL1203155_FUS_out.pdbqt"": Unexpected multi-MODEL input. Use ""vina_split"" first?
No valid ligands in the input directory
",2026-09-05 11:42:37
CHEMBL1203199,TDP43_v2,,,,"error:returncode=1 king/masive_als_tdp43v4/ligandos/CHEMBL1203199_out.pdbqt
Reading input ... done.


Parse error on line 54 in file ""/kaggle/working/masive_als_tdp43v4/ligandos/CHEMBL1203199.pdbqt"": Unknown or inappropriate tag
No valid ligands in the input directory
 | returncode=1 king/masive_als_tdp43v4/ligandos/CHEMBL1203199_out.pdbqt
Reading input ... done.


Parse error on line 54 in file ""/kaggle/working/masive_als_tdp43v4/ligandos/CHEMBL1203199.pdbqt"": Unknown or inappropriate tag
No valid ligands in the input directory
 | returncode=1 king/masive_als_tdp43v4/ligandos/CHEMBL1203199_out.pdbqt
Reading input ... done.


Parse error on line 54 in file ""/kaggle/working/masive_als_tdp43v4/ligandos/CHEMBL1203199.pdbqt"": Unknown or inappropriate tag
No valid ligands in the input directory
",2026-09-05 11:42:37
CHEMBL1203224,TDP43_v2,,,,"error:returncode=1 king/masive_als_tdp43v4/ligandos/CHEMBL1203224_out.pdbqt
Reading input ... done.


Parse error on line 77 in file ""/kaggle/working/masive_als_tdp43v4/ligandos/CHEMBL1203224.pdbqt"": Unknown or inappropriate tag
No valid ligands in the input directory
 | returncode=1 king/masive_als_tdp43v4/ligandos/CHEMBL1203224_out.pdbqt
Reading input ... done.


Parse error on line 77 in file ""/kaggle/working/masive_als_tdp43v4/ligandos/CHEMBL1203224.pdbqt"": Unknown or inappropriate tag
No valid ligands in the input directory
 | returncode=1 king/masive_als_tdp43v4/ligandos/CHEMBL1203224_out.pdbqt
Reading input ... done.


Parse error on line 77 in file ""/kaggle/working/masive_als_tdp43v4/ligandos/CHEMBL1203224.pdbqt"": Unknown or inappropriate tag
No valid ligands in the input directory
",2026-09-05 11:42:37
CHEMBL120323,TDP43_v2,-5.7,42,-5.7000;-4.7000;-4.9000,ok,2026-09-05 11:43:04
CHEMBL1203252,TDP43_v2,,,,"error:returncode=1 king/masive_als_tdp43v4/ligandos/CHEMBL1203252_out.pdbqt
Reading input ... done.


Parse error on line 82 in file ""/kaggle/working/masive_als_tdp43v4/ligandos/CHEMBL1203252.pdbqt"": Unknown or inappropriate tag
No valid ligands in the input directory
 | returncode=1 king/masive_als_tdp43v4/ligandos/CHEMBL1203252_out.pdbqt
Reading input ... done.


Parse error on line 82 in file ""/kaggle/working/masive_als_tdp43v4/ligandos/CHEMBL1203252.pdbqt"": Unknown or inappropriate tag
No valid ligands in the input directory
 | returncode=1 king/masive_als_tdp43v4/ligandos/CHEMBL1203252_out.pdbqt
Reading input ... done.


Parse error on line 82 in file ""/kaggle/working/masive_als_tdp43v4/ligandos/CHEMBL1203252.pdbqt"": Unknown or inappropriate tag
No valid ligands in the input directory
",2026-09-05 11:43:04
CHEMBL120330,TDP43_v2,-6.3,42,-6.3000;-5.4000;-5.5000,ok,2026-09-05 11:43:11
CHEMBL1204135,TDP43_v2,,,,"error:returncode=1 king/masive_als_tdp43v4/ligandos/CHEMBL1204135_out.pdbqt
Reading input ... done.


Parse error on line 61 in file ""/kaggle/working/masive_als_tdp43v4/ligandos/CHEMBL1204135.pdbqt"": Unknown or inappropriate tag
No valid ligands in the input directory
 | returncode=1 king/masive_als_tdp43v4/ligandos/CHEMBL1204135_out.pdbqt
Reading input ... done.


Parse error on line 61 in file ""/kaggle/working/masive_als_tdp43v4/ligandos/CHEMBL1204135.pdbqt"": Unknown or inappropriate tag
No valid ligands in the input directory
 | returncode=1 king/masive_als_tdp43v4/ligandos/CHEMBL1204135_out.pdbqt
Reading input ... done.


Parse error on line 61 in file ""/kaggle/working/masive_als_tdp43v4/ligandos/CHEMBL1204135.pdbqt"": Unknown or inappropriate tag
No valid ligands in the input directory
",2026-09-05 11:43:11
CHEMBL1204164,TDP43_v2,,,,"error:returncode=1 ing/masive_als_tdp43v4/ligandos/CHEMBL1204164_out.pdbqt
Reading input ... done.


Parse error on line 133 in file ""/kaggle/working/masive_als_tdp43v4/ligandos/CHEMBL1204164.pdbqt"": Unknown or inappropriate tag
No valid ligands in the input directory
 | returncode=1 ing/masive_als_tdp43v4/ligandos/CHEMBL1204164_out.pdbqt
Reading input ... done.


Parse error on line 133 in file ""/kaggle/working/masive_als_tdp43v4/ligandos/CHEMBL1204164.pdbqt"": Unknown or inappropriate tag
No valid ligands in the input directory
 | returncode=1 ing/masive_als_tdp43v4/ligandos/CHEMBL1204164_out.pdbqt
Reading input ... done.


Parse error on line 133 in file ""/kaggle/working/masive_als_tdp43v4/ligandos/CHEMBL1204164.pdbqt"": Unknown or inappropriate tag
No valid ligands in the input directory
",2026-09-05 11:43:11
CHEMBL1204165,TDP43_v2,,,,"error:returncode=1 king/masive_als_tdp43v4/ligandos/CHEMBL1204165_out.pdbqt
Reading input ... done.


Parse error on line 85 in file ""/kaggle/working/masive_als_tdp43v4/ligandos/CHEMBL1204165.pdbqt"": Unknown or inappropriate tag
No valid ligands in the input directory
 | returncode=1 king/masive_als_tdp43v4/ligandos/CHEMBL1204165_out.pdbqt
Reading input ... done.


Parse error on line 85 in file ""/kaggle/working/masive_als_tdp43v4/ligandos/CHEMBL1204165.pdbqt"": Unknown or inappropriate tag
No valid ligands in the input directory
 | returncode=1 king/masive_als_tdp43v4/ligandos/CHEMBL1204165_out.pdbqt
Reading input ... done.


Parse error on line 85 in file ""/kaggle/working/masive_als_tdp43v4/ligandos/CHEMBL1204165.pdbqt"": Unknown or inappropriate tag
No valid ligands in the input directory
",2026-09-05 11:43:11
CHEMBL1204167,TDP43_v2,,,,"error:returncode=1 king/masive_als_tdp43v4/ligandos/CHEMBL1204167_out.pdbqt
Reading input ... done.


Parse error on line 66 in file ""/kaggle/working/masive_als_tdp43v4/ligandos/CHEMBL1204167.pdbqt"": Unknown or inappropriate tag
No valid ligands in the input directory
 | returncode=1 king/masive_als_tdp43v4/ligandos/CHEMBL1204167_out.pdbqt
Reading input ... done.


Parse error on line 66 in file ""/kaggle/working/masive_als_tdp43v4/ligandos/CHEMBL1204167.pdbqt"": Unknown or inappropriate tag
No valid ligands in the input directory
 | returncode=1 king/masive_als_tdp43v4/ligandos/CHEMBL1204167_out.pdbqt
Reading input ... done.


Parse error on line 66 in file ""/kaggle/working/masive_als_tdp43v4/ligandos/CHEMBL1204167.pdbqt"": Unknown or inappropriate tag
No valid ligands in the input directory
",2026-09-05 11:43:11
CHEMBL1204169,TDP43_v2,,,,"error:returncode=1 ing/masive_als_tdp43v4/ligandos/CHEMBL1204169_out.pdbqt
Reading input ... done.


Parse error on line 112 in file ""/kaggle/working/masive_als_tdp43v4/ligandos/CHEMBL1204169.pdbqt"": Unknown or inappropriate tag
No valid ligands in the input directory
 | returncode=1 ing/masive_als_tdp43v4/ligandos/CHEMBL1204169_out.pdbqt
Reading input ... done.


Parse error on line 112 in file ""/kaggle/working/masive_als_tdp43v4/ligandos/CHEMBL1204169.pdbqt"": Unknown or inappropriate tag
No valid ligands in the input directory
 | returncode=1 ing/masive_als_tdp43v4/ligandos/CHEMBL1204169_out.pdbqt
Reading input ... done.


Parse error on line 112 in file ""/kaggle/working/masive_als_tdp43v4/ligandos/CHEMBL1204169.pdbqt"": Unknown or inappropriate tag
No valid ligands in the input directory
",2026-09-05 11:43:11
CHEMBL1204170,TDP43_v2,,,,"error:returncode=1 ing/masive_als_tdp43v4/ligandos/CHEMBL1204170_out.pdbqt
Reading input ... done.


Parse error on line 112 in file ""/kaggle/working/masive_als_tdp43v4/ligandos/CHEMBL1204170.pdbqt"": Unknown or inappropriate tag
No valid ligands in the input directory
 | returncode=1 ing/masive_als_tdp43v4/ligandos/CHEMBL1204170_out.pdbqt
Reading input ... done.


Parse error on line 112 in file ""/kaggle/working/masive_als_tdp43v4/ligandos/CHEMBL1204170.pdbqt"": Unknown or inappropriate tag
No valid ligands in the input directory
 | returncode=1 ing/masive_als_tdp43v4/ligandos/CHEMBL1204170_out.pdbqt
Reading input ... done.


Parse error on line 112 in file ""/kaggle/working/masive_als_tdp43v4/ligandos/CHEMBL1204170.pdbqt"": Unknown or inappropriate tag
No valid ligands in the input directory
",2026-09-05 11:43:11
CHEMBL1204171,TDP43_v2,,,,"error:returncode=1 king/masive_als_tdp43v4/ligandos/CHEMBL1204171_out.pdbqt
Reading input ... done.


Parse error on line 64 in file ""/kaggle/working/masive_als_tdp43v4/ligandos/CHEMBL1204171.pdbqt"": Unknown or inappropriate tag
No valid ligands in the input directory
 | returncode=1 king/masive_als_tdp43v4/ligandos/CHEMBL1204171_out.pdbqt
Reading input ... done.


Parse error on line 64 in file ""/kaggle/working/masive_als_tdp43v4/ligandos/CHEMBL1204171.pdbqt"": Unknown or inappropriate tag
No valid ligands in the input directory
 | returncode=1 king/masive_als_tdp43v4/ligandos/CHEMBL1204171_out.pdbqt
Reading input ... done.


Parse error on line 64 in file ""/kaggle/working/masive_als_tdp43v4/ligandos/CHEMBL1204171.pdbqt"": Unknown or inappropriate tag
No valid ligands in the input directory
",2026-09-05 11:43:11
CHEMBL1204174,TDP43_v2,,,,"error:returncode=1 king/masive_als_tdp43v4/ligandos/CHEMBL1204174_out.pdbqt
Reading input ... done.


Parse error on line 85 in file ""/kaggle/working/masive_als_tdp43v4/ligandos/CHEMBL1204174.pdbqt"": Unknown or inappropriate tag
No valid ligands in the input directory
 | returncode=1 king/masive_als_tdp43v4/ligandos/CHEMBL1204174_out.pdbqt
Reading input ... done.


Parse error on line 85 in file ""/kaggle/working/masive_als_tdp43v4/ligandos/CHEMBL1204174.pdbqt"": Unknown or inappropriate tag
No valid ligands in the input directory
 | returncode=1 king/masive_als_tdp43v4/ligandos/CHEMBL1204174_out.pdbqt
Reading input ... done.


Parse error on line 85 in file ""/kaggle/working/masive_als_tdp43v4/ligandos/CHEMBL1204174.pdbqt"": Unknown or inappropriate tag
No valid ligands in the input directory
",2026-09-05 11:43:11
CHEMBL1204175,TDP43_v2,,,,"error:returncode=1 ing/masive_als_tdp43v4/ligandos/CHEMBL1204175_out.pdbqt
Reading input ... done.


Parse error on line 130 in file ""/kaggle/working/masive_als_tdp43v4/ligandos/CHEMBL1204175.pdbqt"": Unknown or inappropriate tag
No valid ligands in the input directory
 | returncode=1 ing/masive_als_tdp43v4/ligandos/CHEMBL1204175_out.pdbqt
Reading input ... done.


Parse error on line 130 in file ""/kaggle/working/masive_als_tdp43v4/ligandos/CHEMBL1204175.pdbqt"": Unknown or inappropriate tag
No valid ligands in the input directory
 | returncode=1 ing/masive_als_tdp43v4/ligandos/CHEMBL1204175_out.pdbqt
Reading input ... done.


Parse error on line 130 in file ""/kaggle/working/masive_als_tdp43v4/ligandos/CHEMBL1204175.pdbqt"": Unknown or inappropriate tag
No valid ligands in the input directory
",2026-09-05 11:43:11
CHEMBL1204176,TDP43_v2,,,,"error:returncode=1 ing/masive_als_tdp43v4/ligandos/CHEMBL1204176_out.pdbqt
Reading input ... done.


Parse error on line 120 in file ""/kaggle/working/masive_als_tdp43v4/ligandos/CHEMBL1204176.pdbqt"": Unknown or inappropriate tag
No valid ligands in the input directory
 | returncode=1 ing/masive_als_tdp43v4/ligandos/CHEMBL1204176_out.pdbqt
Reading input ... done.


Parse error on line 120 in file ""/kaggle/working/masive_als_tdp43v4/ligandos/CHEMBL1204176.pdbqt"": Unknown or inappropriate tag
No valid ligands in the input directory
 | returncode=1 ing/masive_als_tdp43v4/ligandos/CHEMBL1204176_out.pdbqt
Reading input ... done.


Parse error on line 120 in file ""/kaggle/working/masive_als_tdp43v4/ligandos/CHEMBL1204176.pdbqt"": Unknown or inappropriate tag
No valid ligands in the input directory
",2026-09-05 11:43:11
CHEMBL1204177,TDP43_v2,,,,"error:returncode=1 king/masive_als_tdp43v4/ligandos/CHEMBL1204177_out.pdbqt
Reading input ... done.


Parse error on line 48 in file ""/kaggle/working/masive_als_tdp43v4/ligandos/CHEMBL1204177.pdbqt"": Unknown or inappropriate tag
No valid ligands in the input directory
 | returncode=1 king/masive_als_tdp43v4/ligandos/CHEMBL1204177_out.pdbqt
Reading input ... done.


Parse error on line 48 in file ""/kaggle/working/masive_als_tdp43v4/ligandos/CHEMBL1204177.pdbqt"": Unknown or inappropriate tag
No valid ligands in the input directory
 | returncode=1 king/masive_als_tdp43v4/ligandos/CHEMBL1204177_out.pdbqt
Reading input ... done.


Parse error on line 48 in file ""/kaggle/working/masive_als_tdp43v4/ligandos/CHEMBL1204177.pdbqt"": Unknown or inappropriate tag
No valid ligands in the input directory
",2026-09-05 11:43:11
CHEMBL1204178,TDP43_v2,,,,"error:returncode=1 ing/masive_als_tdp43v4/ligandos/CHEMBL1204178_out.pdbqt
Reading input ... done.


Parse error on line 167 in file ""/kaggle/working/masive_als_tdp43v4/ligandos/CHEMBL1204178.pdbqt"": Unknown or inappropriate tag
No valid ligands in the input directory
 | returncode=1 ing/masive_als_tdp43v4/ligandos/CHEMBL1204178_out.pdbqt
Reading input ... done.


Parse error on line 167 in file ""/kaggle/working/masive_als_tdp43v4/ligandos/CHEMBL1204178.pdbqt"": Unknown or inappropriate tag
No valid ligands in the input directory
 | returncode=1 ing/masive_als_tdp43v4/ligandos/CHEMBL1204178_out.pdbqt
Reading input ... done.


Parse error on line 167 in file ""/kaggle/working/masive_als_tdp43v4/ligandos/CHEMBL1204178.pdbqt"": Unknown or inappropriate tag
No valid ligands in the input directory
",2026-09-05 11:43:11
CHEMBL1204179,TDP43_v2,,,,"error:returncode=1 ing/masive_als_tdp43v4/ligandos/CHEMBL1204179_out.pdbqt
Reading input ... done.


Parse error on line 110 in file ""/kaggle/working/masive_als_tdp43v4/ligandos/CHEMBL1204179.pdbqt"": Unknown or inappropriate tag
No valid ligands in the input directory
 | returncode=1 ing/masive_als_tdp43v4/ligandos/CHEMBL1204179_out.pdbqt
Reading input ... done.


Parse error on line 110 in file ""/kaggle/working/masive_als_tdp43v4/ligandos/CHEMBL1204179.pdbqt"": Unknown or inappropriate tag
No valid ligands in the input directory
 | returncode=1 ing/masive_als_tdp43v4/ligandos/CHEMBL1204179_out.pdbqt
Reading input ... done.


Parse error on line 110 in file ""/kaggle/working/masive_als_tdp43v4/ligandos/CHEMBL1204179.pdbqt"": Unknown or inappropriate tag
No valid ligands in the input directory
",2026-09-05 11:43:11
CHEMBL1204182,TDP43_v2,,,,"error:returncode=1 king/masive_als_tdp43v4/ligandos/CHEMBL1204182_out.pdbqt
Reading input ... done.


Parse error on line 92 in file ""/kaggle/working/masive_als_tdp43v4/ligandos/CHEMBL1204182.pdbqt"": Unknown or inappropriate tag
No valid ligands in the input directory
 | returncode=1 king/masive_als_tdp43v4/ligandos/CHEMBL1204182_out.pdbqt
Reading input ... done.


Parse error on line 92 in file ""/kaggle/working/masive_als_tdp43v4/ligandos/CHEMBL1204182.pdbqt"": Unknown or inappropriate tag
No valid ligands in the input directory
 | returncode=1 king/masive_als_tdp43v4/ligandos/CHEMBL1204182_out.pdbqt
Reading input ... done.


Parse error on line 92 in file ""/kaggle/working/masive_als_tdp43v4/ligandos/CHEMBL1204182.pdbqt"": Unknown or inappropriate tag
No valid ligands in the input directory
",2026-09-05 11:43:11
CHEMBL1204183,TDP43_v2,,,,"error:returncode=1 king/masive_als_tdp43v4/ligandos/CHEMBL1204183_out.pdbqt
Reading input ... done.


Parse error on line 92 in file ""/kaggle/working/masive_als_tdp43v4/ligandos/CHEMBL1204183.pdbqt"": Unknown or inappropriate tag
No valid ligands in the input directory
 | returncode=1 king/masive_als_tdp43v4/ligandos/CHEMBL1204183_out.pdbqt
Reading input ... done.


Parse error on line 92 in file ""/kaggle/working/masive_als_tdp43v4/ligandos/CHEMBL1204183.pdbqt"": Unknown or inappropriate tag
No valid ligands in the input directory
 | returncode=1 king/masive_als_tdp43v4/ligandos/CHEMBL1204183_out.pdbqt
Reading input ... done.


Parse error on line 92 in file ""/kaggle/working/masive_als_tdp43v4/ligandos/CHEMBL1204183.pdbqt"": Unknown or inappropriate tag
No valid ligands in the input directory
",2026-09-05 11:43:11
CHEMBL1204184,TDP43_v2,,,,"error:returncode=1 king/masive_als_tdp43v4/ligandos/CHEMBL1204184_out.pdbqt
Reading input ... done.


Parse error on line 71 in file ""/kaggle/working/masive_als_tdp43v4/ligandos/CHEMBL1204184.pdbqt"": Unknown or inappropriate tag
No valid ligands in the input directory
 | returncode=1 king/masive_als_tdp43v4/ligandos/CHEMBL1204184_out.pdbqt
Reading input ... done.


Parse error on line 71 in file ""/kaggle/working/masive_als_tdp43v4/ligandos/CHEMBL1204184.pdbqt"": Unknown or inappropriate tag
No valid ligands in the input directory
 | returncode=1 king/masive_als_tdp43v4/ligandos/CHEMBL1204184_out.pdbqt
Reading input ... done.


Parse error on line 71 in file ""/kaggle/working/masive_als_tdp43v4/ligandos/CHEMBL1204184.pdbqt"": Unknown or inappropriate tag
No valid ligands in the input directory
",2026-09-05 11:43:11
CHEMBL1204185,TDP43_v2,,,,"error:returncode=1 king/masive_als_tdp43v4/ligandos/CHEMBL1204185_out.pdbqt
Reading input ... done.


Parse error on line 92 in file ""/kaggle/working/masive_als_tdp43v4/ligandos/CHEMBL1204185.pdbqt"": Unknown or inappropriate tag
No valid ligands in the input directory
 | returncode=1 king/masive_als_tdp43v4/ligandos/CHEMBL1204185_out.pdbqt
Reading input ... done.


Parse error on line 92 in file ""/kaggle/working/masive_als_tdp43v4/ligandos/CHEMBL1204185.pdbqt"": Unknown or inappropriate tag
No valid ligands in the input directory
 | returncode=1 king/masive_als_tdp43v4/ligandos/CHEMBL1204185_out.pdbqt
Reading input ... done.


Parse error on line 92 in file ""/kaggle/working/masive_als_tdp43v4/ligandos/CHEMBL1204185.pdbqt"": Unknown or inappropriate tag
No valid ligands in the input directory
",2026-09-05 11:43:11
CHEMBL1204186,TDP43_v2,,,,"error:returncode=1 king/masive_als_tdp43v4/ligandos/CHEMBL1204186_out.pdbqt
Reading input ... done.


Parse error on line 92 in file ""/kaggle/working/masive_als_tdp43v4/ligandos/CHEMBL1204186.pdbqt"": Unknown or inappropriate tag
No valid ligands in the input directory
 | returncode=1 king/masive_als_tdp43v4/ligandos/CHEMBL1204186_out.pdbqt
Reading input ... done.


Parse error on line 92 in file ""/kaggle/working/masive_als_tdp43v4/ligandos/CHEMBL1204186.pdbqt"": Unknown or inappropriate tag
No valid ligands in the input directory
 | returncode=1 king/masive_als_tdp43v4/ligandos/CHEMBL1204186_out.pdbqt
Reading input ... done.


Parse error on line 92 in file ""/kaggle/working/masive_als_tdp43v4/ligandos/CHEMBL1204186.pdbqt"": Unknown or inappropriate tag
No valid ligands in the input directory
",2026-09-05 11:43:11
CHEMBL1204187,TDP43_v2,,,,"error:returncode=1 king/masive_als_tdp43v4/ligandos/CHEMBL1204187_out.pdbqt
Reading input ... done.


Parse error on line 64 in file ""/kaggle/working/masive_als_tdp43v4/ligandos/CHEMBL1204187.pdbqt"": Unknown or inappropriate tag
No valid ligands in the input directory
 | returncode=1 king/masive_als_tdp43v4/ligandos/CHEMBL1204187_out.pdbqt
Reading input ... done.


Parse error on line 64 in file ""/kaggle/working/masive_als_tdp43v4/ligandos/CHEMBL1204187.pdbqt"": Unknown or inappropriate tag
No valid ligands in the input directory
 | returncode=1 king/masive_als_tdp43v4/ligandos/CHEMBL1204187_out.pdbqt
Reading input ... done.


Parse error on line 64 in file ""/kaggle/working/masive_als_tdp43v4/ligandos/CHEMBL1204187.pdbqt"": Unknown or inappropriate tag
No valid ligands in the input directory
",2026-09-05 11:43:11
CHEMBL1204188,TDP43_v2,,,,"error:returncode=1 king/masive_als_tdp43v4/ligandos/CHEMBL1204188_out.pdbqt
Reading input ... done.


Parse error on line 26 in file ""/kaggle/working/masive_als_tdp43v4/ligandos/CHEMBL1204188.pdbqt"": Unknown or inappropriate tag
No valid ligands in the input directory
 | returncode=1 king/masive_als_tdp43v4/ligandos/CHEMBL1204188_out.pdbqt
Reading input ... done.


Parse error on line 26 in file ""/kaggle/working/masive_als_tdp43v4/ligandos/CHEMBL1204188.pdbqt"": Unknown or inappropriate tag
No valid ligands in the input directory
 | returncode=1 king/masive_als_tdp43v4/ligandos/CHEMBL1204188_out.pdbqt
Reading input ... done.


Parse error on line 26 in file ""/kaggle/working/masive_als_tdp43v4/ligandos/CHEMBL1204188.pdbqt"": Unknown or inappropriate tag
No valid ligands in the input directory
",2026-09-05 11:43:12
CHEMBL1204189,TDP43_v2,,,,"error:returncode=1 king/masive_als_tdp43v4/ligandos/CHEMBL1204189_out.pdbqt
Reading input ... done.


Parse error on line 26 in file ""/kaggle/working/masive_als_tdp43v4/ligandos/CHEMBL1204189.pdbqt"": Unknown or inappropriate tag
No valid ligands in the input directory
 | returncode=1 king/masive_als_tdp43v4/ligandos/CHEMBL1204189_out.pdbqt
Reading input ... done.


Parse error on line 26 in file ""/kaggle/working/masive_als_tdp43v4/ligandos/CHEMBL1204189.pdbqt"": Unknown or inappropriate tag
No valid ligands in the input directory
 | returncode=1 king/masive_als_tdp43v4/ligandos/CHEMBL1204189_out.pdbqt
Reading input ... done.


Parse error on line 26 in file ""/kaggle/working/masive_als_tdp43v4/ligandos/CHEMBL1204189.pdbqt"": Unknown or inappropriate tag
No valid ligands in the input directory
",2026-09-05 11:43:12
CHEMBL1204190,TDP43_v2,,,,"error:returncode=1 king/masive_als_tdp43v4/ligandos/CHEMBL1204190_out.pdbqt
Reading input ... done.


Parse error on line 71 in file ""/kaggle/working/masive_als_tdp43v4/ligandos/CHEMBL1204190.pdbqt"": Unknown or inappropriate tag
No valid ligands in the input directory
 | returncode=1 king/masive_als_tdp43v4/ligandos/CHEMBL1204190_out.pdbqt
Reading input ... done.


Parse error on line 71 in file ""/kaggle/working/masive_als_tdp43v4/ligandos/CHEMBL1204190.pdbqt"": Unknown or inappropriate tag
No valid ligands in the input directory
 | returncode=1 king/masive_als_tdp43v4/ligandos/CHEMBL1204190_out.pdbqt
Reading input ... done.


Parse error on line 71 in file ""/kaggle/working/masive_als_tdp43v4/ligandos/CHEMBL1204190.pdbqt"": Unknown or inappropriate tag
No valid ligands in the input directory
",2026-09-05 11:43:12
CHEMBL1204192,TDP43_v2,,,,"error:returncode=1 king/masive_als_tdp43v4/ligandos/CHEMBL1204192_out.pdbqt
Reading input ... done.


Parse error on line 45 in file ""/kaggle/working/masive_als_tdp43v4/ligandos/CHEMBL1204192.pdbqt"": Unknown or inappropriate tag
No valid ligands in the input directory
 | returncode=1 king/masive_als_tdp43v4/ligandos/CHEMBL1204192_out.pdbqt
Reading input ... done.


Parse error on line 45 in file ""/kaggle/working/masive_als_tdp43v4/ligandos/CHEMBL1204192.pdbqt"": Unknown or inappropriate tag
No valid ligands in the input directory
 | returncode=1 king/masive_als_tdp43v4/ligandos/CHEMBL1204192_out.pdbqt
Reading input ... done.


Parse error on line 45 in file ""/kaggle/working/masive_als_tdp43v4/ligandos/CHEMBL1204192.pdbqt"": Unknown or inappropriate tag
No valid ligands in the input directory
",2026-09-05 11:43:12
CHEMBL1204193,TDP43_v2,,,,"error:returncode=1 king/masive_als_tdp43v4/ligandos/CHEMBL1204193_out.pdbqt
Reading input ... done.


Parse error on line 22 in file ""/kaggle/working/masive_als_tdp43v4/ligandos/CHEMBL1204193.pdbqt"": Unknown or inappropriate tag
No valid ligands in the input directory
 | returncode=1 king/masive_als_tdp43v4/ligandos/CHEMBL1204193_out.pdbqt
Reading input ... done.


Parse error on line 22 in file ""/kaggle/working/masive_als_tdp43v4/ligandos/CHEMBL1204193.pdbqt"": Unknown or inappropriate tag
No valid ligands in the input directory
 | returncode=1 king/masive_als_tdp43v4/ligandos/CHEMBL1204193_out.pdbqt
Reading input ... done.


Parse error on line 22 in file ""/kaggle/working/masive_als_tdp43v4/ligandos/CHEMBL1204193.pdbqt"": Unknown or inappropriate tag
No valid ligands in the input directory
",2026-09-05 11:43:12
CHEMBL1204194,TDP43_v2,,,,"error:returncode=1 king/masive_als_tdp43v4/ligandos/CHEMBL1204194_out.pdbqt
Reading input ... done.


Parse error on line 29 in file ""/kaggle/working/masive_als_tdp43v4/ligandos/CHEMBL1204194.pdbqt"": Unknown or inappropriate tag
No valid ligands in the input directory
 | returncode=1 king/masive_als_tdp43v4/ligandos/CHEMBL1204194_out.pdbqt
Reading input ... done.


Parse error on line 29 in file ""/kaggle/working/masive_als_tdp43v4/ligandos/CHEMBL1204194.pdbqt"": Unknown or inappropriate tag
No valid ligands in the input directory
 | returncode=1 king/masive_als_tdp43v4/ligandos/CHEMBL1204194_out.pdbqt
Reading input ... done.


Parse error on line 29 in file ""/kaggle/working/masive_als_tdp43v4/ligandos/CHEMBL1204194.pdbqt"": Unknown or inappropriate tag
No valid ligands in the input directory
",2026-09-05 11:43:12
CHEMBL1204195,TDP43_v2,,,,"error:returncode=1 king/masive_als_tdp43v4/ligandos/CHEMBL1204195_out.pdbqt
Reading input ... done.


Parse error on line 36 in file ""/kaggle/working/masive_als_tdp43v4/ligandos/CHEMBL1204195.pdbqt"": Unknown or inappropriate tag
No valid ligands in the input directory
 | returncode=1 king/masive_als_tdp43v4/ligandos/CHEMBL1204195_out.pdbqt
Reading input ... done.


Parse error on line 36 in file ""/kaggle/working/masive_als_tdp43v4/ligandos/CHEMBL1204195.pdbqt"": Unknown or inappropriate tag
No valid ligands in the input directory
 | returncode=1 king/masive_als_tdp43v4/ligandos/CHEMBL1204195_out.pdbqt
Reading input ... done.


Parse error on line 36 in file ""/kaggle/working/masive_als_tdp43v4/ligandos/CHEMBL1204195.pdbqt"": Unknown or inappropriate tag
No valid ligands in the input directory
",2026-09-05 11:43:12
CHEMBL1204196,TDP43_v2,,,,"error:returncode=1 king/masive_als_tdp43v4/ligandos/CHEMBL1204196_out.pdbqt
Reading input ... done.


Parse error on line 22 in file ""/kaggle/working/masive_als_tdp43v4/ligandos/CHEMBL1204196.pdbqt"": Unknown or inappropriate tag
No valid ligands in the input directory
 | returncode=1 king/masive_als_tdp43v4/ligandos/CHEMBL1204196_out.pdbqt
Reading input ... done.


Parse error on line 22 in file ""/kaggle/working/masive_als_tdp43v4/ligandos/CHEMBL1204196.pdbqt"": Unknown or inappropriate tag
No valid ligands in the input directory
 | returncode=1 king/masive_als_tdp43v4/ligandos/CHEMBL1204196_out.pdbqt
Reading input ... done.


Parse error on line 22 in file ""/kaggle/working/masive_als_tdp43v4/ligandos/CHEMBL1204196.pdbqt"": Unknown or inappropriate tag
No valid ligands in the input directory
",2026-09-05 11:43:12
CHEMBL1204197,TDP43_v2,,,,"error:returncode=1 king/masive_als_tdp43v4/ligandos/CHEMBL1204197_out.pdbqt
Reading input ... done.


Parse error on line 53 in file ""/kaggle/working/masive_als_tdp43v4/ligandos/CHEMBL1204197.pdbqt"": Unknown or inappropriate tag
No valid ligands in the input directory
 | returncode=1 king/masive_als_tdp43v4/ligandos/CHEMBL1204197_out.pdbqt
Reading input ... done.


Parse error on line 53 in file ""/kaggle/working/masive_als_tdp43v4/ligandos/CHEMBL1204197.pdbqt"": Unknown or inappropriate tag
No valid ligands in the input directory
 | returncode=1 king/masive_als_tdp43v4/ligandos/CHEMBL1204197_out.pdbqt
Reading input ... done.


Parse error on line 53 in file ""/kaggle/working/masive_als_tdp43v4/ligandos/CHEMBL1204197.pdbqt"": Unknown or inappropriate tag
No valid ligands in the input directory
",2026-09-05 11:43:12
CHEMBL1204199,TDP43_v2,,,,"error:returncode=1 king/masive_als_tdp43v4/ligandos/CHEMBL1204199_out.pdbqt
Reading input ... done.


Parse error on line 63 in file ""/kaggle/working/masive_als_tdp43v4/ligandos/CHEMBL1204199.pdbqt"": Unknown or inappropriate tag
No valid ligands in the input directory
 | returncode=1 king/masive_als_tdp43v4/ligandos/CHEMBL1204199_out.pdbqt
Reading input ... done.


Parse error on line 63 in file ""/kaggle/working/masive_als_tdp43v4/ligandos/CHEMBL1204199.pdbqt"": Unknown or inappropriate tag
No valid ligands in the input directory
 | returncode=1 king/masive_als_tdp43v4/ligandos/CHEMBL1204199_out.pdbqt
Reading input ... done.


Parse error on line 63 in file ""/kaggle/working/masive_als_tdp43v4/ligandos/CHEMBL1204199.pdbqt"": Unknown or inappropriate tag
No valid ligands in the input directory
",2026-09-05 11:43:12
CHEMBL1204200,TDP43_v2,,,,"error:returncode=1 king/masive_als_tdp43v4/ligandos/CHEMBL1204200_out.pdbqt
Reading input ... done.


Parse error on line 35 in file ""/kaggle/working/masive_als_tdp43v4/ligandos/CHEMBL1204200.pdbqt"": Unknown or inappropriate tag
No valid ligands in the input directory
 | returncode=1 king/masive_als_tdp43v4/ligandos/CHEMBL1204200_out.pdbqt
Reading input ... done.


Parse error on line 35 in file ""/kaggle/working/masive_als_tdp43v4/ligandos/CHEMBL1204200.pdbqt"": Unknown or inappropriate tag
No valid ligands in the input directory
 | returncode=1 king/masive_als_tdp43v4/ligandos/CHEMBL1204200_out.pdbqt
Reading input ... done.


Parse error on line 35 in file ""/kaggle/working/masive_als_tdp43v4/ligandos/CHEMBL1204200.pdbqt"": Unknown or inappropriate tag
No valid ligands in the input directory
",2026-09-05 11:43:12
CHEMBL1204201,TDP43_v2,,,,"error:returncode=1 king/masive_als_tdp43v4/ligandos/CHEMBL1204201_out.pdbqt
Reading input ... done.


Parse error on line 51 in file ""/kaggle/working/masive_als_tdp43v4/ligandos/CHEMBL1204201.pdbqt"": Unknown or inappropriate tag
No valid ligands in the input directory
 | returncode=1 king/masive_als_tdp43v4/ligandos/CHEMBL1204201_out.pdbqt
Reading input ... done.


Parse error on line 51 in file ""/kaggle/working/masive_als_tdp43v4/ligandos/CHEMBL1204201.pdbqt"": Unknown or inappropriate tag
No valid ligands in the input directory
 | returncode=1 king/masive_als_tdp43v4/ligandos/CHEMBL1204201_out.pdbqt
Reading input ... done.


Parse error on line 51 in file ""/kaggle/working/masive_als_tdp43v4/ligandos/CHEMBL1204201.pdbqt"": Unknown or inappropriate tag
No valid ligands in the input directory
",2026-09-05 11:43:12
CHEMBL1204202,TDP43_v2,,,,"error:returncode=1 king/masive_als_tdp43v4/ligandos/CHEMBL1204202_out.pdbqt
Reading input ... done.


Parse error on line 73 in file ""/kaggle/working/masive_als_tdp43v4/ligandos/CHEMBL1204202.pdbqt"": Unknown or inappropriate tag
No valid ligands in the input directory
 | returncode=1 king/masive_als_tdp43v4/ligandos/CHEMBL1204202_out.pdbqt
Reading input ... done.


Parse error on line 73 in file ""/kaggle/working/masive_als_tdp43v4/ligandos/CHEMBL1204202.pdbqt"": Unknown or inappropriate tag
No valid ligands in the input directory
 | returncode=1 king/masive_als_tdp43v4/ligandos/CHEMBL1204202_out.pdbqt
Reading input ... done.


Parse error on line 73 in file ""/kaggle/working/masive_als_tdp43v4/ligandos/CHEMBL1204202.pdbqt"": Unknown or inappropriate tag
No valid ligands in the input directory
",2026-09-05 11:43:12
CHEMBL1204203,TDP43_v2,,,,"error:returncode=1 king/masive_als_tdp43v4/ligandos/CHEMBL1204203_out.pdbqt
Reading input ... done.


Parse error on line 85 in file ""/kaggle/working/masive_als_tdp43v4/ligandos/CHEMBL1204203.pdbqt"": Unknown or inappropriate tag
No valid ligands in the input directory
 | returncode=1 king/masive_als_tdp43v4/ligandos/CHEMBL1204203_out.pdbqt
Reading input ... done.


Parse error on line 85 in file ""/kaggle/working/masive_als_tdp43v4/ligandos/CHEMBL1204203.pdbqt"": Unknown or inappropriate tag
No valid ligands in the input directory
 | returncode=1 king/masive_als_tdp43v4/ligandos/CHEMBL1204203_out.pdbqt
Reading input ... done.


Parse error on line 85 in file ""/kaggle/working/masive_als_tdp43v4/ligandos/CHEMBL1204203.pdbqt"": Unknown or inappropriate tag
No valid ligands in the input directory
",2026-09-05 11:43:12
CHEMBL1204204,TDP43_v2,,,,"error:returncode=1 ing/masive_als_tdp43v4/ligandos/CHEMBL1204204_out.pdbqt
Reading input ... done.


Parse error on line 102 in file ""/kaggle/working/masive_als_tdp43v4/ligandos/CHEMBL1204204.pdbqt"": Unknown or inappropriate tag
No valid ligands in the input directory
 | returncode=1 ing/masive_als_tdp43v4/ligandos/CHEMBL1204204_out.pdbqt
Reading input ... done.


Parse error on line 102 in file ""/kaggle/working/masive_als_tdp43v4/ligandos/CHEMBL1204204.pdbqt"": Unknown or inappropriate tag
No valid ligands in the input directory
 | returncode=1 ing/masive_als_tdp43v4/ligandos/CHEMBL1204204_out.pdbqt
Reading input ... done.


Parse error on line 102 in file ""/kaggle/working/masive_als_tdp43v4/ligandos/CHEMBL1204204.pdbqt"": Unknown or inappropriate tag
No valid ligands in the input directory
",2026-09-05 11:43:12
CHEMBL1204209,TDP43_v2,,,,"error:returncode=1 king/masive_als_tdp43v4/ligandos/CHEMBL1204209_out.pdbqt
Reading input ... done.


Parse error on line 72 in file ""/kaggle/working/masive_als_tdp43v4/ligandos/CHEMBL1204209.pdbqt"": Unknown or inappropriate tag
No valid ligands in the input directory
 | returncode=1 king/masive_als_tdp43v4/ligandos/CHEMBL1204209_out.pdbqt
Reading input ... done.


Parse error on line 72 in file ""/kaggle/working/masive_als_tdp43v4/ligandos/CHEMBL1204209.pdbqt"": Unknown or inappropriate tag
No valid ligands in the input directory
 | returncode=1 king/masive_als_tdp43v4/ligandos/CHEMBL1204209_out.pdbqt
Reading input ... done.


Parse error on line 72 in file ""/kaggle/working/masive_als_tdp43v4/ligandos/CHEMBL1204209.pdbqt"": Unknown or inappropriate tag
No valid ligands in the input directory
",2026-09-05 11:43:12
CHEMBL1204210,TDP43_v2,,,,"error:returncode=1 king/masive_als_tdp43v4/ligandos/CHEMBL1204210_out.pdbqt
Reading input ... done.


Parse error on line 26 in file ""/kaggle/working/masive_als_tdp43v4/ligandos/CHEMBL1204210.pdbqt"": Unknown or inappropriate tag
No valid ligands in the input directory
 | returncode=1 king/masive_als_tdp43v4/ligandos/CHEMBL1204210_out.pdbqt
Reading input ... done.


Parse error on line 26 in file ""/kaggle/working/masive_als_tdp43v4/ligandos/CHEMBL1204210.pdbqt"": Unknown or inappropriate tag
No valid ligands in the input directory
 | returncode=1 king/masive_als_tdp43v4/ligandos/CHEMBL1204210_out.pdbqt
Reading input ... done.


Parse error on line 26 in file ""/kaggle/working/masive_als_tdp43v4/ligandos/CHEMBL1204210.pdbqt"": Unknown or inappropriate tag
No valid ligands in the input directory
",2026-09-05 11:43:12
CHEMBL1204211,TDP43_v2,,,,"error:returncode=1 king/masive_als_tdp43v4/ligandos/CHEMBL1204211_out.pdbqt
Reading input ... done.


Parse error on line 72 in file ""/kaggle/working/masive_als_tdp43v4/ligandos/CHEMBL1204211.pdbqt"": Unknown or inappropriate tag
No valid ligands in the input directory
 | returncode=1 king/masive_als_tdp43v4/ligandos/CHEMBL1204211_out.pdbqt
Reading input ... done.


Parse error on line 72 in file ""/kaggle/working/masive_als_tdp43v4/ligandos/CHEMBL1204211.pdbqt"": Unknown or inappropriate tag
No valid ligands in the input directory
 | returncode=1 king/masive_als_tdp43v4/ligandos/CHEMBL1204211_out.pdbqt
Reading input ... done.


Parse error on line 72 in file ""/kaggle/working/masive_als_tdp43v4/ligandos/CHEMBL1204211.pdbqt"": Unknown or inappropriate tag
No valid ligands in the input directory
",2026-09-05 11:43:12
CHEMBL1204212,TDP43_v2,,,,"error:returncode=1 king/masive_als_tdp43v4/ligandos/CHEMBL1204212_out.pdbqt
Reading input ... done.


Parse error on line 22 in file ""/kaggle/working/masive_als_tdp43v4/ligandos/CHEMBL1204212.pdbqt"": Unknown or inappropriate tag
No valid ligands in the input directory
 | returncode=1 king/masive_als_tdp43v4/ligandos/CHEMBL1204212_out.pdbqt
Reading input ... done.


Parse error on line 22 in file ""/kaggle/working/masive_als_tdp43v4/ligandos/CHEMBL1204212.pdbqt"": Unknown or inappropriate tag
No valid ligands in the input directory
 | returncode=1 king/masive_als_tdp43v4/ligandos/CHEMBL1204212_out.pdbqt
Reading input ... done.


Parse error on line 22 in file ""/kaggle/working/masive_als_tdp43v4/ligandos/CHEMBL1204212.pdbqt"": Unknown or inappropriate tag
No valid ligands in the input directory
",2026-09-05 11:43:12
CHEMBL1204213,TDP43_v2,,,,"error:returncode=1 king/masive_als_tdp43v4/ligandos/CHEMBL1204213_out.pdbqt
Reading input ... done.


Parse error on line 73 in file ""/kaggle/working/masive_als_tdp43v4/ligandos/CHEMBL1204213.pdbqt"": Unknown or inappropriate tag
No valid ligands in the input directory
 | returncode=1 king/masive_als_tdp43v4/ligandos/CHEMBL1204213_out.pdbqt
Reading input ... done.


Parse error on line 73 in file ""/kaggle/working/masive_als_tdp43v4/ligandos/CHEMBL1204213.pdbqt"": Unknown or inappropriate tag
No valid ligands in the input directory
 | returncode=1 king/masive_als_tdp43v4/ligandos/CHEMBL1204213_out.pdbqt
Reading input ... done.


Parse error on line 73 in file ""/kaggle/working/masive_als_tdp43v4/ligandos/CHEMBL1204213.pdbqt"": Unknown or inappropriate tag
No valid ligands in the input directory
",2026-09-05 11:43:12
CHEMBL1204214,TDP43_v2,,,,"error:returncode=1 king/masive_als_tdp43v4/ligandos/CHEMBL1204214_out.pdbqt
Reading input ... done.


Parse error on line 88 in file ""/kaggle/working/masive_als_tdp43v4/ligandos/CHEMBL1204214.pdbqt"": Unknown or inappropriate tag
No valid ligands in the input directory
 | returncode=1 king/masive_als_tdp43v4/ligandos/CHEMBL1204214_out.pdbqt
Reading input ... done.


Parse error on line 88 in file ""/kaggle/working/masive_als_tdp43v4/ligandos/CHEMBL1204214.pdbqt"": Unknown or inappropriate tag
No valid ligands in the input directory
 | returncode=1 king/masive_als_tdp43v4/ligandos/CHEMBL1204214_out.pdbqt
Reading input ... done.


Parse error on line 88 in file ""/kaggle/working/masive_als_tdp43v4/ligandos/CHEMBL1204214.pdbqt"": Unknown or inappropriate tag
No valid ligands in the input directory
",2026-09-05 11:43:12
CHEMBL1204215,TDP43_v2,,,,"error:returncode=1 king/masive_als_tdp43v4/ligandos/CHEMBL1204215_out.pdbqt
Reading input ... done.


Parse error on line 73 in file ""/kaggle/working/masive_als_tdp43v4/ligandos/CHEMBL1204215.pdbqt"": Unknown or inappropriate tag
No valid ligands in the input directory
 | returncode=1 king/masive_als_tdp43v4/ligandos/CHEMBL1204215_out.pdbqt
Reading input ... done.


Parse error on line 73 in file ""/kaggle/working/masive_als_tdp43v4/ligandos/CHEMBL1204215.pdbqt"": Unknown or inappropriate tag
No valid ligands in the input directory
 | returncode=1 king/masive_als_tdp43v4/ligandos/CHEMBL1204215_out.pdbqt
Reading input ... done.


Parse error on line 73 in file ""/kaggle/working/masive_als_tdp43v4/ligandos/CHEMBL1204215.pdbqt"": Unknown or inappropriate tag
No valid ligands in the input directory
",2026-09-05 11:43:12
CHEMBL1204216,TDP43_v2,,,,"error:returncode=1 king/masive_als_tdp43v4/ligandos/CHEMBL1204216_out.pdbqt
Reading input ... done.


Parse error on line 83 in file ""/kaggle/working/masive_als_tdp43v4/ligandos/CHEMBL1204216.pdbqt"": Unknown or inappropriate tag
No valid ligands in the input directory
 | returncode=1 king/masive_als_tdp43v4/ligandos/CHEMBL1204216_out.pdbqt
Reading input ... done.


Parse error on line 83 in file ""/kaggle/working/masive_als_tdp43v4/ligandos/CHEMBL1204216.pdbqt"": Unknown or inappropriate tag
No valid ligands in the input directory
 | returncode=1 king/masive_als_tdp43v4/ligandos/CHEMBL1204216_out.pdbqt
Reading input ... done.


Parse error on line 83 in file ""/kaggle/working/masive_als_tdp43v4/ligandos/CHEMBL1204216.pdbqt"": Unknown or inappropriate tag
No valid ligands in the input directory
",2026-09-05 11:43:12
CHEMBL1204217,TDP43_v2,,,,"error:returncode=1 king/masive_als_tdp43v4/ligandos/CHEMBL1204217_out.pdbqt
Reading input ... done.


Parse error on line 65 in file ""/kaggle/working/masive_als_tdp43v4/ligandos/CHEMBL1204217.pdbqt"": Unknown or inappropriate tag
No valid ligands in the input directory
 | returncode=1 king/masive_als_tdp43v4/ligandos/CHEMBL1204217_out.pdbqt
Reading input ... done.


Parse error on line 65 in file ""/kaggle/working/masive_als_tdp43v4/ligandos/CHEMBL1204217.pdbqt"": Unknown or inappropriate tag
No valid ligands in the input directory
 | returncode=1 king/masive_als_tdp43v4/ligandos/CHEMBL1204217_out.pdbqt
Reading input ... done.


Parse error on line 65 in file ""/kaggle/working/masive_als_tdp43v4/ligandos/CHEMBL1204217.pdbqt"": Unknown or inappropriate tag
No valid ligands in the input directory
",2026-09-05 11:43:12
CHEMBL1204218,TDP43_v2,,,,"error:returncode=1 king/masive_als_tdp43v4/ligandos/CHEMBL1204218_out.pdbqt
Reading input ... done.


Parse error on line 68 in file ""/kaggle/working/masive_als_tdp43v4/ligandos/CHEMBL1204218.pdbqt"": Unknown or inappropriate tag
No valid ligands in the input directory
 | returncode=1 king/masive_als_tdp43v4/ligandos/CHEMBL1204218_out.pdbqt
Reading input ... done.


Parse error on line 68 in file ""/kaggle/working/masive_als_tdp43v4/ligandos/CHEMBL1204218.pdbqt"": Unknown or inappropriate tag
No valid ligands in the input directory
 | returncode=1 king/masive_als_tdp43v4/ligandos/CHEMBL1204218_out.pdbqt
Reading input ... done.


Parse error on line 68 in file ""/kaggle/working/masive_als_tdp43v4/ligandos/CHEMBL1204218.pdbqt"": Unknown or inappropriate tag
No valid ligands in the input directory
",2026-09-05 11:43:12
CHEMBL1204219,TDP43_v2,,,,"error:returncode=1 king/masive_als_tdp43v4/ligandos/CHEMBL1204219_out.pdbqt
Reading input ... done.


Parse error on line 60 in file ""/kaggle/working/masive_als_tdp43v4/ligandos/CHEMBL1204219.pdbqt"": Unknown or inappropriate tag
No valid ligands in the input directory
 | returncode=1 king/masive_als_tdp43v4/ligandos/CHEMBL1204219_out.pdbqt
Reading input ... done.


Parse error on line 60 in file ""/kaggle/working/masive_als_tdp43v4/ligandos/CHEMBL1204219.pdbqt"": Unknown or inappropriate tag
No valid ligands in the input directory
 | returncode=1 king/masive_als_tdp43v4/ligandos/CHEMBL1204219_out.pdbqt
Reading input ... done.


Parse error on line 60 in file ""/kaggle/working/masive_als_tdp43v4/ligandos/CHEMBL1204219.pdbqt"": Unknown or inappropriate tag
No valid ligands in the input directory
",2026-09-05 11:43:12
CHEMBL1204220,TDP43_v2,,,,"error:returncode=1 king/masive_als_tdp43v4/ligandos/CHEMBL1204220_out.pdbqt
Reading input ... done.


Parse error on line 65 in file ""/kaggle/working/masive_als_tdp43v4/ligandos/CHEMBL1204220.pdbqt"": Unknown or inappropriate tag
No valid ligands in the input directory
 | returncode=1 king/masive_als_tdp43v4/ligandos/CHEMBL1204220_out.pdbqt
Reading input ... done.


Parse error on line 65 in file ""/kaggle/working/masive_als_tdp43v4/ligandos/CHEMBL1204220.pdbqt"": Unknown or inappropriate tag
No valid ligands in the input directory
 | returncode=1 king/masive_als_tdp43v4/ligandos/CHEMBL1204220_out.pdbqt
Reading input ... done.


Parse error on line 65 in file ""/kaggle/working/masive_als_tdp43v4/ligandos/CHEMBL1204220.pdbqt"": Unknown or inappropriate tag
No valid ligands in the input directory
",2026-09-05 11:43:12
CHEMBL1204221,TDP43_v2,,,,"error:returncode=1 king/masive_als_tdp43v4/ligandos/CHEMBL1204221_out.pdbqt
Reading input ... done.


Parse error on line 65 in file ""/kaggle/working/masive_als_tdp43v4/ligandos/CHEMBL1204221.pdbqt"": Unknown or inappropriate tag
No valid ligands in the input directory
 | returncode=1 king/masive_als_tdp43v4/ligandos/CHEMBL1204221_out.pdbqt
Reading input ... done.


Parse error on line 65 in file ""/kaggle/working/masive_als_tdp43v4/ligandos/CHEMBL1204221.pdbqt"": Unknown or inappropriate tag
No valid ligands in the input directory
 | returncode=1 king/masive_als_tdp43v4/ligandos/CHEMBL1204221_out.pdbqt
Reading input ... done.


Parse error on line 65 in file ""/kaggle/working/masive_als_tdp43v4/ligandos/CHEMBL1204221.pdbqt"": Unknown or inappropriate tag
No valid ligands in the input directory
",2026-09-05 11:43:13
CHEMBL1204222,TDP43_v2,,,,"error:returncode=1 king/masive_als_tdp43v4/ligandos/CHEMBL1204222_out.pdbqt
Reading input ... done.


Parse error on line 60 in file ""/kaggle/working/masive_als_tdp43v4/ligandos/CHEMBL1204222.pdbqt"": Unknown or inappropriate tag
No valid ligands in the input directory
 | returncode=1 king/masive_als_tdp43v4/ligandos/CHEMBL1204222_out.pdbqt
Reading input ... done.


Parse error on line 60 in file ""/kaggle/working/masive_als_tdp43v4/ligandos/CHEMBL1204222.pdbqt"": Unknown or inappropriate tag
No valid ligands in the input directory
 | returncode=1 king/masive_als_tdp43v4/ligandos/CHEMBL1204222_out.pdbqt
Reading input ... done.


Parse error on line 60 in file ""/kaggle/working/masive_als_tdp43v4/ligandos/CHEMBL1204222.pdbqt"": Unknown or inappropriate tag
No valid ligands in the input directory
",2026-09-05 11:43:13
CHEMBL1204223,TDP43_v2,,,,"error:returncode=1 king/masive_als_tdp43v4/ligandos/CHEMBL1204223_out.pdbqt
Reading input ... done.


Parse error on line 77 in file ""/kaggle/working/masive_als_tdp43v4/ligandos/CHEMBL1204223.pdbqt"": Unknown or inappropriate tag
No valid ligands in the input directory
 | returncode=1 king/masive_als_tdp43v4/ligandos/CHEMBL1204223_out.pdbqt
Reading input ... done.


Parse error on line 77 in file ""/kaggle/working/masive_als_tdp43v4/ligandos/CHEMBL1204223.pdbqt"": Unknown or inappropriate tag
No valid ligands in the input directory
 | returncode=1 king/masive_als_tdp43v4/ligandos/CHEMBL1204223_out.pdbqt
Reading input ... done.


Parse error on line 77 in file ""/kaggle/working/masive_als_tdp43v4/ligandos/CHEMBL1204223.pdbqt"": Unknown or inappropriate tag
No valid ligands in the input directory
",2026-09-05 11:43:13
CHEMBL1204224,TDP43_v2,,,,"error:returncode=1 king/masive_als_tdp43v4/ligandos/CHEMBL1204224_out.pdbqt
Reading input ... done.


Parse error on line 78 in file ""/kaggle/working/masive_als_tdp43v4/ligandos/CHEMBL1204224.pdbqt"": Unknown or inappropriate tag
No valid ligands in the input directory
 | returncode=1 king/masive_als_tdp43v4/ligandos/CHEMBL1204224_out.pdbqt
Reading input ... done.


Parse error on line 78 in file ""/kaggle/working/masive_als_tdp43v4/ligandos/CHEMBL1204224.pdbqt"": Unknown or inappropriate tag
No valid ligands in the input directory
 | returncode=1 king/masive_als_tdp43v4/ligandos/CHEMBL1204224_out.pdbqt
Reading input ... done.


Parse error on line 78 in file ""/kaggle/working/masive_als_tdp43v4/ligandos/CHEMBL1204224.pdbqt"": Unknown or inappropriate tag
No valid ligands in the input directory
",2026-09-05 11:43:13
CHEMBL1204225,TDP43_v2,,,,"error:returncode=1 ing/masive_als_tdp43v4/ligandos/CHEMBL1204225_out.pdbqt
Reading input ... done.


Parse error on line 107 in file ""/kaggle/working/masive_als_tdp43v4/ligandos/CHEMBL1204225.pdbqt"": Unknown or inappropriate tag
No valid ligands in the input directory
 | returncode=1 ing/masive_als_tdp43v4/ligandos/CHEMBL1204225_out.pdbqt
Reading input ... done.


Parse error on line 107 in file ""/kaggle/working/masive_als_tdp43v4/ligandos/CHEMBL1204225.pdbqt"": Unknown or inappropriate tag
No valid ligands in the input directory
 | returncode=1 ing/masive_als_tdp43v4/ligandos/CHEMBL1204225_out.pdbqt
Reading input ... done.


Parse error on line 107 in file ""/kaggle/working/masive_als_tdp43v4/ligandos/CHEMBL1204225.pdbqt"": Unknown or inappropriate tag
No valid ligands in the input directory
",2026-09-05 11:43:13
CHEMBL1204226,TDP43_v2,,,,"error:returncode=1 king/masive_als_tdp43v4/ligandos/CHEMBL1204226_out.pdbqt
Reading input ... done.


Parse error on line 60 in file ""/kaggle/working/masive_als_tdp43v4/ligandos/CHEMBL1204226.pdbqt"": Unknown or inappropriate tag
No valid ligands in the input directory
 | returncode=1 king/masive_als_tdp43v4/ligandos/CHEMBL1204226_out.pdbqt
Reading input ... done.


Parse error on line 60 in file ""/kaggle/working/masive_als_tdp43v4/ligandos/CHEMBL1204226.pdbqt"": Unknown or inappropriate tag
No valid ligands in the input directory
 | returncode=1 king/masive_als_tdp43v4/ligandos/CHEMBL1204226_out.pdbqt
Reading input ... done.


Parse error on line 60 in file ""/kaggle/working/masive_als_tdp43v4/ligandos/CHEMBL1204226.pdbqt"": Unknown or inappropriate tag
No valid ligands in the input directory
",2026-09-05 11:43:13
CHEMBL1204227,TDP43_v2,,,,"error:returncode=1 king/masive_als_tdp43v4/ligandos/CHEMBL1204227_out.pdbqt
Reading input ... done.


Parse error on line 60 in file ""/kaggle/working/masive_als_tdp43v4/ligandos/CHEMBL1204227.pdbqt"": Unknown or inappropriate tag
No valid ligands in the input directory
 | returncode=1 king/masive_als_tdp43v4/ligandos/CHEMBL1204227_out.pdbqt
Reading input ... done.


Parse error on line 60 in file ""/kaggle/working/masive_als_tdp43v4/ligandos/CHEMBL1204227.pdbqt"": Unknown or inappropriate tag
No valid ligands in the input directory
 | returncode=1 king/masive_als_tdp43v4/ligandos/CHEMBL1204227_out.pdbqt
Reading input ... done.


Parse error on line 60 in file ""/kaggle/working/masive_als_tdp43v4/ligandos/CHEMBL1204227.pdbqt"": Unknown or inappropriate tag
No valid ligands in the input directory
",2026-09-05 11:43:13
CHEMBL1204228,TDP43_v2,,,,"error:returncode=1 king/masive_als_tdp43v4/ligandos/CHEMBL1204228_out.pdbqt
Reading input ... done.


Parse error on line 79 in file ""/kaggle/working/masive_als_tdp43v4/ligandos/CHEMBL1204228.pdbqt"": Unknown or inappropriate tag
No valid ligands in the input directory
 | returncode=1 king/masive_als_tdp43v4/ligandos/CHEMBL1204228_out.pdbqt
Reading input ... done.


Parse error on line 79 in file ""/kaggle/working/masive_als_tdp43v4/ligandos/CHEMBL1204228.pdbqt"": Unknown or inappropriate tag
No valid ligands in the input directory
 | returncode=1 king/masive_als_tdp43v4/ligandos/CHEMBL1204228_out.pdbqt
Reading input ... done.


Parse error on line 79 in file ""/kaggle/working/masive_als_tdp43v4/ligandos/CHEMBL1204228.pdbqt"": Unknown or inappropriate tag
No valid ligands in the input directory
",2026-09-05 11:43:13
CHEMBL1204229,TDP43_v2,,,,"error:returncode=1 king/masive_als_tdp43v4/ligandos/CHEMBL1204229_out.pdbqt
Reading input ... done.


Parse error on line 28 in file ""/kaggle/working/masive_als_tdp43v4/ligandos/CHEMBL1204229.pdbqt"": Unknown or inappropriate tag
No valid ligands in the input directory
 | returncode=1 king/masive_als_tdp43v4/ligandos/CHEMBL1204229_out.pdbqt
Reading input ... done.


Parse error on line 28 in file ""/kaggle/working/masive_als_tdp43v4/ligandos/CHEMBL1204229.pdbqt"": Unknown or inappropriate tag
No valid ligands in the input directory
 | returncode=1 king/masive_als_tdp43v4/ligandos/CHEMBL1204229_out.pdbqt
Reading input ... done.


Parse error on line 28 in file ""/kaggle/working/masive_als_tdp43v4/ligandos/CHEMBL1204229.pdbqt"": Unknown or inappropriate tag
No valid ligands in the input directory
",2026-09-05 11:43:13
CHEMBL1204230,TDP43_v2,,,,"error:returncode=1 king/masive_als_tdp43v4/ligandos/CHEMBL1204230_out.pdbqt
Reading input ... done.


Parse error on line 82 in file ""/kaggle/working/masive_als_tdp43v4/ligandos/CHEMBL1204230.pdbqt"": Unknown or inappropriate tag
No valid ligands in the input directory
 | returncode=1 king/masive_als_tdp43v4/ligandos/CHEMBL1204230_out.pdbqt
Reading input ... done.


Parse error on line 82 in file ""/kaggle/working/masive_als_tdp43v4/ligandos/CHEMBL1204230.pdbqt"": Unknown or inappropriate tag
No valid ligands in the input directory
 | returncode=1 king/masive_als_tdp43v4/ligandos/CHEMBL1204230_out.pdbqt
Reading input ... done.


Parse error on line 82 in file ""/kaggle/working/masive_als_tdp43v4/ligandos/CHEMBL1204230.pdbqt"": Unknown or inappropriate tag
No valid ligands in the input directory
",2026-09-05 11:43:13
CHEMBL1204231,TDP43_v2,,,,"error:returncode=1 king/masive_als_tdp43v4/ligandos/CHEMBL1204231_out.pdbqt
Reading input ... done.


Parse error on line 30 in file ""/kaggle/working/masive_als_tdp43v4/ligandos/CHEMBL1204231.pdbqt"": Unknown or inappropriate tag
No valid ligands in the input directory
 | returncode=1 king/masive_als_tdp43v4/ligandos/CHEMBL1204231_out.pdbqt
Reading input ... done.


Parse error on line 30 in file ""/kaggle/working/masive_als_tdp43v4/ligandos/CHEMBL1204231.pdbqt"": Unknown or inappropriate tag
No valid ligands in the input directory
 | returncode=1 king/masive_als_tdp43v4/ligandos/CHEMBL1204231_out.pdbqt
Reading input ... done.


Parse error on line 30 in file ""/kaggle/working/masive_als_tdp43v4/ligandos/CHEMBL1204231.pdbqt"": Unknown or inappropriate tag
No valid ligands in the input directory
",2026-09-05 11:43:13
CHEMBL1204232,TDP43_v2,,,,"error:returncode=1 king/masive_als_tdp43v4/ligandos/CHEMBL1204232_out.pdbqt
Reading input ... done.


Parse error on line 73 in file ""/kaggle/working/masive_als_tdp43v4/ligandos/CHEMBL1204232.pdbqt"": Unknown or inappropriate tag
No valid ligands in the input directory
 | returncode=1 king/masive_als_tdp43v4/ligandos/CHEMBL1204232_out.pdbqt
Reading input ... done.


Parse error on line 73 in file ""/kaggle/working/masive_als_tdp43v4/ligandos/CHEMBL1204232.pdbqt"": Unknown or inappropriate tag
No valid ligands in the input directory
 | returncode=1 king/masive_als_tdp43v4/ligandos/CHEMBL1204232_out.pdbqt
Reading input ... done.


Parse error on line 73 in file ""/kaggle/working/masive_als_tdp43v4/ligandos/CHEMBL1204232.pdbqt"": Unknown or inappropriate tag
No valid ligands in the input directory
",2026-09-05 11:43:13
CHEMBL1204233,TDP43_v2,,,,"error:returncode=1 king/masive_als_tdp43v4/ligandos/CHEMBL1204233_out.pdbqt
Reading input ... done.


Parse error on line 86 in file ""/kaggle/working/masive_als_tdp43v4/ligandos/CHEMBL1204233.pdbqt"": Unknown or inappropriate tag
No valid ligands in the input directory
 | returncode=1 king/masive_als_tdp43v4/ligandos/CHEMBL1204233_out.pdbqt
Reading input ... done.


Parse error on line 86 in file ""/kaggle/working/masive_als_tdp43v4/ligandos/CHEMBL1204233.pdbqt"": Unknown or inappropriate tag
No valid ligands in the input directory
 | returncode=1 king/masive_als_tdp43v4/ligandos/CHEMBL1204233_out.pdbqt
Reading input ... done.


Parse error on line 86 in file ""/kaggle/working/masive_als_tdp43v4/ligandos/CHEMBL1204233.pdbqt"": Unknown or inappropriate tag
No valid ligands in the input directory
",2026-09-05 11:43:13
CHEMBL1204234,TDP43_v2,,,,"error:returncode=1 king/masive_als_tdp43v4/ligandos/CHEMBL1204234_out.pdbqt
Reading input ... done.


Parse error on line 88 in file ""/kaggle/working/masive_als_tdp43v4/ligandos/CHEMBL1204234.pdbqt"": Unknown or inappropriate tag
No valid ligands in the input directory
 | returncode=1 king/masive_als_tdp43v4/ligandos/CHEMBL1204234_out.pdbqt
Reading input ... done.


Parse error on line 88 in file ""/kaggle/working/masive_als_tdp43v4/ligandos/CHEMBL1204234.pdbqt"": Unknown or inappropriate tag
No valid ligands in the input directory
 | returncode=1 king/masive_als_tdp43v4/ligandos/CHEMBL1204234_out.pdbqt
Reading input ... done.


Parse error on line 88 in file ""/kaggle/working/masive_als_tdp43v4/ligandos/CHEMBL1204234.pdbqt"": Unknown or inappropriate tag
No valid ligands in the input directory
",2026-09-05 11:43:13
CHEMBL1204235,TDP43_v2,,,,"error:returncode=1 king/masive_als_tdp43v4/ligandos/CHEMBL1204235_out.pdbqt
Reading input ... done.


Parse error on line 30 in file ""/kaggle/working/masive_als_tdp43v4/ligandos/CHEMBL1204235.pdbqt"": Unknown or inappropriate tag
No valid ligands in the input directory
 | returncode=1 king/masive_als_tdp43v4/ligandos/CHEMBL1204235_out.pdbqt
Reading input ... done.


Parse error on line 30 in file ""/kaggle/working/masive_als_tdp43v4/ligandos/CHEMBL1204235.pdbqt"": Unknown or inappropriate tag
No valid ligands in the input directory
 | returncode=1 king/masive_als_tdp43v4/ligandos/CHEMBL1204235_out.pdbqt
Reading input ... done.


Parse error on line 30 in file ""/kaggle/working/masive_als_tdp43v4/ligandos/CHEMBL1204235.pdbqt"": Unknown or inappropriate tag
No valid ligands in the input directory
",2026-09-05 11:43:13
CHEMBL1204236,TDP43_v2,,,,"error:returncode=1 king/masive_als_tdp43v4/ligandos/CHEMBL1204236_out.pdbqt
Reading input ... done.


Parse error on line 90 in file ""/kaggle/working/masive_als_tdp43v4/ligandos/CHEMBL1204236.pdbqt"": Unknown or inappropriate tag
No valid ligands in the input directory
 | returncode=1 king/masive_als_tdp43v4/ligandos/CHEMBL1204236_out.pdbqt
Reading input ... done.


Parse error on line 90 in file ""/kaggle/working/masive_als_tdp43v4/ligandos/CHEMBL1204236.pdbqt"": Unknown or inappropriate tag
No valid ligands in the input directory
 | returncode=1 king/masive_als_tdp43v4/ligandos/CHEMBL1204236_out.pdbqt
Reading input ... done.


Parse error on line 90 in file ""/kaggle/working/masive_als_tdp43v4/ligandos/CHEMBL1204236.pdbqt"": Unknown or inappropriate tag
No valid ligands in the input directory
",2026-09-05 11:43:13
CHEMBL1204237,TDP43_v2,,,,"error:returncode=1 king/masive_als_tdp43v4/ligandos/CHEMBL1204237_out.pdbqt
Reading input ... done.


Parse error on line 67 in file ""/kaggle/working/masive_als_tdp43v4/ligandos/CHEMBL1204237.pdbqt"": Unknown or inappropriate tag
No valid ligands in the input directory
 | returncode=1 king/masive_als_tdp43v4/ligandos/CHEMBL1204237_out.pdbqt
Reading input ... done.


Parse error on line 67 in file ""/kaggle/working/masive_als_tdp43v4/ligandos/CHEMBL1204237.pdbqt"": Unknown or inappropriate tag
No valid ligands in the input directory
 | returncode=1 king/masive_als_tdp43v4/ligandos/CHEMBL1204237_out.pdbqt
Reading input ... done.


Parse error on line 67 in file ""/kaggle/working/masive_als_tdp43v4/ligandos/CHEMBL1204237.pdbqt"": Unknown or inappropriate tag
No valid ligands in the input directory
",2026-09-05 11:43:13
CHEMBL1204238,TDP43_v2,,,,"error:returncode=1 king/masive_als_tdp43v4/ligandos/CHEMBL1204238_out.pdbqt
Reading input ... done.


Parse error on line 28 in file ""/kaggle/working/masive_als_tdp43v4/ligandos/CHEMBL1204238.pdbqt"": Unknown or inappropriate tag
No valid ligands in the input directory
 | returncode=1 king/masive_als_tdp43v4/ligandos/CHEMBL1204238_out.pdbqt
Reading input ... done.


Parse error on line 28 in file ""/kaggle/working/masive_als_tdp43v4/ligandos/CHEMBL1204238.pdbqt"": Unknown or inappropriate tag
No valid ligands in the input directory
 | returncode=1 king/masive_als_tdp43v4/ligandos/CHEMBL1204238_out.pdbqt
Reading input ... done.


Parse error on line 28 in file ""/kaggle/working/masive_als_tdp43v4/ligandos/CHEMBL1204238.pdbqt"": Unknown or inappropriate tag
No valid ligands in the input directory
",2026-09-05 11:43:13
CHEMBL1204239,TDP43_v2,,,,"error:returncode=1 king/masive_als_tdp43v4/ligandos/CHEMBL1204239_out.pdbqt
Reading input ... done.


Parse error on line 88 in file ""/kaggle/working/masive_als_tdp43v4/ligandos/CHEMBL1204239.pdbqt"": Unknown or inappropriate tag
No valid ligands in the input directory
 | returncode=1 king/masive_als_tdp43v4/ligandos/CHEMBL1204239_out.pdbqt
Reading input ... done.


Parse error on line 88 in file ""/kaggle/working/masive_als_tdp43v4/ligandos/CHEMBL1204239.pdbqt"": Unknown or inappropriate tag
No valid ligands in the input directory
 | returncode=1 king/masive_als_tdp43v4/ligandos/CHEMBL1204239_out.pdbqt
Reading input ... done.


Parse error on line 88 in file ""/kaggle/working/masive_als_tdp43v4/ligandos/CHEMBL1204239.pdbqt"": Unknown or inappropriate tag
No valid ligands in the input directory
",2026-09-05 11:43:13
CHEMBL1204240,TDP43_v2,,,,"error:returncode=1 king/masive_als_tdp43v4/ligandos/CHEMBL1204240_out.pdbqt
Reading input ... done.


Parse error on line 69 in file ""/kaggle/working/masive_als_tdp43v4/ligandos/CHEMBL1204240.pdbqt"": Unknown or inappropriate tag
No valid ligands in the input directory
 | returncode=1 king/masive_als_tdp43v4/ligandos/CHEMBL1204240_out.pdbqt
Reading input ... done.


Parse error on line 69 in file ""/kaggle/working/masive_als_tdp43v4/ligandos/CHEMBL1204240.pdbqt"": Unknown or inappropriate tag
No valid ligands in the input directory
 | returncode=1 king/masive_als_tdp43v4/ligandos/CHEMBL1204240_out.pdbqt
Reading input ... done.


Parse error on line 69 in file ""/kaggle/working/masive_als_tdp43v4/ligandos/CHEMBL1204240.pdbqt"": Unknown or inappropriate tag
No valid ligands in the input directory
",2026-09-05 11:43:13
CHEMBL1204241,TDP43_v2,,,,"error:returncode=1 king/masive_als_tdp43v4/ligandos/CHEMBL1204241_out.pdbqt
Reading input ... done.


Parse error on line 30 in file ""/kaggle/working/masive_als_tdp43v4/ligandos/CHEMBL1204241.pdbqt"": Unknown or inappropriate tag
No valid ligands in the input directory
 | returncode=1 king/masive_als_tdp43v4/ligandos/CHEMBL1204241_out.pdbqt
Reading input ... done.


Parse error on line 30 in file ""/kaggle/working/masive_als_tdp43v4/ligandos/CHEMBL1204241.pdbqt"": Unknown or inappropriate tag
No valid ligands in the input directory
 | returncode=1 king/masive_als_tdp43v4/ligandos/CHEMBL1204241_out.pdbqt
Reading input ... done.


Parse error on line 30 in file ""/kaggle/working/masive_als_tdp43v4/ligandos/CHEMBL1204241.pdbqt"": Unknown or inappropriate tag
No valid ligands in the input directory
",2026-09-05 11:43:13
CHEMBL1204242,TDP43_v2,,,,"error:returncode=1 king/masive_als_tdp43v4/ligandos/CHEMBL1204242_out.pdbqt
Reading input ... done.


Parse error on line 86 in file ""/kaggle/working/masive_als_tdp43v4/ligandos/CHEMBL1204242.pdbqt"": Unknown or inappropriate tag
No valid ligands in the input directory
 | returncode=1 king/masive_als_tdp43v4/ligandos/CHEMBL1204242_out.pdbqt
Reading input ... done.


Parse error on line 86 in file ""/kaggle/working/masive_als_tdp43v4/ligandos/CHEMBL1204242.pdbqt"": Unknown or inappropriate tag
No valid ligands in the input directory
 | returncode=1 king/masive_als_tdp43v4/ligandos/CHEMBL1204242_out.pdbqt
Reading input ... done.


Parse error on line 86 in file ""/kaggle/working/masive_als_tdp43v4/ligandos/CHEMBL1204242.pdbqt"": Unknown or inappropriate tag
No valid ligands in the input directory
",2026-09-05 11:43:13
CHEMBL1204243,TDP43_v2,,,,"error:returncode=1 king/masive_als_tdp43v4/ligandos/CHEMBL1204243_out.pdbqt
Reading input ... done.


Parse error on line 84 in file ""/kaggle/working/masive_als_tdp43v4/ligandos/CHEMBL1204243.pdbqt"": Unknown or inappropriate tag
No valid ligands in the input directory
 | returncode=1 king/masive_als_tdp43v4/ligandos/CHEMBL1204243_out.pdbqt
Reading input ... done.


Parse error on line 84 in file ""/kaggle/working/masive_als_tdp43v4/ligandos/CHEMBL1204243.pdbqt"": Unknown or inappropriate tag
No valid ligands in the input directory
 | returncode=1 king/masive_als_tdp43v4/ligandos/CHEMBL1204243_out.pdbqt
Reading input ... done.


Parse error on line 84 in file ""/kaggle/working/masive_als_tdp43v4/ligandos/CHEMBL1204243.pdbqt"": Unknown or inappropriate tag
No valid ligands in the input directory
",2026-09-05 11:43:13
CHEMBL1204244,TDP43_v2,,,,"error:returncode=1 king/masive_als_tdp43v4/ligandos/CHEMBL1204244_out.pdbqt
Reading input ... done.


Parse error on line 26 in file ""/kaggle/working/masive_als_tdp43v4/ligandos/CHEMBL1204244.pdbqt"": Unknown or inappropriate tag
No valid ligands in the input directory
 | returncode=1 king/masive_als_tdp43v4/ligandos/CHEMBL1204244_out.pdbqt
Reading input ... done.


Parse error on line 26 in file ""/kaggle/working/masive_als_tdp43v4/ligandos/CHEMBL1204244.pdbqt"": Unknown or inappropriate tag
No valid ligands in the input directory
 | returncode=1 king/masive_als_tdp43v4/ligandos/CHEMBL1204244_out.pdbqt
Reading input ... done.


Parse error on line 26 in file ""/kaggle/working/masive_als_tdp43v4/ligandos/CHEMBL1204244.pdbqt"": Unknown or inappropriate tag
No valid ligands in the input directory
",2026-09-05 11:43:13
CHEMBL1204245,TDP43_v2,,,,"error:returncode=1 king/masive_als_tdp43v4/ligandos/CHEMBL1204245_out.pdbqt
Reading input ... done.


Parse error on line 63 in file ""/kaggle/working/masive_als_tdp43v4/ligandos/CHEMBL1204245.pdbqt"": Unknown or inappropriate tag
No valid ligands in the input directory
 | returncode=1 king/masive_als_tdp43v4/ligandos/CHEMBL1204245_out.pdbqt
Reading input ... done.


Parse error on line 63 in file ""/kaggle/working/masive_als_tdp43v4/ligandos/CHEMBL1204245.pdbqt"": Unknown or inappropriate tag
No valid ligands in the input directory
 | returncode=1 king/masive_als_tdp43v4/ligandos/CHEMBL1204245_out.pdbqt
Reading input ... done.


Parse error on line 63 in file ""/kaggle/working/masive_als_tdp43v4/ligandos/CHEMBL1204245.pdbqt"": Unknown or inappropriate tag
No valid ligands in the input directory
",2026-09-05 11:43:13
CHEMBL1204246,TDP43_v2,,,,"error:returncode=1 king/masive_als_tdp43v4/ligandos/CHEMBL1204246_out.pdbqt
Reading input ... done.


Parse error on line 69 in file ""/kaggle/working/masive_als_tdp43v4/ligandos/CHEMBL1204246.pdbqt"": Unknown or inappropriate tag
No valid ligands in the input directory
 | returncode=1 king/masive_als_tdp43v4/ligandos/CHEMBL1204246_out.pdbqt
Reading input ... done.


Parse error on line 69 in file ""/kaggle/working/masive_als_tdp43v4/ligandos/CHEMBL1204246.pdbqt"": Unknown or inappropriate tag
No valid ligands in the input directory
 | returncode=1 king/masive_als_tdp43v4/ligandos/CHEMBL1204246_out.pdbqt
Reading input ... done.


Parse error on line 69 in file ""/kaggle/working/masive_als_tdp43v4/ligandos/CHEMBL1204246.pdbqt"": Unknown or inappropriate tag
No valid ligands in the input directory
",2026-09-05 11:43:13
CHEMBL1204247,TDP43_v2,,,,"error:returncode=1 king/masive_als_tdp43v4/ligandos/CHEMBL1204247_out.pdbqt
Reading input ... done.


Parse error on line 79 in file ""/kaggle/working/masive_als_tdp43v4/ligandos/CHEMBL1204247.pdbqt"": Unknown or inappropriate tag
No valid ligands in the input directory
 | returncode=1 king/masive_als_tdp43v4/ligandos/CHEMBL1204247_out.pdbqt
Reading input ... done.


Parse error on line 79 in file ""/kaggle/working/masive_als_tdp43v4/ligandos/CHEMBL1204247.pdbqt"": Unknown or inappropriate tag
No valid ligands in the input directory
 | returncode=1 king/masive_als_tdp43v4/ligandos/CHEMBL1204247_out.pdbqt
Reading input ... done.


Parse error on line 79 in file ""/kaggle/working/masive_als_tdp43v4/ligandos/CHEMBL1204247.pdbqt"": Unknown or inappropriate tag
No valid ligands in the input directory
",2026-09-05 11:43:13
CHEMBL1204248,TDP43_v2,,,,"error:returncode=1 king/masive_als_tdp43v4/ligandos/CHEMBL1204248_out.pdbqt
Reading input ... done.


Parse error on line 84 in file ""/kaggle/working/masive_als_tdp43v4/ligandos/CHEMBL1204248.pdbqt"": Unknown or inappropriate tag
No valid ligands in the input directory
 | returncode=1 king/masive_als_tdp43v4/ligandos/CHEMBL1204248_out.pdbqt
Reading input ... done.


Parse error on line 84 in file ""/kaggle/working/masive_als_tdp43v4/ligandos/CHEMBL1204248.pdbqt"": Unknown or inappropriate tag
No valid ligands in the input directory
 | returncode=1 king/masive_als_tdp43v4/ligandos/CHEMBL1204248_out.pdbqt
Reading input ... done.


Parse error on line 84 in file ""/kaggle/working/masive_als_tdp43v4/ligandos/CHEMBL1204248.pdbqt"": Unknown or inappropriate tag
No valid ligands in the input directory
",2026-09-05 11:43:13
CHEMBL1204249,TDP43_v2,,,,"error:returncode=1 king/masive_als_tdp43v4/ligandos/CHEMBL1204249_out.pdbqt
Reading input ... done.


Parse error on line 28 in file ""/kaggle/working/masive_als_tdp43v4/ligandos/CHEMBL1204249.pdbqt"": Unknown or inappropriate tag
No valid ligands in the input directory
 | returncode=1 king/masive_als_tdp43v4/ligandos/CHEMBL1204249_out.pdbqt
Reading input ... done.


Parse error on line 28 in file ""/kaggle/working/masive_als_tdp43v4/ligandos/CHEMBL1204249.pdbqt"": Unknown or inappropriate tag
No valid ligands in the input directory
 | returncode=1 king/masive_als_tdp43v4/ligandos/CHEMBL1204249_out.pdbqt
Reading input ... done.


Parse error on line 28 in file ""/kaggle/working/masive_als_tdp43v4/ligandos/CHEMBL1204249.pdbqt"": Unknown or inappropriate tag
No valid ligands in the input directory
",2026-09-05 11:43:14
CHEMBL1204250,TDP43_v2,,,,"error:returncode=1 king/masive_als_tdp43v4/ligandos/CHEMBL1204250_out.pdbqt
Reading input ... done.


Parse error on line 28 in file ""/kaggle/working/masive_als_tdp43v4/ligandos/CHEMBL1204250.pdbqt"": Unknown or inappropriate tag
No valid ligands in the input directory
 | returncode=1 king/masive_als_tdp43v4/ligandos/CHEMBL1204250_out.pdbqt
Reading input ... done.


Parse error on line 28 in file ""/kaggle/working/masive_als_tdp43v4/ligandos/CHEMBL1204250.pdbqt"": Unknown or inappropriate tag
No valid ligands in the input directory
 | returncode=1 king/masive_als_tdp43v4/ligandos/CHEMBL1204250_out.pdbqt
Reading input ... done.


Parse error on line 28 in file ""/kaggle/working/masive_als_tdp43v4/ligandos/CHEMBL1204250.pdbqt"": Unknown or inappropriate tag
No valid ligands in the input directory
",2026-09-05 11:43:14
CHEMBL1204251,TDP43_v2,,,,"error:returncode=1 king/masive_als_tdp43v4/ligandos/CHEMBL1204251_out.pdbqt
Reading input ... done.


Parse error on line 80 in file ""/kaggle/working/masive_als_tdp43v4/ligandos/CHEMBL1204251.pdbqt"": Unknown or inappropriate tag
No valid ligands in the input directory
 | returncode=1 king/masive_als_tdp43v4/ligandos/CHEMBL1204251_out.pdbqt
Reading input ... done.


Parse error on line 80 in file ""/kaggle/working/masive_als_tdp43v4/ligandos/CHEMBL1204251.pdbqt"": Unknown or inappropriate tag
No valid ligands in the input directory
 | returncode=1 king/masive_als_tdp43v4/ligandos/CHEMBL1204251_out.pdbqt
Reading input ... done.


Parse error on line 80 in file ""/kaggle/working/masive_als_tdp43v4/ligandos/CHEMBL1204251.pdbqt"": Unknown or inappropriate tag
No valid ligands in the input directory
",2026-09-05 11:43:14
CHEMBL1204252,TDP43_v2,,,,"error:returncode=1 king/masive_als_tdp43v4/ligandos/CHEMBL1204252_out.pdbqt
Reading input ... done.


Parse error on line 85 in file ""/kaggle/working/masive_als_tdp43v4/ligandos/CHEMBL1204252.pdbqt"": Unknown or inappropriate tag
No valid ligands in the input directory
 | returncode=1 king/masive_als_tdp43v4/ligandos/CHEMBL1204252_out.pdbqt
Reading input ... done.


Parse error on line 85 in file ""/kaggle/working/masive_als_tdp43v4/ligandos/CHEMBL1204252.pdbqt"": Unknown or inappropriate tag
No valid ligands in the input directory
 | returncode=1 king/masive_als_tdp43v4/ligandos/CHEMBL1204252_out.pdbqt
Reading input ... done.


Parse error on line 85 in file ""/kaggle/working/masive_als_tdp43v4/ligandos/CHEMBL1204252.pdbqt"": Unknown or inappropriate tag
No valid ligands in the input directory
",2026-09-05 11:43:14
CHEMBL1204253,TDP43_v2,,,,"error:returncode=1 king/masive_als_tdp43v4/ligandos/CHEMBL1204253_out.pdbqt
Reading input ... done.


Parse error on line 30 in file ""/kaggle/working/masive_als_tdp43v4/ligandos/CHEMBL1204253.pdbqt"": Unknown or inappropriate tag
No valid ligands in the input directory
 | returncode=1 king/masive_als_tdp43v4/ligandos/CHEMBL1204253_out.pdbqt
Reading input ... done.


Parse error on line 30 in file ""/kaggle/working/masive_als_tdp43v4/ligandos/CHEMBL1204253.pdbqt"": Unknown or inappropriate tag
No valid ligands in the input directory
 | returncode=1 king/masive_als_tdp43v4/ligandos/CHEMBL1204253_out.pdbqt
Reading input ... done.


Parse error on line 30 in file ""/kaggle/working/masive_als_tdp43v4/ligandos/CHEMBL1204253.pdbqt"": Unknown or inappropriate tag
No valid ligands in the input directory
",2026-09-05 11:43:14
CHEMBL1204254,TDP43_v2,,,,"error:returncode=1 king/masive_als_tdp43v4/ligandos/CHEMBL1204254_out.pdbqt
Reading input ... done.


Parse error on line 88 in file ""/kaggle/working/masive_als_tdp43v4/ligandos/CHEMBL1204254.pdbqt"": Unknown or inappropriate tag
No valid ligands in the input directory
 | returncode=1 king/masive_als_tdp43v4/ligandos/CHEMBL1204254_out.pdbqt
Reading input ... done.


Parse error on line 88 in file ""/kaggle/working/masive_als_tdp43v4/ligandos/CHEMBL1204254.pdbqt"": Unknown or inappropriate tag
No valid ligands in the input directory
 | returncode=1 king/masive_als_tdp43v4/ligandos/CHEMBL1204254_out.pdbqt
Reading input ... done.


Parse error on line 88 in file ""/kaggle/working/masive_als_tdp43v4/ligandos/CHEMBL1204254.pdbqt"": Unknown or inappropriate tag
No valid ligands in the input directory
",2026-09-05 11:43:14
CHEMBL1204255,TDP43_v2,,,,"error:returncode=1 king/masive_als_tdp43v4/ligandos/CHEMBL1204255_out.pdbqt
Reading input ... done.


Parse error on line 28 in file ""/kaggle/working/masive_als_tdp43v4/ligandos/CHEMBL1204255.pdbqt"": Unknown or inappropriate tag
No valid ligands in the input directory
 | returncode=1 king/masive_als_tdp43v4/ligandos/CHEMBL1204255_out.pdbqt
Reading input ... done.


Parse error on line 28 in file ""/kaggle/working/masive_als_tdp43v4/ligandos/CHEMBL1204255.pdbqt"": Unknown or inappropriate tag
No valid ligands in the input directory
 | returncode=1 king/masive_als_tdp43v4/ligandos/CHEMBL1204255_out.pdbqt
Reading input ... done.


Parse error on line 28 in file ""/kaggle/working/masive_als_tdp43v4/ligandos/CHEMBL1204255.pdbqt"": Unknown or inappropriate tag
No valid ligands in the input directory
",2026-09-05 11:43:14
CHEMBL1204256,TDP43_v2,,,,"error:returncode=1 king/masive_als_tdp43v4/ligandos/CHEMBL1204256_out.pdbqt
Reading input ... done.


Parse error on line 82 in file ""/kaggle/working/masive_als_tdp43v4/ligandos/CHEMBL1204256.pdbqt"": Unknown or inappropriate tag
No valid ligands in the input directory
 | returncode=1 king/masive_als_tdp43v4/ligandos/CHEMBL1204256_out.pdbqt
Reading input ... done.


Parse error on line 82 in file ""/kaggle/working/masive_als_tdp43v4/ligandos/CHEMBL1204256.pdbqt"": Unknown or inappropriate tag
No valid ligands in the input directory
 | returncode=1 king/masive_als_tdp43v4/ligandos/CHEMBL1204256_out.pdbqt
Reading input ... done.


Parse error on line 82 in file ""/kaggle/working/masive_als_tdp43v4/ligandos/CHEMBL1204256.pdbqt"": Unknown or inappropriate tag
No valid ligands in the input directory
",2026-09-05 11:43:14
CHEMBL1204257,TDP43_v2,,,,"error:returncode=1 king/masive_als_tdp43v4/ligandos/CHEMBL1204257_out.pdbqt
Reading input ... done.


Parse error on line 84 in file ""/kaggle/working/masive_als_tdp43v4/ligandos/CHEMBL1204257.pdbqt"": Unknown or inappropriate tag
No valid ligands in the input directory
 | returncode=1 king/masive_als_tdp43v4/ligandos/CHEMBL1204257_out.pdbqt
Reading input ... done.


Parse error on line 84 in file ""/kaggle/working/masive_als_tdp43v4/ligandos/CHEMBL1204257.pdbqt"": Unknown or inappropriate tag
No valid ligands in the input directory
 | returncode=1 king/masive_als_tdp43v4/ligandos/CHEMBL1204257_out.pdbqt
Reading input ... done.


Parse error on line 84 in file ""/kaggle/working/masive_als_tdp43v4/ligandos/CHEMBL1204257.pdbqt"": Unknown or inappropriate tag
No valid ligands in the input directory
",2026-09-05 11:43:14
CHEMBL1204258,TDP43_v2,,,,"error:returncode=1 king/masive_als_tdp43v4/ligandos/CHEMBL1204258_out.pdbqt
Reading input ... done.


Parse error on line 63 in file ""/kaggle/working/masive_als_tdp43v4/ligandos/CHEMBL1204258.pdbqt"": Unknown or inappropriate tag
No valid ligands in the input directory
 | returncode=1 king/masive_als_tdp43v4/ligandos/CHEMBL1204258_out.pdbqt
Reading input ... done.


Parse error on line 63 in file ""/kaggle/working/masive_als_tdp43v4/ligandos/CHEMBL1204258.pdbqt"": Unknown or inappropriate tag
No valid ligands in the input directory
 | returncode=1 king/masive_als_tdp43v4/ligandos/CHEMBL1204258_out.pdbqt
Reading input ... done.


Parse error on line 63 in file ""/kaggle/working/masive_als_tdp43v4/ligandos/CHEMBL1204258.pdbqt"": Unknown or inappropriate tag
No valid ligands in the input directory
",2026-09-05 11:43:14
CHEMBL1204259,TDP43_v2,,,,"error:returncode=1 ing/masive_als_tdp43v4/ligandos/CHEMBL1204259_out.pdbqt
Reading input ... done.


Parse error on line 170 in file ""/kaggle/working/masive_als_tdp43v4/ligandos/CHEMBL1204259.pdbqt"": Unknown or inappropriate tag
No valid ligands in the input directory
 | returncode=1 ing/masive_als_tdp43v4/ligandos/CHEMBL1204259_out.pdbqt
Reading input ... done.


Parse error on line 170 in file ""/kaggle/working/masive_als_tdp43v4/ligandos/CHEMBL1204259.pdbqt"": Unknown or inappropriate tag
No valid ligands in the input directory
 | returncode=1 ing/masive_als_tdp43v4/ligandos/CHEMBL1204259_out.pdbqt
Reading input ... done.


Parse error on line 170 in file ""/kaggle/working/masive_als_tdp43v4/ligandos/CHEMBL1204259.pdbqt"": Unknown or inappropriate tag
No valid ligands in the input directory
",2026-09-05 11:43:14
CHEMBL1204260,TDP43_v2,,,,"error:returncode=1 ing/masive_als_tdp43v4/ligandos/CHEMBL1204260_out.pdbqt
Reading input ... done.


Parse error on line 121 in file ""/kaggle/working/masive_als_tdp43v4/ligandos/CHEMBL1204260.pdbqt"": Unknown or inappropriate tag
No valid ligands in the input directory
 | returncode=1 ing/masive_als_tdp43v4/ligandos/CHEMBL1204260_out.pdbqt
Reading input ... done.


Parse error on line 121 in file ""/kaggle/working/masive_als_tdp43v4/ligandos/CHEMBL1204260.pdbqt"": Unknown or inappropriate tag
No valid ligands in the input directory
 | returncode=1 ing/masive_als_tdp43v4/ligandos/CHEMBL1204260_out.pdbqt
Reading input ... done.


Parse error on line 121 in file ""/kaggle/working/masive_als_tdp43v4/ligandos/CHEMBL1204260.pdbqt"": Unknown or inappropriate tag
No valid ligands in the input directory
",2026-09-05 11:43:14
CHEMBL1204261,TDP43_v2,,,,"error:returncode=1 king/masive_als_tdp43v4/ligandos/CHEMBL1204261_out.pdbqt
Reading input ... done.


Parse error on line 63 in file ""/kaggle/working/masive_als_tdp43v4/ligandos/CHEMBL1204261.pdbqt"": Unknown or inappropriate tag
No valid ligands in the input directory
 | returncode=1 king/masive_als_tdp43v4/ligandos/CHEMBL1204261_out.pdbqt
Reading input ... done.


Parse error on line 63 in file ""/kaggle/working/masive_als_tdp43v4/ligandos/CHEMBL1204261.pdbqt"": Unknown or inappropriate tag
No valid ligands in the input directory
 | returncode=1 king/masive_als_tdp43v4/ligandos/CHEMBL1204261_out.pdbqt
Reading input ... done.


Parse error on line 63 in file ""/kaggle/working/masive_als_tdp43v4/ligandos/CHEMBL1204261.pdbqt"": Unknown or inappropriate tag
No valid ligands in the input directory
",2026-09-05 11:43:14
CHEMBL1204262,TDP43_v2,,,,"error:returncode=1 king/masive_als_tdp43v4/ligandos/CHEMBL1204262_out.pdbqt
Reading input ... done.


Parse error on line 63 in file ""/kaggle/working/masive_als_tdp43v4/ligandos/CHEMBL1204262.pdbqt"": Unknown or inappropriate tag
No valid ligands in the input directory
 | returncode=1 king/masive_als_tdp43v4/ligandos/CHEMBL1204262_out.pdbqt
Reading input ... done.


Parse error on line 63 in file ""/kaggle/working/masive_als_tdp43v4/ligandos/CHEMBL1204262.pdbqt"": Unknown or inappropriate tag
No valid ligands in the input directory
 | returncode=1 king/masive_als_tdp43v4/ligandos/CHEMBL1204262_out.pdbqt
Reading input ... done.


Parse error on line 63 in file ""/kaggle/working/masive_als_tdp43v4/ligandos/CHEMBL1204262.pdbqt"": Unknown or inappropriate tag
No valid ligands in the input directory
",2026-09-05 11:43:14
CHEMBL1204263,TDP43_v2,,,,"error:returncode=1 king/masive_als_tdp43v4/ligandos/CHEMBL1204263_out.pdbqt
Reading input ... done.


Parse error on line 70 in file ""/kaggle/working/masive_als_tdp43v4/ligandos/CHEMBL1204263.pdbqt"": Unknown or inappropriate tag
No valid ligands in the input directory
 | returncode=1 king/masive_als_tdp43v4/ligandos/CHEMBL1204263_out.pdbqt
Reading input ... done.


Parse error on line 70 in file ""/kaggle/working/masive_als_tdp43v4/ligandos/CHEMBL1204263.pdbqt"": Unknown or inappropriate tag
No valid ligands in the input directory
 | returncode=1 king/masive_als_tdp43v4/ligandos/CHEMBL1204263_out.pdbqt
Reading input ... done.


Parse error on line 70 in file ""/kaggle/working/masive_als_tdp43v4/ligandos/CHEMBL1204263.pdbqt"": Unknown or inappropriate tag
No valid ligands in the input directory
",2026-09-05 11:43:14
CHEMBL1204264,TDP43_v2,,,,"error:returncode=1 king/masive_als_tdp43v4/ligandos/CHEMBL1204264_out.pdbqt
Reading input ... done.


Parse error on line 89 in file ""/kaggle/working/masive_als_tdp43v4/ligandos/CHEMBL1204264.pdbqt"": Unknown or inappropriate tag
No valid ligands in the input directory
 | returncode=1 king/masive_als_tdp43v4/ligandos/CHEMBL1204264_out.pdbqt
Reading input ... done.


Parse error on line 89 in file ""/kaggle/working/masive_als_tdp43v4/ligandos/CHEMBL1204264.pdbqt"": Unknown or inappropriate tag
No valid ligands in the input directory
 | returncode=1 king/masive_als_tdp43v4/ligandos/CHEMBL1204264_out.pdbqt
Reading input ... done.


Parse error on line 89 in file ""/kaggle/working/masive_als_tdp43v4/ligandos/CHEMBL1204264.pdbqt"": Unknown or inappropriate tag
No valid ligands in the input directory
",2026-09-05 11:43:14
CHEMBL1204265,TDP43_v2,,,,"error:returncode=1 king/masive_als_tdp43v4/ligandos/CHEMBL1204265_out.pdbqt
Reading input ... done.


Parse error on line 97 in file ""/kaggle/working/masive_als_tdp43v4/ligandos/CHEMBL1204265.pdbqt"": Unknown or inappropriate tag
No valid ligands in the input directory
 | returncode=1 king/masive_als_tdp43v4/ligandos/CHEMBL1204265_out.pdbqt
Reading input ... done.


Parse error on line 97 in file ""/kaggle/working/masive_als_tdp43v4/ligandos/CHEMBL1204265.pdbqt"": Unknown or inappropriate tag
No valid ligands in the input directory
 | returncode=1 king/masive_als_tdp43v4/ligandos/CHEMBL1204265_out.pdbqt
Reading input ... done.


Parse error on line 97 in file ""/kaggle/working/masive_als_tdp43v4/ligandos/CHEMBL1204265.pdbqt"": Unknown or inappropriate tag
No valid ligands in the input directory
",2026-09-05 11:43:14
CHEMBL1204266,TDP43_v2,,,,"error:returncode=1 king/masive_als_tdp43v4/ligandos/CHEMBL1204266_out.pdbqt
Reading input ... done.


Parse error on line 97 in file ""/kaggle/working/masive_als_tdp43v4/ligandos/CHEMBL1204266.pdbqt"": Unknown or inappropriate tag
No valid ligands in the input directory
 | returncode=1 king/masive_als_tdp43v4/ligandos/CHEMBL1204266_out.pdbqt
Reading input ... done.


Parse error on line 97 in file ""/kaggle/working/masive_als_tdp43v4/ligandos/CHEMBL1204266.pdbqt"": Unknown or inappropriate tag
No valid ligands in the input directory
 | returncode=1 king/masive_als_tdp43v4/ligandos/CHEMBL1204266_out.pdbqt
Reading input ... done.


Parse error on line 97 in file ""/kaggle/working/masive_als_tdp43v4/ligandos/CHEMBL1204266.pdbqt"": Unknown or inappropriate tag
No valid ligands in the input directory
",2026-09-05 11:43:14
CHEMBL1204267,TDP43_v2,,,,"error:returncode=1 ing/masive_als_tdp43v4/ligandos/CHEMBL1204267_out.pdbqt
Reading input ... done.


Parse error on line 114 in file ""/kaggle/working/masive_als_tdp43v4/ligandos/CHEMBL1204267.pdbqt"": Unknown or inappropriate tag
No valid ligands in the input directory
 | returncode=1 ing/masive_als_tdp43v4/ligandos/CHEMBL1204267_out.pdbqt
Reading input ... done.


Parse error on line 114 in file ""/kaggle/working/masive_als_tdp43v4/ligandos/CHEMBL1204267.pdbqt"": Unknown or inappropriate tag
No valid ligands in the input directory
 | returncode=1 ing/masive_als_tdp43v4/ligandos/CHEMBL1204267_out.pdbqt
Reading input ... done.


Parse error on line 114 in file ""/kaggle/working/masive_als_tdp43v4/ligandos/CHEMBL1204267.pdbqt"": Unknown or inappropriate tag
No valid ligands in the input directory
",2026-09-05 11:43:14
CHEMBL1204268,TDP43_v2,,,,"error:returncode=1 ing/masive_als_tdp43v4/ligandos/CHEMBL1204268_out.pdbqt
Reading input ... done.


Parse error on line 113 in file ""/kaggle/working/masive_als_tdp43v4/ligandos/CHEMBL1204268.pdbqt"": Unknown or inappropriate tag
No valid ligands in the input directory
 | returncode=1 ing/masive_als_tdp43v4/ligandos/CHEMBL1204268_out.pdbqt
Reading input ... done.


Parse error on line 113 in file ""/kaggle/working/masive_als_tdp43v4/ligandos/CHEMBL1204268.pdbqt"": Unknown or inappropriate tag
No valid ligands in the input directory
 | returncode=1 ing/masive_als_tdp43v4/ligandos/CHEMBL1204268_out.pdbqt
Reading input ... done.


Parse error on line 113 in file ""/kaggle/working/masive_als_tdp43v4/ligandos/CHEMBL1204268.pdbqt"": Unknown or inappropriate tag
No valid ligands in the input directory
",2026-09-05 11:43:14
CHEMBL1204269,TDP43_v2,,,,"error:returncode=1 ing/masive_als_tdp43v4/ligandos/CHEMBL1204269_out.pdbqt
Reading input ... done.


Parse error on line 100 in file ""/kaggle/working/masive_als_tdp43v4/ligandos/CHEMBL1204269.pdbqt"": Unknown or inappropriate tag
No valid ligands in the input directory
 | returncode=1 ing/masive_als_tdp43v4/ligandos/CHEMBL1204269_out.pdbqt
Reading input ... done.


Parse error on line 100 in file ""/kaggle/working/masive_als_tdp43v4/ligandos/CHEMBL1204269.pdbqt"": Unknown or inappropriate tag
No valid ligands in the input directory
 | returncode=1 ing/masive_als_tdp43v4/ligandos/CHEMBL1204269_out.pdbqt
Reading input ... done.


Parse error on line 100 in file ""/kaggle/working/masive_als_tdp43v4/ligandos/CHEMBL1204269.pdbqt"": Unknown or inappropriate tag
No valid ligands in the input directory
",2026-09-05 11:43:14
CHEMBL1204270,TDP43_v2,,,,"error:returncode=1 king/masive_als_tdp43v4/ligandos/CHEMBL1204270_out.pdbqt
Reading input ... done.


Parse error on line 65 in file ""/kaggle/working/masive_als_tdp43v4/ligandos/CHEMBL1204270.pdbqt"": Unknown or inappropriate tag
No valid ligands in the input directory
 | returncode=1 king/masive_als_tdp43v4/ligandos/CHEMBL1204270_out.pdbqt
Reading input ... done.


Parse error on line 65 in file ""/kaggle/working/masive_als_tdp43v4/ligandos/CHEMBL1204270.pdbqt"": Unknown or inappropriate tag
No valid ligands in the input directory
 | returncode=1 king/masive_als_tdp43v4/ligandos/CHEMBL1204270_out.pdbqt
Reading input ... done.


Parse error on line 65 in file ""/kaggle/working/masive_als_tdp43v4/ligandos/CHEMBL1204270.pdbqt"": Unknown or inappropriate tag
No valid ligands in the input directory
",2026-09-05 11:43:14
CHEMBL1204271,TDP43_v2,,,,"error:returncode=1 ing/masive_als_tdp43v4/ligandos/CHEMBL1204271_out.pdbqt
Reading input ... done.


Parse error on line 100 in file ""/kaggle/working/masive_als_tdp43v4/ligandos/CHEMBL1204271.pdbqt"": Unknown or inappropriate tag
No valid ligands in the input directory
 | returncode=1 ing/masive_als_tdp43v4/ligandos/CHEMBL1204271_out.pdbqt
Reading input ... done.


Parse error on line 100 in file ""/kaggle/working/masive_als_tdp43v4/ligandos/CHEMBL1204271.pdbqt"": Unknown or inappropriate tag
No valid ligands in the input directory
 | returncode=1 ing/masive_als_tdp43v4/ligandos/CHEMBL1204271_out.pdbqt
Reading input ... done.


Parse error on line 100 in file ""/kaggle/working/masive_als_tdp43v4/ligandos/CHEMBL1204271.pdbqt"": Unknown or inappropriate tag
No valid ligands in the input directory
",2026-09-05 11:43:14
CHEMBL1204272,TDP43_v2,,,,"error:returncode=1 king/masive_als_tdp43v4/ligandos/CHEMBL1204272_out.pdbqt
Reading input ... done.


Parse error on line 94 in file ""/kaggle/working/masive_als_tdp43v4/ligandos/CHEMBL1204272.pdbqt"": Unknown or inappropriate tag
No valid ligands in the input directory
 | returncode=1 king/masive_als_tdp43v4/ligandos/CHEMBL1204272_out.pdbqt
Reading input ... done.


Parse error on line 94 in file ""/kaggle/working/masive_als_tdp43v4/ligandos/CHEMBL1204272.pdbqt"": Unknown or inappropriate tag
No valid ligands in the input directory
 | returncode=1 king/masive_als_tdp43v4/ligandos/CHEMBL1204272_out.pdbqt
Reading input ... done.


Parse error on line 94 in file ""/kaggle/working/masive_als_tdp43v4/ligandos/CHEMBL1204272.pdbqt"": Unknown or inappropriate tag
No valid ligands in the input directory
",2026-09-05 11:43:14
CHEMBL1204273,TDP43_v2,,,,"error:returncode=1 ing/masive_als_tdp43v4/ligandos/CHEMBL1204273_out.pdbqt
Reading input ... done.


Parse error on line 100 in file ""/kaggle/working/masive_als_tdp43v4/ligandos/CHEMBL1204273.pdbqt"": Unknown or inappropriate tag
No valid ligands in the input directory
 | returncode=1 ing/masive_als_tdp43v4/ligandos/CHEMBL1204273_out.pdbqt
Reading input ... done.


Parse error on line 100 in file ""/kaggle/working/masive_als_tdp43v4/ligandos/CHEMBL1204273.pdbqt"": Unknown or inappropriate tag
No valid ligands in the input directory
 | returncode=1 ing/masive_als_tdp43v4/ligandos/CHEMBL1204273_out.pdbqt
Reading input ... done.


Parse error on line 100 in file ""/kaggle/working/masive_als_tdp43v4/ligandos/CHEMBL1204273.pdbqt"": Unknown or inappropriate tag
No valid ligands in the input directory
",2026-09-05 11:43:14
CHEMBL1204274,TDP43_v2,,,,"error:returncode=1 ing/masive_als_tdp43v4/ligandos/CHEMBL1204274_out.pdbqt
Reading input ... done.


Parse error on line 101 in file ""/kaggle/working/masive_als_tdp43v4/ligandos/CHEMBL1204274.pdbqt"": Unknown or inappropriate tag
No valid ligands in the input directory
 | returncode=1 ing/masive_als_tdp43v4/ligandos/CHEMBL1204274_out.pdbqt
Reading input ... done.


Parse error on line 101 in file ""/kaggle/working/masive_als_tdp43v4/ligandos/CHEMBL1204274.pdbqt"": Unknown or inappropriate tag
No valid ligands in the input directory
 | returncode=1 ing/masive_als_tdp43v4/ligandos/CHEMBL1204274_out.pdbqt
Reading input ... done.


Parse error on line 101 in file ""/kaggle/working/masive_als_tdp43v4/ligandos/CHEMBL1204274.pdbqt"": Unknown or inappropriate tag
No valid ligands in the input directory
",2026-09-05 11:43:14
CHEMBL1204275,TDP43_v2,,,,"error:returncode=1 king/masive_als_tdp43v4/ligandos/CHEMBL1204275_out.pdbqt
Reading input ... done.


Parse error on line 66 in file ""/kaggle/working/masive_als_tdp43v4/ligandos/CHEMBL1204275.pdbqt"": Unknown or inappropriate tag
No valid ligands in the input directory
 | returncode=1 king/masive_als_tdp43v4/ligandos/CHEMBL1204275_out.pdbqt
Reading input ... done.


Parse error on line 66 in file ""/kaggle/working/masive_als_tdp43v4/ligandos/CHEMBL1204275.pdbqt"": Unknown or inappropriate tag
No valid ligands in the input directory
 | returncode=1 king/masive_als_tdp43v4/ligandos/CHEMBL1204275_out.pdbqt
Reading input ... done.


Parse error on line 66 in file ""/kaggle/working/masive_als_tdp43v4/ligandos/CHEMBL1204275.pdbqt"": Unknown or inappropriate tag
No valid ligands in the input directory
",2026-09-05 11:43:14
CHEMBL1204276,TDP43_v2,,,,"error:returncode=1 king/masive_als_tdp43v4/ligandos/CHEMBL1204276_out.pdbqt
Reading input ... done.


Parse error on line 66 in file ""/kaggle/working/masive_als_tdp43v4/ligandos/CHEMBL1204276.pdbqt"": Unknown or inappropriate tag
No valid ligands in the input directory
 | returncode=1 king/masive_als_tdp43v4/ligandos/CHEMBL1204276_out.pdbqt
Reading input ... done.


Parse error on line 66 in file ""/kaggle/working/masive_als_tdp43v4/ligandos/CHEMBL1204276.pdbqt"": Unknown or inappropriate tag
No valid ligands in the input directory
 | returncode=1 king/masive_als_tdp43v4/ligandos/CHEMBL1204276_out.pdbqt
Reading input ... done.


Parse error on line 66 in file ""/kaggle/working/masive_als_tdp43v4/ligandos/CHEMBL1204276.pdbqt"": Unknown or inappropriate tag
No valid ligands in the input directory
",2026-09-05 11:43:14
CHEMBL1204277,TDP43_v2,,,,"error:returncode=1 king/masive_als_tdp43v4/ligandos/CHEMBL1204277_out.pdbqt
Reading input ... done.


Parse error on line 95 in file ""/kaggle/working/masive_als_tdp43v4/ligandos/CHEMBL1204277.pdbqt"": Unknown or inappropriate tag
No valid ligands in the input directory
 | returncode=1 king/masive_als_tdp43v4/ligandos/CHEMBL1204277_out.pdbqt
Reading input ... done.


Parse error on line 95 in file ""/kaggle/working/masive_als_tdp43v4/ligandos/CHEMBL1204277.pdbqt"": Unknown or inappropriate tag
No valid ligands in the input directory
 | returncode=1 king/masive_als_tdp43v4/ligandos/CHEMBL1204277_out.pdbqt
Reading input ... done.


Parse error on line 95 in file ""/kaggle/working/masive_als_tdp43v4/ligandos/CHEMBL1204277.pdbqt"": Unknown or inappropriate tag
No valid ligands in the input directory
",2026-09-05 11:43:14
CHEMBL1204278,TDP43_v2,,,,"error:returncode=1 king/masive_als_tdp43v4/ligandos/CHEMBL1204278_out.pdbqt
Reading input ... done.


Parse error on line 67 in file ""/kaggle/working/masive_als_tdp43v4/ligandos/CHEMBL1204278.pdbqt"": Unknown or inappropriate tag
No valid ligands in the input directory
 | returncode=1 king/masive_als_tdp43v4/ligandos/CHEMBL1204278_out.pdbqt
Reading input ... done.


Parse error on line 67 in file ""/kaggle/working/masive_als_tdp43v4/ligandos/CHEMBL1204278.pdbqt"": Unknown or inappropriate tag
No valid ligands in the input directory
 | returncode=1 king/masive_als_tdp43v4/ligandos/CHEMBL1204278_out.pdbqt
Reading input ... done.


Parse error on line 67 in file ""/kaggle/working/masive_als_tdp43v4/ligandos/CHEMBL1204278.pdbqt"": Unknown or inappropriate tag
No valid ligands in the input directory
",2026-09-05 11:43:15
CHEMBL1204279,TDP43_v2,,,,"error:returncode=1 ing/masive_als_tdp43v4/ligandos/CHEMBL1204279_out.pdbqt
Reading input ... done.


Parse error on line 107 in file ""/kaggle/working/masive_als_tdp43v4/ligandos/CHEMBL1204279.pdbqt"": Unknown or inappropriate tag
No valid ligands in the input directory
 | returncode=1 ing/masive_als_tdp43v4/ligandos/CHEMBL1204279_out.pdbqt
Reading input ... done.


Parse error on line 107 in file ""/kaggle/working/masive_als_tdp43v4/ligandos/CHEMBL1204279.pdbqt"": Unknown or inappropriate tag
No valid ligands in the input directory
 | returncode=1 ing/masive_als_tdp43v4/ligandos/CHEMBL1204279_out.pdbqt
Reading input ... done.


Parse error on line 107 in file ""/kaggle/working/masive_als_tdp43v4/ligandos/CHEMBL1204279.pdbqt"": Unknown or inappropriate tag
No valid ligands in the input directory
",2026-09-05 11:43:15
CHEMBL1204280,TDP43_v2,,,,"error:returncode=1 king/masive_als_tdp43v4/ligandos/CHEMBL1204280_out.pdbqt
Reading input ... done.


Parse error on line 97 in file ""/kaggle/working/masive_als_tdp43v4/ligandos/CHEMBL1204280.pdbqt"": Unknown or inappropriate tag
No valid ligands in the input directory
 | returncode=1 king/masive_als_tdp43v4/ligandos/CHEMBL1204280_out.pdbqt
Reading input ... done.


Parse error on line 97 in file ""/kaggle/working/masive_als_tdp43v4/ligandos/CHEMBL1204280.pdbqt"": Unknown or inappropriate tag
No valid ligands in the input directory
 | returncode=1 king/masive_als_tdp43v4/ligandos/CHEMBL1204280_out.pdbqt
Reading input ... done.


Parse error on line 97 in file ""/kaggle/working/masive_als_tdp43v4/ligandos/CHEMBL1204280.pdbqt"": Unknown or inappropriate tag
No valid ligands in the input directory
",2026-09-05 11:43:15
CHEMBL1204281,TDP43_v2,,,,"error:returncode=1 king/masive_als_tdp43v4/ligandos/CHEMBL1204281_out.pdbqt
Reading input ... done.


Parse error on line 97 in file ""/kaggle/working/masive_als_tdp43v4/ligandos/CHEMBL1204281.pdbqt"": Unknown or inappropriate tag
No valid ligands in the input directory
 | returncode=1 king/masive_als_tdp43v4/ligandos/CHEMBL1204281_out.pdbqt
Reading input ... done.


Parse error on line 97 in file ""/kaggle/working/masive_als_tdp43v4/ligandos/CHEMBL1204281.pdbqt"": Unknown or inappropriate tag
No valid ligands in the input directory
 | returncode=1 king/masive_als_tdp43v4/ligandos/CHEMBL1204281_out.pdbqt
Reading input ... done.


Parse error on line 97 in file ""/kaggle/working/masive_als_tdp43v4/ligandos/CHEMBL1204281.pdbqt"": Unknown or inappropriate tag
No valid ligands in the input directory
",2026-09-05 11:43:15
CHEMBL1204282,TDP43_v2,,,,"error:returncode=1 ing/masive_als_tdp43v4/ligandos/CHEMBL1204282_out.pdbqt
Reading input ... done.


Parse error on line 100 in file ""/kaggle/working/masive_als_tdp43v4/ligandos/CHEMBL1204282.pdbqt"": Unknown or inappropriate tag
No valid ligands in the input directory
 | returncode=1 ing/masive_als_tdp43v4/ligandos/CHEMBL1204282_out.pdbqt
Reading input ... done.


Parse error on line 100 in file ""/kaggle/working/masive_als_tdp43v4/ligandos/CHEMBL1204282.pdbqt"": Unknown or inappropriate tag
No valid ligands in the input directory
 | returncode=1 ing/masive_als_tdp43v4/ligandos/CHEMBL1204282_out.pdbqt
Reading input ... done.


Parse error on line 100 in file ""/kaggle/working/masive_als_tdp43v4/ligandos/CHEMBL1204282.pdbqt"": Unknown or inappropriate tag
No valid ligands in the input directory
",2026-09-05 11:43:15
CHEMBL1204283,TDP43_v2,,,,"error:returncode=1 ing/masive_als_tdp43v4/ligandos/CHEMBL1204283_out.pdbqt
Reading input ... done.


Parse error on line 105 in file ""/kaggle/working/masive_als_tdp43v4/ligandos/CHEMBL1204283.pdbqt"": Unknown or inappropriate tag
No valid ligands in the input directory
 | returncode=1 ing/masive_als_tdp43v4/ligandos/CHEMBL1204283_out.pdbqt
Reading input ... done.


Parse error on line 105 in file ""/kaggle/working/masive_als_tdp43v4/ligandos/CHEMBL1204283.pdbqt"": Unknown or inappropriate tag
No valid ligands in the input directory
 | returncode=1 ing/masive_als_tdp43v4/ligandos/CHEMBL1204283_out.pdbqt
Reading input ... done.


Parse error on line 105 in file ""/kaggle/working/masive_als_tdp43v4/ligandos/CHEMBL1204283.pdbqt"": Unknown or inappropriate tag
No valid ligands in the input directory
",2026-09-05 11:43:15
CHEMBL1204284,TDP43_v2,,,,"error:returncode=1 king/masive_als_tdp43v4/ligandos/CHEMBL1204284_out.pdbqt
Reading input ... done.


Parse error on line 87 in file ""/kaggle/working/masive_als_tdp43v4/ligandos/CHEMBL1204284.pdbqt"": Unknown or inappropriate tag
No valid ligands in the input directory
 | returncode=1 king/masive_als_tdp43v4/ligandos/CHEMBL1204284_out.pdbqt
Reading input ... done.


Parse error on line 87 in file ""/kaggle/working/masive_als_tdp43v4/ligandos/CHEMBL1204284.pdbqt"": Unknown or inappropriate tag
No valid ligands in the input directory
 | returncode=1 king/masive_als_tdp43v4/ligandos/CHEMBL1204284_out.pdbqt
Reading input ... done.


Parse error on line 87 in file ""/kaggle/working/masive_als_tdp43v4/ligandos/CHEMBL1204284.pdbqt"": Unknown or inappropriate tag
No valid ligands in the input directory
",2026-09-05 11:43:15
CHEMBL1204285,TDP43_v2,,,,"error:returncode=1 king/masive_als_tdp43v4/ligandos/CHEMBL1204285_out.pdbqt
Reading input ... done.


Parse error on line 48 in file ""/kaggle/working/masive_als_tdp43v4/ligandos/CHEMBL1204285.pdbqt"": Unknown or inappropriate tag
No valid ligands in the input directory
 | returncode=1 king/masive_als_tdp43v4/ligandos/CHEMBL1204285_out.pdbqt
Reading input ... done.


Parse error on line 48 in file ""/kaggle/working/masive_als_tdp43v4/ligandos/CHEMBL1204285.pdbqt"": Unknown or inappropriate tag
No valid ligands in the input directory
 | returncode=1 king/masive_als_tdp43v4/ligandos/CHEMBL1204285_out.pdbqt
Reading input ... done.


Parse error on line 48 in file ""/kaggle/working/masive_als_tdp43v4/ligandos/CHEMBL1204285.pdbqt"": Unknown or inappropriate tag
No valid ligands in the input directory
",2026-09-05 11:43:15
CHEMBL1204286,TDP43_v2,,,,"error:returncode=1 king/masive_als_tdp43v4/ligandos/CHEMBL1204286_out.pdbqt
Reading input ... done.


Parse error on line 75 in file ""/kaggle/working/masive_als_tdp43v4/ligandos/CHEMBL1204286.pdbqt"": Unknown or inappropriate tag
No valid ligands in the input directory
 | returncode=1 king/masive_als_tdp43v4/ligandos/CHEMBL1204286_out.pdbqt
Reading input ... done.


Parse error on line 75 in file ""/kaggle/working/masive_als_tdp43v4/ligandos/CHEMBL1204286.pdbqt"": Unknown or inappropriate tag
No valid ligands in the input directory
 | returncode=1 king/masive_als_tdp43v4/ligandos/CHEMBL1204286_out.pdbqt
Reading input ... done.


Parse error on line 75 in file ""/kaggle/working/masive_als_tdp43v4/ligandos/CHEMBL1204286.pdbqt"": Unknown or inappropriate tag
No valid ligands in the input directory
",2026-09-05 11:43:15
CHEMBL1204289,TDP43_v2,,,,"error:returncode=1 king/masive_als_tdp43v4/ligandos/CHEMBL1204289_out.pdbqt
Reading input ... done.


Parse error on line 87 in file ""/kaggle/working/masive_als_tdp43v4/ligandos/CHEMBL1204289.pdbqt"": Unknown or inappropriate tag
No valid ligands in the input directory
 | returncode=1 king/masive_als_tdp43v4/ligandos/CHEMBL1204289_out.pdbqt
Reading input ... done.


Parse error on line 87 in file ""/kaggle/working/masive_als_tdp43v4/ligandos/CHEMBL1204289.pdbqt"": Unknown or inappropriate tag
No valid ligands in the input directory
 | returncode=1 king/masive_als_tdp43v4/ligandos/CHEMBL1204289_out.pdbqt
Reading input ... done.


Parse error on line 87 in file ""/kaggle/working/masive_als_tdp43v4/ligandos/CHEMBL1204289.pdbqt"": Unknown or inappropriate tag
No valid ligands in the input directory
",2026-09-05 11:43:15
CHEMBL1204291,TDP43_v2,,,,"error:returncode=1 king/masive_als_tdp43v4/ligandos/CHEMBL1204291_out.pdbqt
Reading input ... done.


Parse error on line 87 in file ""/kaggle/working/masive_als_tdp43v4/ligandos/CHEMBL1204291.pdbqt"": Unknown or inappropriate tag
No valid ligands in the input directory
 | returncode=1 king/masive_als_tdp43v4/ligandos/CHEMBL1204291_out.pdbqt
Reading input ... done.


Parse error on line 87 in file ""/kaggle/working/masive_als_tdp43v4/ligandos/CHEMBL1204291.pdbqt"": Unknown or inappropriate tag
No valid ligands in the input directory
 | returncode=1 king/masive_als_tdp43v4/ligandos/CHEMBL1204291_out.pdbqt
Reading input ... done.


Parse error on line 87 in file ""/kaggle/working/masive_als_tdp43v4/ligandos/CHEMBL1204291.pdbqt"": Unknown or inappropriate tag
No valid ligands in the input directory
",2026-09-05 11:43:15
CHEMBL1204292,TDP43_v2,,,,"error:returncode=1 king/masive_als_tdp43v4/ligandos/CHEMBL1204292_out.pdbqt
Reading input ... done.


Parse error on line 36 in file ""/kaggle/working/masive_als_tdp43v4/ligandos/CHEMBL1204292.pdbqt"": Unknown or inappropriate tag
No valid ligands in the input directory
 | returncode=1 king/masive_als_tdp43v4/ligandos/CHEMBL1204292_out.pdbqt
Reading input ... done.


Parse error on line 36 in file ""/kaggle/working/masive_als_tdp43v4/ligandos/CHEMBL1204292.pdbqt"": Unknown or inappropriate tag
No valid ligands in the input directory
 | returncode=1 king/masive_als_tdp43v4/ligandos/CHEMBL1204292_out.pdbqt
Reading input ... done.


Parse error on line 36 in file ""/kaggle/working/masive_als_tdp43v4/ligandos/CHEMBL1204292.pdbqt"": Unknown or inappropriate tag
No valid ligands in the input directory
",2026-09-05 11:43:15
CHEMBL1204293,TDP43_v2,,,,"error:returncode=1 king/masive_als_tdp43v4/ligandos/CHEMBL1204293_out.pdbqt
Reading input ... done.


Parse error on line 54 in file ""/kaggle/working/masive_als_tdp43v4/ligandos/CHEMBL1204293.pdbqt"": Unknown or inappropriate tag
No valid ligands in the input directory
 | returncode=1 king/masive_als_tdp43v4/ligandos/CHEMBL1204293_out.pdbqt
Reading input ... done.


Parse error on line 54 in file ""/kaggle/working/masive_als_tdp43v4/ligandos/CHEMBL1204293.pdbqt"": Unknown or inappropriate tag
No valid ligands in the input directory
 | returncode=1 king/masive_als_tdp43v4/ligandos/CHEMBL1204293_out.pdbqt
Reading input ... done.


Parse error on line 54 in file ""/kaggle/working/masive_als_tdp43v4/ligandos/CHEMBL1204293.pdbqt"": Unknown or inappropriate tag
No valid ligands in the input directory
",2026-09-05 11:43:15
CHEMBL1204294,TDP43_v2,,,,"error:returncode=1 king/masive_als_tdp43v4/ligandos/CHEMBL1204294_out.pdbqt
Reading input ... done.


Parse error on line 52 in file ""/kaggle/working/masive_als_tdp43v4/ligandos/CHEMBL1204294.pdbqt"": Unknown or inappropriate tag
No valid ligands in the input directory
 | returncode=1 king/masive_als_tdp43v4/ligandos/CHEMBL1204294_out.pdbqt
Reading input ... done.


Parse error on line 52 in file ""/kaggle/working/masive_als_tdp43v4/ligandos/CHEMBL1204294.pdbqt"": Unknown or inappropriate tag
No valid ligands in the input directory
 | returncode=1 king/masive_als_tdp43v4/ligandos/CHEMBL1204294_out.pdbqt
Reading input ... done.


Parse error on line 52 in file ""/kaggle/working/masive_als_tdp43v4/ligandos/CHEMBL1204294.pdbqt"": Unknown or inappropriate tag
No valid ligands in the input directory
",2026-09-05 11:43:15
CHEMBL1204295,TDP43_v2,,,,"error:returncode=1 king/masive_als_tdp43v4/ligandos/CHEMBL1204295_out.pdbqt
Reading input ... done.


Parse error on line 80 in file ""/kaggle/working/masive_als_tdp43v4/ligandos/CHEMBL1204295.pdbqt"": Unknown or inappropriate tag
No valid ligands in the input directory
 | returncode=1 king/masive_als_tdp43v4/ligandos/CHEMBL1204295_out.pdbqt
Reading input ... done.


Parse error on line 80 in file ""/kaggle/working/masive_als_tdp43v4/ligandos/CHEMBL1204295.pdbqt"": Unknown or inappropriate tag
No valid ligands in the input directory
 | returncode=1 king/masive_als_tdp43v4/ligandos/CHEMBL1204295_out.pdbqt
Reading input ... done.


Parse error on line 80 in file ""/kaggle/working/masive_als_tdp43v4/ligandos/CHEMBL1204295.pdbqt"": Unknown or inappropriate tag
No valid ligands in the input directory
",2026-09-05 11:43:15
CHEMBL1204296,TDP43_v2,,,,"error:returncode=1 king/masive_als_tdp43v4/ligandos/CHEMBL1204296_out.pdbqt
Reading input ... done.


Parse error on line 75 in file ""/kaggle/working/masive_als_tdp43v4/ligandos/CHEMBL1204296.pdbqt"": Unknown or inappropriate tag
No valid ligands in the input directory
 | returncode=1 king/masive_als_tdp43v4/ligandos/CHEMBL1204296_out.pdbqt
Reading input ... done.


Parse error on line 75 in file ""/kaggle/working/masive_als_tdp43v4/ligandos/CHEMBL1204296.pdbqt"": Unknown or inappropriate tag
No valid ligands in the input directory
 | returncode=1 king/masive_als_tdp43v4/ligandos/CHEMBL1204296_out.pdbqt
Reading input ... done.


Parse error on line 75 in file ""/kaggle/working/masive_als_tdp43v4/ligandos/CHEMBL1204296.pdbqt"": Unknown or inappropriate tag
No valid ligands in the input directory
",2026-09-05 11:43:15
CHEMBL1204297,TDP43_v2,,,,"error:returncode=1 king/masive_als_tdp43v4/ligandos/CHEMBL1204297_out.pdbqt
Reading input ... done.


Parse error on line 28 in file ""/kaggle/working/masive_als_tdp43v4/ligandos/CHEMBL1204297.pdbqt"": Unknown or inappropriate tag
No valid ligands in the input directory
 | returncode=1 king/masive_als_tdp43v4/ligandos/CHEMBL1204297_out.pdbqt
Reading input ... done.


Parse error on line 28 in file ""/kaggle/working/masive_als_tdp43v4/ligandos/CHEMBL1204297.pdbqt"": Unknown or inappropriate tag
No valid ligands in the input directory
 | returncode=1 king/masive_als_tdp43v4/ligandos/CHEMBL1204297_out.pdbqt
Reading input ... done.


Parse error on line 28 in file ""/kaggle/working/masive_als_tdp43v4/ligandos/CHEMBL1204297.pdbqt"": Unknown or inappropriate tag
No valid ligands in the input directory
",2026-09-05 11:43:15
CHEMBL1204298,TDP43_v2,,,,"error:returncode=1 king/masive_als_tdp43v4/ligandos/CHEMBL1204298_out.pdbqt
Reading input ... done.


Parse error on line 78 in file ""/kaggle/working/masive_als_tdp43v4/ligandos/CHEMBL1204298.pdbqt"": Unknown or inappropriate tag
No valid ligands in the input directory
 | returncode=1 king/masive_als_tdp43v4/ligandos/CHEMBL1204298_out.pdbqt
Reading input ... done.


Parse error on line 78 in file ""/kaggle/working/masive_als_tdp43v4/ligandos/CHEMBL1204298.pdbqt"": Unknown or inappropriate tag
No valid ligands in the input directory
 | returncode=1 king/masive_als_tdp43v4/ligandos/CHEMBL1204298_out.pdbqt
Reading input ... done.


Parse error on line 78 in file ""/kaggle/working/masive_als_tdp43v4/ligandos/CHEMBL1204298.pdbqt"": Unknown or inappropriate tag
No valid ligands in the input directory
",2026-09-05 11:43:15
CHEMBL1204299,TDP43_v2,,,,"error:returncode=1 king/masive_als_tdp43v4/ligandos/CHEMBL1204299_out.pdbqt
Reading input ... done.


Parse error on line 70 in file ""/kaggle/working/masive_als_tdp43v4/ligandos/CHEMBL1204299.pdbqt"": Unknown or inappropriate tag
No valid ligands in the input directory
 | returncode=1 king/masive_als_tdp43v4/ligandos/CHEMBL1204299_out.pdbqt
Reading input ... done.


Parse error on line 70 in file ""/kaggle/working/masive_als_tdp43v4/ligandos/CHEMBL1204299.pdbqt"": Unknown or inappropriate tag
No valid ligands in the input directory
 | returncode=1 king/masive_als_tdp43v4/ligandos/CHEMBL1204299_out.pdbqt
Reading input ... done.


Parse error on line 70 in file ""/kaggle/working/masive_als_tdp43v4/ligandos/CHEMBL1204299.pdbqt"": Unknown or inappropriate tag
No valid ligands in the input directory
",2026-09-05 11:43:15
CHEMBL1204300,TDP43_v2,,,,"error:returncode=1 king/masive_als_tdp43v4/ligandos/CHEMBL1204300_out.pdbqt
Reading input ... done.


Parse error on line 70 in file ""/kaggle/working/masive_als_tdp43v4/ligandos/CHEMBL1204300.pdbqt"": Unknown or inappropriate tag
No valid ligands in the input directory
 | returncode=1 king/masive_als_tdp43v4/ligandos/CHEMBL1204300_out.pdbqt
Reading input ... done.


Parse error on line 70 in file ""/kaggle/working/masive_als_tdp43v4/ligandos/CHEMBL1204300.pdbqt"": Unknown or inappropriate tag
No valid ligands in the input directory
 | returncode=1 king/masive_als_tdp43v4/ligandos/CHEMBL1204300_out.pdbqt
Reading input ... done.


Parse error on line 70 in file ""/kaggle/working/masive_als_tdp43v4/ligandos/CHEMBL1204300.pdbqt"": Unknown or inappropriate tag
No valid ligands in the input directory
",2026-09-05 11:43:15
CHEMBL1204301,TDP43_v2,,,,"error:returncode=1 king/masive_als_tdp43v4/ligandos/CHEMBL1204301_out.pdbqt
Reading input ... done.


Parse error on line 22 in file ""/kaggle/working/masive_als_tdp43v4/ligandos/CHEMBL1204301.pdbqt"": Unknown or inappropriate tag
No valid ligands in the input directory
 | returncode=1 king/masive_als_tdp43v4/ligandos/CHEMBL1204301_out.pdbqt
Reading input ... done.


Parse error on line 22 in file ""/kaggle/working/masive_als_tdp43v4/ligandos/CHEMBL1204301.pdbqt"": Unknown or inappropriate tag
No valid ligands in the input directory
 | returncode=1 king/masive_als_tdp43v4/ligandos/CHEMBL1204301_out.pdbqt
Reading input ... done.


Parse error on line 22 in file ""/kaggle/working/masive_als_tdp43v4/ligandos/CHEMBL1204301.pdbqt"": Unknown or inappropriate tag
No valid ligands in the input directory
",2026-09-05 11:43:15
CHEMBL1204302,TDP43_v2,,,,"error:returncode=1 king/masive_als_tdp43v4/ligandos/CHEMBL1204302_out.pdbqt
Reading input ... done.


Parse error on line 22 in file ""/kaggle/working/masive_als_tdp43v4/ligandos/CHEMBL1204302.pdbqt"": Unknown or inappropriate tag
No valid ligands in the input directory
 | returncode=1 king/masive_als_tdp43v4/ligandos/CHEMBL1204302_out.pdbqt
Reading input ... done.


Parse error on line 22 in file ""/kaggle/working/masive_als_tdp43v4/ligandos/CHEMBL1204302.pdbqt"": Unknown or inappropriate tag
No valid ligands in the input directory
 | returncode=1 king/masive_als_tdp43v4/ligandos/CHEMBL1204302_out.pdbqt
Reading input ... done.


Parse error on line 22 in file ""/kaggle/working/masive_als_tdp43v4/ligandos/CHEMBL1204302.pdbqt"": Unknown or inappropriate tag
No valid ligands in the input directory
",2026-09-05 11:43:15
CHEMBL1204303,TDP43_v2,,,,"error:returncode=1 king/masive_als_tdp43v4/ligandos/CHEMBL1204303_out.pdbqt
Reading input ... done.


Parse error on line 22 in file ""/kaggle/working/masive_als_tdp43v4/ligandos/CHEMBL1204303.pdbqt"": Unknown or inappropriate tag
No valid ligands in the input directory
 | returncode=1 king/masive_als_tdp43v4/ligandos/CHEMBL1204303_out.pdbqt
Reading input ... done.


Parse error on line 22 in file ""/kaggle/working/masive_als_tdp43v4/ligandos/CHEMBL1204303.pdbqt"": Unknown or inappropriate tag
No valid ligands in the input directory
 | returncode=1 king/masive_als_tdp43v4/ligandos/CHEMBL1204303_out.pdbqt
Reading input ... done.


Parse error on line 22 in file ""/kaggle/working/masive_als_tdp43v4/ligandos/CHEMBL1204303.pdbqt"": Unknown or inappropriate tag
No valid ligands in the input directory
",2026-09-05 11:43:15
CHEMBL1204304,TDP43_v2,,,,"error:returncode=1 king/masive_als_tdp43v4/ligandos/CHEMBL1204304_out.pdbqt
Reading input ... done.


Parse error on line 22 in file ""/kaggle/working/masive_als_tdp43v4/ligandos/CHEMBL1204304.pdbqt"": Unknown or inappropriate tag
No valid ligands in the input directory
 | returncode=1 king/masive_als_tdp43v4/ligandos/CHEMBL1204304_out.pdbqt
Reading input ... done.


Parse error on line 22 in file ""/kaggle/working/masive_als_tdp43v4/ligandos/CHEMBL1204304.pdbqt"": Unknown or inappropriate tag
No valid ligands in the input directory
 | returncode=1 king/masive_als_tdp43v4/ligandos/CHEMBL1204304_out.pdbqt
Reading input ... done.


Parse error on line 22 in file ""/kaggle/working/masive_als_tdp43v4/ligandos/CHEMBL1204304.pdbqt"": Unknown or inappropriate tag
No valid ligands in the input directory
",2026-09-05 11:43:15
CHEMBL1204305,TDP43_v2,,,,"error:returncode=1 king/masive_als_tdp43v4/ligandos/CHEMBL1204305_out.pdbqt
Reading input ... done.


Parse error on line 53 in file ""/kaggle/working/masive_als_tdp43v4/ligandos/CHEMBL1204305.pdbqt"": Unknown or inappropriate tag
No valid ligands in the input directory
 | returncode=1 king/masive_als_tdp43v4/ligandos/CHEMBL1204305_out.pdbqt
Reading input ... done.


Parse error on line 53 in file ""/kaggle/working/masive_als_tdp43v4/ligandos/CHEMBL1204305.pdbqt"": Unknown or inappropriate tag
No valid ligands in the input directory
 | returncode=1 king/masive_als_tdp43v4/ligandos/CHEMBL1204305_out.pdbqt
Reading input ... done.


Parse error on line 53 in file ""/kaggle/working/masive_als_tdp43v4/ligandos/CHEMBL1204305.pdbqt"": Unknown or inappropriate tag
No valid ligands in the input directory
",2026-09-05 11:43:15
CHEMBL1204306,TDP43_v2,,,,"error:returncode=1 king/masive_als_tdp43v4/ligandos/CHEMBL1204306_out.pdbqt
Reading input ... done.


Parse error on line 26 in file ""/kaggle/working/masive_als_tdp43v4/ligandos/CHEMBL1204306.pdbqt"": Unknown or inappropriate tag
No valid ligands in the input directory
 | returncode=1 king/masive_als_tdp43v4/ligandos/CHEMBL1204306_out.pdbqt
Reading input ... done.


Parse error on line 26 in file ""/kaggle/working/masive_als_tdp43v4/ligandos/CHEMBL1204306.pdbqt"": Unknown or inappropriate tag
No valid ligands in the input directory
 | returncode=1 king/masive_als_tdp43v4/ligandos/CHEMBL1204306_out.pdbqt
Reading input ... done.


Parse error on line 26 in file ""/kaggle/working/masive_als_tdp43v4/ligandos/CHEMBL1204306.pdbqt"": Unknown or inappropriate tag
No valid ligands in the input directory
",2026-09-05 11:43:15
CHEMBL1204307,TDP43_v2,,,,"error:returncode=1 king/masive_als_tdp43v4/ligandos/CHEMBL1204307_out.pdbqt
Reading input ... done.


Parse error on line 26 in file ""/kaggle/working/masive_als_tdp43v4/ligandos/CHEMBL1204307.pdbqt"": Unknown or inappropriate tag
No valid ligands in the input directory
 | returncode=1 king/masive_als_tdp43v4/ligandos/CHEMBL1204307_out.pdbqt
Reading input ... done.


Parse error on line 26 in file ""/kaggle/working/masive_als_tdp43v4/ligandos/CHEMBL1204307.pdbqt"": Unknown or inappropriate tag
No valid ligands in the input directory
 | returncode=1 king/masive_als_tdp43v4/ligandos/CHEMBL1204307_out.pdbqt
Reading input ... done.


Parse error on line 26 in file ""/kaggle/working/masive_als_tdp43v4/ligandos/CHEMBL1204307.pdbqt"": Unknown or inappropriate tag
No valid ligands in the input directory
",2026-09-05 11:43:15
CHEMBL1204308,TDP43_v2,,,,"error:returncode=1 king/masive_als_tdp43v4/ligandos/CHEMBL1204308_out.pdbqt
Reading input ... done.


Parse error on line 68 in file ""/kaggle/working/masive_als_tdp43v4/ligandos/CHEMBL1204308.pdbqt"": Unknown or inappropriate tag
No valid ligands in the input directory
 | returncode=1 king/masive_als_tdp43v4/ligandos/CHEMBL1204308_out.pdbqt
Reading input ... done.


Parse error on line 68 in file ""/kaggle/working/masive_als_tdp43v4/ligandos/CHEMBL1204308.pdbqt"": Unknown or inappropriate tag
No valid ligands in the input directory
 | returncode=1 king/masive_als_tdp43v4/ligandos/CHEMBL1204308_out.pdbqt
Reading input ... done.


Parse error on line 68 in file ""/kaggle/working/masive_als_tdp43v4/ligandos/CHEMBL1204308.pdbqt"": Unknown or inappropriate tag
No valid ligands in the input directory
",2026-09-05 11:43:15
CHEMBL1204309,TDP43_v2,,,,"error:returncode=1 king/masive_als_tdp43v4/ligandos/CHEMBL1204309_out.pdbqt
Reading input ... done.


Parse error on line 85 in file ""/kaggle/working/masive_als_tdp43v4/ligandos/CHEMBL1204309.pdbqt"": Unknown or inappropriate tag
No valid ligands in the input directory
 | returncode=1 king/masive_als_tdp43v4/ligandos/CHEMBL1204309_out.pdbqt
Reading input ... done.


Parse error on line 85 in file ""/kaggle/working/masive_als_tdp43v4/ligandos/CHEMBL1204309.pdbqt"": Unknown or inappropriate tag
No valid ligands in the input directory
 | returncode=1 king/masive_als_tdp43v4/ligandos/CHEMBL1204309_out.pdbqt
Reading input ... done.


Parse error on line 85 in file ""/kaggle/working/masive_als_tdp43v4/ligandos/CHEMBL1204309.pdbqt"": Unknown or inappropriate tag
No valid ligands in the input directory
",2026-09-05 11:43:16
CHEMBL1204310,TDP43_v2,,,,"error:returncode=1 king/masive_als_tdp43v4/ligandos/CHEMBL1204310_out.pdbqt
Reading input ... done.


Parse error on line 22 in file ""/kaggle/working/masive_als_tdp43v4/ligandos/CHEMBL1204310.pdbqt"": Unknown or inappropriate tag
No valid ligands in the input directory
 | returncode=1 king/masive_als_tdp43v4/ligandos/CHEMBL1204310_out.pdbqt
Reading input ... done.


Parse error on line 22 in file ""/kaggle/working/masive_als_tdp43v4/ligandos/CHEMBL1204310.pdbqt"": Unknown or inappropriate tag
No valid ligands in the input directory
 | returncode=1 king/masive_als_tdp43v4/ligandos/CHEMBL1204310_out.pdbqt
Reading input ... done.


Parse error on line 22 in file ""/kaggle/working/masive_als_tdp43v4/ligandos/CHEMBL1204310.pdbqt"": Unknown or inappropriate tag
No valid ligands in the input directory
",2026-09-05 11:43:16
CHEMBL1204311,TDP43_v2,,,,"error:returncode=1 king/masive_als_tdp43v4/ligandos/CHEMBL1204311_out.pdbqt
Reading input ... done.


Parse error on line 22 in file ""/kaggle/working/masive_als_tdp43v4/ligandos/CHEMBL1204311.pdbqt"": Unknown or inappropriate tag
No valid ligands in the input directory
 | returncode=1 king/masive_als_tdp43v4/ligandos/CHEMBL1204311_out.pdbqt
Reading input ... done.


Parse error on line 22 in file ""/kaggle/working/masive_als_tdp43v4/ligandos/CHEMBL1204311.pdbqt"": Unknown or inappropriate tag
No valid ligands in the input directory
 | returncode=1 king/masive_als_tdp43v4/ligandos/CHEMBL1204311_out.pdbqt
Reading input ... done.


Parse error on line 22 in file ""/kaggle/working/masive_als_tdp43v4/ligandos/CHEMBL1204311.pdbqt"": Unknown or inappropriate tag
No valid ligands in the input directory
",2026-09-05 11:43:16
CHEMBL1204312,TDP43_v2,,,,"error:returncode=1 king/masive_als_tdp43v4/ligandos/CHEMBL1204312_out.pdbqt
Reading input ... done.


Parse error on line 66 in file ""/kaggle/working/masive_als_tdp43v4/ligandos/CHEMBL1204312.pdbqt"": Unknown or inappropriate tag
No valid ligands in the input directory
 | returncode=1 king/masive_als_tdp43v4/ligandos/CHEMBL1204312_out.pdbqt
Reading input ... done.


Parse error on line 66 in file ""/kaggle/working/masive_als_tdp43v4/ligandos/CHEMBL1204312.pdbqt"": Unknown or inappropriate tag
No valid ligands in the input directory
 | returncode=1 king/masive_als_tdp43v4/ligandos/CHEMBL1204312_out.pdbqt
Reading input ... done.


Parse error on line 66 in file ""/kaggle/working/masive_als_tdp43v4/ligandos/CHEMBL1204312.pdbqt"": Unknown or inappropriate tag
No valid ligands in the input directory
",2026-09-05 11:43:16
CHEMBL1204313,TDP43_v2,,,,"error:returncode=1 king/masive_als_tdp43v4/ligandos/CHEMBL1204313_out.pdbqt
Reading input ... done.


Parse error on line 72 in file ""/kaggle/working/masive_als_tdp43v4/ligandos/CHEMBL1204313.pdbqt"": Unknown or inappropriate tag
No valid ligands in the input directory
 | returncode=1 king/masive_als_tdp43v4/ligandos/CHEMBL1204313_out.pdbqt
Reading input ... done.


Parse error on line 72 in file ""/kaggle/working/masive_als_tdp43v4/ligandos/CHEMBL1204313.pdbqt"": Unknown or inappropriate tag
No valid ligands in the input directory
 | returncode=1 king/masive_als_tdp43v4/ligandos/CHEMBL1204313_out.pdbqt
Reading input ... done.


Parse error on line 72 in file ""/kaggle/working/masive_als_tdp43v4/ligandos/CHEMBL1204313.pdbqt"": Unknown or inappropriate tag
No valid ligands in the input directory
",2026-09-05 11:43:16
CHEMBL1204314,TDP43_v2,,,,"error:returncode=1 king/masive_als_tdp43v4/ligandos/CHEMBL1204314_out.pdbqt
Reading input ... done.


Parse error on line 28 in file ""/kaggle/working/masive_als_tdp43v4/ligandos/CHEMBL1204314.pdbqt"": Unknown or inappropriate tag
No valid ligands in the input directory
 | returncode=1 king/masive_als_tdp43v4/ligandos/CHEMBL1204314_out.pdbqt
Reading input ... done.


Parse error on line 28 in file ""/kaggle/working/masive_als_tdp43v4/ligandos/CHEMBL1204314.pdbqt"": Unknown or inappropriate tag
No valid ligands in the input directory
 | returncode=1 king/masive_als_tdp43v4/ligandos/CHEMBL1204314_out.pdbqt
Reading input ... done.


Parse error on line 28 in file ""/kaggle/working/masive_als_tdp43v4/ligandos/CHEMBL1204314.pdbqt"": Unknown or inappropriate tag
No valid ligands in the input directory
",2026-09-05 11:43:16
CHEMBL1204315,TDP43_v2,,,,"error:returncode=1 king/masive_als_tdp43v4/ligandos/CHEMBL1204315_out.pdbqt
Reading input ... done.


Parse error on line 78 in file ""/kaggle/working/masive_als_tdp43v4/ligandos/CHEMBL1204315.pdbqt"": Unknown or inappropriate tag
No valid ligands in the input directory
 | returncode=1 king/masive_als_tdp43v4/ligandos/CHEMBL1204315_out.pdbqt
Reading input ... done.


Parse error on line 78 in file ""/kaggle/working/masive_als_tdp43v4/ligandos/CHEMBL1204315.pdbqt"": Unknown or inappropriate tag
No valid ligands in the input directory
 | returncode=1 king/masive_als_tdp43v4/ligandos/CHEMBL1204315_out.pdbqt
Reading input ... done.


Parse error on line 78 in file ""/kaggle/working/masive_als_tdp43v4/ligandos/CHEMBL1204315.pdbqt"": Unknown or inappropriate tag
No valid ligands in the input directory
",2026-09-05 11:43:16
CHEMBL1204316,TDP43_v2,,,,"error:returncode=1 king/masive_als_tdp43v4/ligandos/CHEMBL1204316_out.pdbqt
Reading input ... done.


Parse error on line 73 in file ""/kaggle/working/masive_als_tdp43v4/ligandos/CHEMBL1204316.pdbqt"": Unknown or inappropriate tag
No valid ligands in the input directory
 | returncode=1 king/masive_als_tdp43v4/ligandos/CHEMBL1204316_out.pdbqt
Reading input ... done.


Parse error on line 73 in file ""/kaggle/working/masive_als_tdp43v4/ligandos/CHEMBL1204316.pdbqt"": Unknown or inappropriate tag
No valid ligands in the input directory
 | returncode=1 king/masive_als_tdp43v4/ligandos/CHEMBL1204316_out.pdbqt
Reading input ... done.


Parse error on line 73 in file ""/kaggle/working/masive_als_tdp43v4/ligandos/CHEMBL1204316.pdbqt"": Unknown or inappropriate tag
No valid ligands in the input directory
",2026-09-05 11:43:16
CHEMBL1204317,TDP43_v2,,,,"error:returncode=1 king/masive_als_tdp43v4/ligandos/CHEMBL1204317_out.pdbqt
Reading input ... done.


Parse error on line 80 in file ""/kaggle/working/masive_als_tdp43v4/ligandos/CHEMBL1204317.pdbqt"": Unknown or inappropriate tag
No valid ligands in the input directory
 | returncode=1 king/masive_als_tdp43v4/ligandos/CHEMBL1204317_out.pdbqt
Reading input ... done.


Parse error on line 80 in file ""/kaggle/working/masive_als_tdp43v4/ligandos/CHEMBL1204317.pdbqt"": Unknown or inappropriate tag
No valid ligands in the input directory
 | returncode=1 king/masive_als_tdp43v4/ligandos/CHEMBL1204317_out.pdbqt
Reading input ... done.


Parse error on line 80 in file ""/kaggle/working/masive_als_tdp43v4/ligandos/CHEMBL1204317.pdbqt"": Unknown or inappropriate tag
No valid ligands in the input directory
",2026-09-05 11:43:16
CHEMBL1204318,TDP43_v2,,,,"error:returncode=1 king/masive_als_tdp43v4/ligandos/CHEMBL1204318_out.pdbqt
Reading input ... done.


Parse error on line 72 in file ""/kaggle/working/masive_als_tdp43v4/ligandos/CHEMBL1204318.pdbqt"": Unknown or inappropriate tag
No valid ligands in the input directory
 | returncode=1 king/masive_als_tdp43v4/ligandos/CHEMBL1204318_out.pdbqt
Reading input ... done.


Parse error on line 72 in file ""/kaggle/working/masive_als_tdp43v4/ligandos/CHEMBL1204318.pdbqt"": Unknown or inappropriate tag
No valid ligands in the input directory
 | returncode=1 king/masive_als_tdp43v4/ligandos/CHEMBL1204318_out.pdbqt
Reading input ... done.


Parse error on line 72 in file ""/kaggle/working/masive_als_tdp43v4/ligandos/CHEMBL1204318.pdbqt"": Unknown or inappropriate tag
No valid ligands in the input directory
",2026-09-05 11:43:16
CHEMBL1204319,TDP43_v2,,,,"error:returncode=1 king/masive_als_tdp43v4/ligandos/CHEMBL1204319_out.pdbqt
Reading input ... done.


Parse error on line 73 in file ""/kaggle/working/masive_als_tdp43v4/ligandos/CHEMBL1204319.pdbqt"": Unknown or inappropriate tag
No valid ligands in the input directory
 | returncode=1 king/masive_als_tdp43v4/ligandos/CHEMBL1204319_out.pdbqt
Reading input ... done.


Parse error on line 73 in file ""/kaggle/working/masive_als_tdp43v4/ligandos/CHEMBL1204319.pdbqt"": Unknown or inappropriate tag
No valid ligands in the input directory
 | returncode=1 king/masive_als_tdp43v4/ligandos/CHEMBL1204319_out.pdbqt
Reading input ... done.


Parse error on line 73 in file ""/kaggle/working/masive_als_tdp43v4/ligandos/CHEMBL1204319.pdbqt"": Unknown or inappropriate tag
No valid ligands in the input directory
",2026-09-05 11:43:16
CHEMBL1204320,TDP43_v2,,,,"error:returncode=1 king/masive_als_tdp43v4/ligandos/CHEMBL1204320_out.pdbqt
Reading input ... done.


Parse error on line 34 in file ""/kaggle/working/masive_als_tdp43v4/ligandos/CHEMBL1204320.pdbqt"": Unknown or inappropriate tag
No valid ligands in the input directory
 | returncode=1 king/masive_als_tdp43v4/ligandos/CHEMBL1204320_out.pdbqt
Reading input ... done.


Parse error on line 34 in file ""/kaggle/working/masive_als_tdp43v4/ligandos/CHEMBL1204320.pdbqt"": Unknown or inappropriate tag
No valid ligands in the input directory
 | returncode=1 king/masive_als_tdp43v4/ligandos/CHEMBL1204320_out.pdbqt
Reading input ... done.


Parse error on line 34 in file ""/kaggle/working/masive_als_tdp43v4/ligandos/CHEMBL1204320.pdbqt"": Unknown or inappropriate tag
No valid ligands in the input directory
",2026-09-05 11:43:16
CHEMBL1204321,TDP43_v2,,,,"error:returncode=1 king/masive_als_tdp43v4/ligandos/CHEMBL1204321_out.pdbqt
Reading input ... done.


Parse error on line 32 in file ""/kaggle/working/masive_als_tdp43v4/ligandos/CHEMBL1204321.pdbqt"": Unknown or inappropriate tag
No valid ligands in the input directory
 | returncode=1 king/masive_als_tdp43v4/ligandos/CHEMBL1204321_out.pdbqt
Reading input ... done.


Parse error on line 32 in file ""/kaggle/working/masive_als_tdp43v4/ligandos/CHEMBL1204321.pdbqt"": Unknown or inappropriate tag
No valid ligands in the input directory
 | returncode=1 king/masive_als_tdp43v4/ligandos/CHEMBL1204321_out.pdbqt
Reading input ... done.


Parse error on line 32 in file ""/kaggle/working/masive_als_tdp43v4/ligandos/CHEMBL1204321.pdbqt"": Unknown or inappropriate tag
No valid ligands in the input directory
",2026-09-05 11:43:16
CHEMBL1204322,TDP43_v2,,,,"error:returncode=1 king/masive_als_tdp43v4/ligandos/CHEMBL1204322_out.pdbqt
Reading input ... done.


Parse error on line 58 in file ""/kaggle/working/masive_als_tdp43v4/ligandos/CHEMBL1204322.pdbqt"": Unknown or inappropriate tag
No valid ligands in the input directory
 | returncode=1 king/masive_als_tdp43v4/ligandos/CHEMBL1204322_out.pdbqt
Reading input ... done.


Parse error on line 58 in file ""/kaggle/working/masive_als_tdp43v4/ligandos/CHEMBL1204322.pdbqt"": Unknown or inappropriate tag
No valid ligands in the input directory
 | returncode=1 king/masive_als_tdp43v4/ligandos/CHEMBL1204322_out.pdbqt
Reading input ... done.


Parse error on line 58 in file ""/kaggle/working/masive_als_tdp43v4/ligandos/CHEMBL1204322.pdbqt"": Unknown or inappropriate tag
No valid ligands in the input directory
",2026-09-05 11:43:16
CHEMBL1204323,TDP43_v2,,,,"error:returncode=1 king/masive_als_tdp43v4/ligandos/CHEMBL1204323_out.pdbqt
Reading input ... done.


Parse error on line 50 in file ""/kaggle/working/masive_als_tdp43v4/ligandos/CHEMBL1204323.pdbqt"": Unknown or inappropriate tag
No valid ligands in the input directory
 | returncode=1 king/masive_als_tdp43v4/ligandos/CHEMBL1204323_out.pdbqt
Reading input ... done.


Parse error on line 50 in file ""/kaggle/working/masive_als_tdp43v4/ligandos/CHEMBL1204323.pdbqt"": Unknown or inappropriate tag
No valid ligands in the input directory
 | returncode=1 king/masive_als_tdp43v4/ligandos/CHEMBL1204323_out.pdbqt
Reading input ... done.


Parse error on line 50 in file ""/kaggle/working/masive_als_tdp43v4/ligandos/CHEMBL1204323.pdbqt"": Unknown or inappropriate tag
No valid ligands in the input directory
",2026-09-05 11:43:16
CHEMBL1204324,TDP43_v2,,,,"error:returncode=1 king/masive_als_tdp43v4/ligandos/CHEMBL1204324_out.pdbqt
Reading input ... done.


Parse error on line 30 in file ""/kaggle/working/masive_als_tdp43v4/ligandos/CHEMBL1204324.pdbqt"": Unknown or inappropriate tag
No valid ligands in the input directory
 | returncode=1 king/masive_als_tdp43v4/ligandos/CHEMBL1204324_out.pdbqt
Reading input ... done.


Parse error on line 30 in file ""/kaggle/working/masive_als_tdp43v4/ligandos/CHEMBL1204324.pdbqt"": Unknown or inappropriate tag
No valid ligands in the input directory
 | returncode=1 king/masive_als_tdp43v4/ligandos/CHEMBL1204324_out.pdbqt
Reading input ... done.


Parse error on line 30 in file ""/kaggle/working/masive_als_tdp43v4/ligandos/CHEMBL1204324.pdbqt"": Unknown or inappropriate tag
No valid ligands in the input directory
",2026-09-05 11:43:16
CHEMBL1204325,TDP43_v2,,,,"error:returncode=1 king/masive_als_tdp43v4/ligandos/CHEMBL1204325_out.pdbqt
Reading input ... done.


Parse error on line 65 in file ""/kaggle/working/masive_als_tdp43v4/ligandos/CHEMBL1204325.pdbqt"": Unknown or inappropriate tag
No valid ligands in the input directory
 | returncode=1 king/masive_als_tdp43v4/ligandos/CHEMBL1204325_out.pdbqt
Reading input ... done.


Parse error on line 65 in file ""/kaggle/working/masive_als_tdp43v4/ligandos/CHEMBL1204325.pdbqt"": Unknown or inappropriate tag
No valid ligands in the input directory
 | returncode=1 king/masive_als_tdp43v4/ligandos/CHEMBL1204325_out.pdbqt
Reading input ... done.


Parse error on line 65 in file ""/kaggle/working/masive_als_tdp43v4/ligandos/CHEMBL1204325.pdbqt"": Unknown or inappropriate tag
No valid ligands in the input directory
",2026-09-05 11:43:16
CHEMBL1204326,TDP43_v2,,,,"error:returncode=1 king/masive_als_tdp43v4/ligandos/CHEMBL1204326_out.pdbqt
Reading input ... done.


Parse error on line 34 in file ""/kaggle/working/masive_als_tdp43v4/ligandos/CHEMBL1204326.pdbqt"": Unknown or inappropriate tag
No valid ligands in the input directory
 | returncode=1 king/masive_als_tdp43v4/ligandos/CHEMBL1204326_out.pdbqt
Reading input ... done.


Parse error on line 34 in file ""/kaggle/working/masive_als_tdp43v4/ligandos/CHEMBL1204326.pdbqt"": Unknown or inappropriate tag
No valid ligands in the input directory
 | returncode=1 king/masive_als_tdp43v4/ligandos/CHEMBL1204326_out.pdbqt
Reading input ... done.


Parse error on line 34 in file ""/kaggle/working/masive_als_tdp43v4/ligandos/CHEMBL1204326.pdbqt"": Unknown or inappropriate tag
No valid ligands in the input directory
",2026-09-05 11:43:16
CHEMBL1204327,TDP43_v2,,,,"error:returncode=1 king/masive_als_tdp43v4/ligandos/CHEMBL1204327_out.pdbqt
Reading input ... done.


Parse error on line 26 in file ""/kaggle/working/masive_als_tdp43v4/ligandos/CHEMBL1204327.pdbqt"": Unknown or inappropriate tag
No valid ligands in the input directory
 | returncode=1 king/masive_als_tdp43v4/ligandos/CHEMBL1204327_out.pdbqt
Reading input ... done.


Parse error on line 26 in file ""/kaggle/working/masive_als_tdp43v4/ligandos/CHEMBL1204327.pdbqt"": Unknown or inappropriate tag
No valid ligands in the input directory
 | returncode=1 king/masive_als_tdp43v4/ligandos/CHEMBL1204327_out.pdbqt
Reading input ... done.


Parse error on line 26 in file ""/kaggle/working/masive_als_tdp43v4/ligandos/CHEMBL1204327.pdbqt"": Unknown or inappropriate tag
No valid ligands in the input directory
",2026-09-05 11:43:16
CHEMBL1204328,TDP43_v2,,,,"error:returncode=1 king/masive_als_tdp43v4/ligandos/CHEMBL1204328_out.pdbqt
Reading input ... done.


Parse error on line 59 in file ""/kaggle/working/masive_als_tdp43v4/ligandos/CHEMBL1204328.pdbqt"": Unknown or inappropriate tag
No valid ligands in the input directory
 | returncode=1 king/masive_als_tdp43v4/ligandos/CHEMBL1204328_out.pdbqt
Reading input ... done.


Parse error on line 59 in file ""/kaggle/working/masive_als_tdp43v4/ligandos/CHEMBL1204328.pdbqt"": Unknown or inappropriate tag
No valid ligands in the input directory
 | returncode=1 king/masive_als_tdp43v4/ligandos/CHEMBL1204328_out.pdbqt
Reading input ... done.


Parse error on line 59 in file ""/kaggle/working/masive_als_tdp43v4/ligandos/CHEMBL1204328.pdbqt"": Unknown or inappropriate tag
No valid ligands in the input directory
",2026-09-05 11:43:16
CHEMBL1204329,TDP43_v2,,,,"error:returncode=1 king/masive_als_tdp43v4/ligandos/CHEMBL1204329_out.pdbqt
Reading input ... done.


Parse error on line 73 in file ""/kaggle/working/masive_als_tdp43v4/ligandos/CHEMBL1204329.pdbqt"": Unknown or inappropriate tag
No valid ligands in the input directory
 | returncode=1 king/masive_als_tdp43v4/ligandos/CHEMBL1204329_out.pdbqt
Reading input ... done.


Parse error on line 73 in file ""/kaggle/working/masive_als_tdp43v4/ligandos/CHEMBL1204329.pdbqt"": Unknown or inappropriate tag
No valid ligands in the input directory
 | returncode=1 king/masive_als_tdp43v4/ligandos/CHEMBL1204329_out.pdbqt
Reading input ... done.


Parse error on line 73 in file ""/kaggle/working/masive_als_tdp43v4/ligandos/CHEMBL1204329.pdbqt"": Unknown or inappropriate tag
No valid ligands in the input directory
",2026-09-05 11:43:16
CHEMBL120433,TDP43_v2,-2.3,42,-2.3000;-2.2000;-2.3000,ok,2026-09-05 11:43:22
CHEMBL1204330,TDP43_v2,,,,"error:returncode=1 king/masive_als_tdp43v4/ligandos/CHEMBL1204330_out.pdbqt
Reading input ... done.


Parse error on line 26 in file ""/kaggle/working/masive_als_tdp43v4/ligandos/CHEMBL1204330.pdbqt"": Unknown or inappropriate tag
No valid ligands in the input directory
 | returncode=1 king/masive_als_tdp43v4/ligandos/CHEMBL1204330_out.pdbqt
Reading input ... done.


Parse error on line 26 in file ""/kaggle/working/masive_als_tdp43v4/ligandos/CHEMBL1204330.pdbqt"": Unknown or inappropriate tag
No valid ligands in the input directory
 | returncode=1 king/masive_als_tdp43v4/ligandos/CHEMBL1204330_out.pdbqt
Reading input ... done.


Parse error on line 26 in file ""/kaggle/working/masive_als_tdp43v4/ligandos/CHEMBL1204330.pdbqt"": Unknown or inappropriate tag
No valid ligands in the input directory
",2026-09-05 11:43:22
CHEMBL1204331,TDP43_v2,,,,"error:returncode=1 king/masive_als_tdp43v4/ligandos/CHEMBL1204331_out.pdbqt
Reading input ... done.


Parse error on line 83 in file ""/kaggle/working/masive_als_tdp43v4/ligandos/CHEMBL1204331.pdbqt"": Unknown or inappropriate tag
No valid ligands in the input directory
 | returncode=1 king/masive_als_tdp43v4/ligandos/CHEMBL1204331_out.pdbqt
Reading input ... done.


Parse error on line 83 in file ""/kaggle/working/masive_als_tdp43v4/ligandos/CHEMBL1204331.pdbqt"": Unknown or inappropriate tag
No valid ligands in the input directory
 | returncode=1 king/masive_als_tdp43v4/ligandos/CHEMBL1204331_out.pdbqt
Reading input ... done.


Parse error on line 83 in file ""/kaggle/working/masive_als_tdp43v4/ligandos/CHEMBL1204331.pdbqt"": Unknown or inappropriate tag
No valid ligands in the input directory
",2026-09-05 11:43:23
CHEMBL1204332,TDP43_v2,,,,"error:returncode=1 king/masive_als_tdp43v4/ligandos/CHEMBL1204332_out.pdbqt
Reading input ... done.


Parse error on line 63 in file ""/kaggle/working/masive_als_tdp43v4/ligandos/CHEMBL1204332.pdbqt"": Unknown or inappropriate tag
No valid ligands in the input directory
 | returncode=1 king/masive_als_tdp43v4/ligandos/CHEMBL1204332_out.pdbqt
Reading input ... done.


Parse error on line 63 in file ""/kaggle/working/masive_als_tdp43v4/ligandos/CHEMBL1204332.pdbqt"": Unknown or inappropriate tag
No valid ligands in the input directory
 | returncode=1 king/masive_als_tdp43v4/ligandos/CHEMBL1204332_out.pdbqt
Reading input ... done.


Parse error on line 63 in file ""/kaggle/working/masive_als_tdp43v4/ligandos/CHEMBL1204332.pdbqt"": Unknown or inappropriate tag
No valid ligands in the input directory
",2026-09-05 11:43:23
CHEMBL1204333,TDP43_v2,,,,"error:returncode=1 king/masive_als_tdp43v4/ligandos/CHEMBL1204333_out.pdbqt
Reading input ... done.


Parse error on line 34 in file ""/kaggle/working/masive_als_tdp43v4/ligandos/CHEMBL1204333.pdbqt"": Unknown or inappropriate tag
No valid ligands in the input directory
 | returncode=1 king/masive_als_tdp43v4/ligandos/CHEMBL1204333_out.pdbqt
Reading input ... done.


Parse error on line 34 in file ""/kaggle/working/masive_als_tdp43v4/ligandos/CHEMBL1204333.pdbqt"": Unknown or inappropriate tag
No valid ligands in the input directory
 | returncode=1 king/masive_als_tdp43v4/ligandos/CHEMBL1204333_out.pdbqt
Reading input ... done.


Parse error on line 34 in file ""/kaggle/working/masive_als_tdp43v4/ligandos/CHEMBL1204333.pdbqt"": Unknown or inappropriate tag
No valid ligands in the input directory
",2026-09-05 11:43:23
CHEMBL1204334,TDP43_v2,,,,"error:returncode=1 king/masive_als_tdp43v4/ligandos/CHEMBL1204334_out.pdbqt
Reading input ... done.


Parse error on line 56 in file ""/kaggle/working/masive_als_tdp43v4/ligandos/CHEMBL1204334.pdbqt"": Unknown or inappropriate tag
No valid ligands in the input directory
 | returncode=1 king/masive_als_tdp43v4/ligandos/CHEMBL1204334_out.pdbqt
Reading input ... done.


Parse error on line 56 in file ""/kaggle/working/masive_als_tdp43v4/ligandos/CHEMBL1204334.pdbqt"": Unknown or inappropriate tag
No valid ligands in the input directory
 | returncode=1 king/masive_als_tdp43v4/ligandos/CHEMBL1204334_out.pdbqt
Reading input ... done.


Parse error on line 56 in file ""/kaggle/working/masive_als_tdp43v4/ligandos/CHEMBL1204334.pdbqt"": Unknown or inappropriate tag
No valid ligands in the input directory
",2026-09-05 11:43:23
CHEMBL1204335,TDP43_v2,,,,"error:returncode=1 king/masive_als_tdp43v4/ligandos/CHEMBL1204335_out.pdbqt
Reading input ... done.


Parse error on line 34 in file ""/kaggle/working/masive_als_tdp43v4/ligandos/CHEMBL1204335.pdbqt"": Unknown or inappropriate tag
No valid ligands in the input directory
 | returncode=1 king/masive_als_tdp43v4/ligandos/CHEMBL1204335_out.pdbqt
Reading input ... done.


Parse error on line 34 in file ""/kaggle/working/masive_als_tdp43v4/ligandos/CHEMBL1204335.pdbqt"": Unknown or inappropriate tag
No valid ligands in the input directory
 | returncode=1 king/masive_als_tdp43v4/ligandos/CHEMBL1204335_out.pdbqt
Reading input ... done.


Parse error on line 34 in file ""/kaggle/working/masive_als_tdp43v4/ligandos/CHEMBL1204335.pdbqt"": Unknown or inappropriate tag
No valid ligands in the input directory
",2026-09-05 11:43:23
CHEMBL1204336,TDP43_v2,,,,"error:returncode=1 king/masive_als_tdp43v4/ligandos/CHEMBL1204336_out.pdbqt
Reading input ... done.


Parse error on line 16 in file ""/kaggle/working/masive_als_tdp43v4/ligandos/CHEMBL1204336.pdbqt"": Unknown or inappropriate tag
No valid ligands in the input directory
 | returncode=1 king/masive_als_tdp43v4/ligandos/CHEMBL1204336_out.pdbqt
Reading input ... done.


Parse error on line 16 in file ""/kaggle/working/masive_als_tdp43v4/ligandos/CHEMBL1204336.pdbqt"": Unknown or inappropriate tag
No valid ligands in the input directory
 | returncode=1 king/masive_als_tdp43v4/ligandos/CHEMBL1204336_out.pdbqt
Reading input ... done.


Parse error on line 16 in file ""/kaggle/working/masive_als_tdp43v4/ligandos/CHEMBL1204336.pdbqt"": Unknown or inappropriate tag
No valid ligands in the input directory
",2026-09-05 11:43:23
CHEMBL1204337,TDP43_v2,,,,"error:returncode=1 king/masive_als_tdp43v4/ligandos/CHEMBL1204337_out.pdbqt
Reading input ... done.


Parse error on line 79 in file ""/kaggle/working/masive_als_tdp43v4/ligandos/CHEMBL1204337.pdbqt"": Unknown or inappropriate tag
No valid ligands in the input directory
 | returncode=1 king/masive_als_tdp43v4/ligandos/CHEMBL1204337_out.pdbqt
Reading input ... done.


Parse error on line 79 in file ""/kaggle/working/masive_als_tdp43v4/ligandos/CHEMBL1204337.pdbqt"": Unknown or inappropriate tag
No valid ligands in the input directory
 | returncode=1 king/masive_als_tdp43v4/ligandos/CHEMBL1204337_out.pdbqt
Reading input ... done.


Parse error on line 79 in file ""/kaggle/working/masive_als_tdp43v4/ligandos/CHEMBL1204337.pdbqt"": Unknown or inappropriate tag
No valid ligands in the input directory
",2026-09-05 11:43:23
CHEMBL1204339,TDP43_v2,,,,"error:returncode=1 king/masive_als_tdp43v4/ligandos/CHEMBL1204339_out.pdbqt
Reading input ... done.


Parse error on line 16 in file ""/kaggle/working/masive_als_tdp43v4/ligandos/CHEMBL1204339.pdbqt"": Unknown or inappropriate tag
No valid ligands in the input directory
 | returncode=1 king/masive_als_tdp43v4/ligandos/CHEMBL1204339_out.pdbqt
Reading input ... done.


Parse error on line 16 in file ""/kaggle/working/masive_als_tdp43v4/ligandos/CHEMBL1204339.pdbqt"": Unknown or inappropriate tag
No valid ligands in the input directory
 | returncode=1 king/masive_als_tdp43v4/ligandos/CHEMBL1204339_out.pdbqt
Reading input ... done.


Parse error on line 16 in file ""/kaggle/working/masive_als_tdp43v4/ligandos/CHEMBL1204339.pdbqt"": Unknown or inappropriate tag
No valid ligands in the input directory
",2026-09-05 11:43:23
CHEMBL1204340,TDP43_v2,,,,"error:returncode=1 king/masive_als_tdp43v4/ligandos/CHEMBL1204340_out.pdbqt
Reading input ... done.


Parse error on line 65 in file ""/kaggle/working/masive_als_tdp43v4/ligandos/CHEMBL1204340.pdbqt"": Unknown or inappropriate tag
No valid ligands in the input directory
 | returncode=1 king/masive_als_tdp43v4/ligandos/CHEMBL1204340_out.pdbqt
Reading input ... done.


Parse error on line 65 in file ""/kaggle/working/masive_als_tdp43v4/ligandos/CHEMBL1204340.pdbqt"": Unknown or inappropriate tag
No valid ligands in the input directory
 | returncode=1 king/masive_als_tdp43v4/ligandos/CHEMBL1204340_out.pdbqt
Reading input ... done.


Parse error on line 65 in file ""/kaggle/working/masive_als_tdp43v4/ligandos/CHEMBL1204340.pdbqt"": Unknown or inappropriate tag
No valid ligands in the input directory
",2026-09-05 11:43:23
CHEMBL1204342,TDP43_v2,,,,"error:returncode=1 king/masive_als_tdp43v4/ligandos/CHEMBL1204342_out.pdbqt
Reading input ... done.


Parse error on line 89 in file ""/kaggle/working/masive_als_tdp43v4/ligandos/CHEMBL1204342.pdbqt"": Unknown or inappropriate tag
No valid ligands in the input directory
 | returncode=1 king/masive_als_tdp43v4/ligandos/CHEMBL1204342_out.pdbqt
Reading input ... done.


Parse error on line 89 in file ""/kaggle/working/masive_als_tdp43v4/ligandos/CHEMBL1204342.pdbqt"": Unknown or inappropriate tag
No valid ligands in the input directory
 | returncode=1 king/masive_als_tdp43v4/ligandos/CHEMBL1204342_out.pdbqt
Reading input ... done.


Parse error on line 89 in file ""/kaggle/working/masive_als_tdp43v4/ligandos/CHEMBL1204342.pdbqt"": Unknown or inappropriate tag
No valid ligands in the input directory
",2026-09-05 11:43:23
CHEMBL1204343,TDP43_v2,,,,"error:returncode=1 king/masive_als_tdp43v4/ligandos/CHEMBL1204343_out.pdbqt
Reading input ... done.


Parse error on line 26 in file ""/kaggle/working/masive_als_tdp43v4/ligandos/CHEMBL1204343.pdbqt"": Unknown or inappropriate tag
No valid ligands in the input directory
 | returncode=1 king/masive_als_tdp43v4/ligandos/CHEMBL1204343_out.pdbqt
Reading input ... done.


Parse error on line 26 in file ""/kaggle/working/masive_als_tdp43v4/ligandos/CHEMBL1204343.pdbqt"": Unknown or inappropriate tag
No valid ligands in the input directory
 | returncode=1 king/masive_als_tdp43v4/ligandos/CHEMBL1204343_out.pdbqt
Reading input ... done.


Parse error on line 26 in file ""/kaggle/working/masive_als_tdp43v4/ligandos/CHEMBL1204343.pdbqt"": Unknown or inappropriate tag
No valid ligands in the input directory
",2026-09-05 11:43:23
CHEMBL1204344,TDP43_v2,,,,"error:returncode=1 king/masive_als_tdp43v4/ligandos/CHEMBL1204344_out.pdbqt
Reading input ... done.


Parse error on line 40 in file ""/kaggle/working/masive_als_tdp43v4/ligandos/CHEMBL1204344.pdbqt"": Unknown or inappropriate tag
No valid ligands in the input directory
 | returncode=1 king/masive_als_tdp43v4/ligandos/CHEMBL1204344_out.pdbqt
Reading input ... done.


Parse error on line 40 in file ""/kaggle/working/masive_als_tdp43v4/ligandos/CHEMBL1204344.pdbqt"": Unknown or inappropriate tag
No valid ligands in the input directory
 | returncode=1 king/masive_als_tdp43v4/ligandos/CHEMBL1204344_out.pdbqt
Reading input ... done.


Parse error on line 40 in file ""/kaggle/working/masive_als_tdp43v4/ligandos/CHEMBL1204344.pdbqt"": Unknown or inappropriate tag
No valid ligands in the input directory
",2026-09-05 11:43:23
CHEMBL1204345,TDP43_v2,,,,"error:returncode=1 king/masive_als_tdp43v4/ligandos/CHEMBL1204345_out.pdbqt
Reading input ... done.


Parse error on line 69 in file ""/kaggle/working/masive_als_tdp43v4/ligandos/CHEMBL1204345.pdbqt"": Unknown or inappropriate tag
No valid ligands in the input directory
 | returncode=1 king/masive_als_tdp43v4/ligandos/CHEMBL1204345_out.pdbqt
Reading input ... done.


Parse error on line 69 in file ""/kaggle/working/masive_als_tdp43v4/ligandos/CHEMBL1204345.pdbqt"": Unknown or inappropriate tag
No valid ligands in the input directory
 | returncode=1 king/masive_als_tdp43v4/ligandos/CHEMBL1204345_out.pdbqt
Reading input ... done.


Parse error on line 69 in file ""/kaggle/working/masive_als_tdp43v4/ligandos/CHEMBL1204345.pdbqt"": Unknown or inappropriate tag
No valid ligands in the input directory
",2026-09-05 11:43:23
CHEMBL1204346,TDP43_v2,,,,"error:returncode=1 king/masive_als_tdp43v4/ligandos/CHEMBL1204346_out.pdbqt
Reading input ... done.


Parse error on line 26 in file ""/kaggle/working/masive_als_tdp43v4/ligandos/CHEMBL1204346.pdbqt"": Unknown or inappropriate tag
No valid ligands in the input directory
 | returncode=1 king/masive_als_tdp43v4/ligandos/CHEMBL1204346_out.pdbqt
Reading input ... done.


Parse error on line 26 in file ""/kaggle/working/masive_als_tdp43v4/ligandos/CHEMBL1204346.pdbqt"": Unknown or inappropriate tag
No valid ligands in the input directory
 | returncode=1 king/masive_als_tdp43v4/ligandos/CHEMBL1204346_out.pdbqt
Reading input ... done.


Parse error on line 26 in file ""/kaggle/working/masive_als_tdp43v4/ligandos/CHEMBL1204346.pdbqt"": Unknown or inappropriate tag
No valid ligands in the input directory
",2026-09-05 11:43:23
CHEMBL1204347,TDP43_v2,,,,"error:returncode=1 king/masive_als_tdp43v4/ligandos/CHEMBL1204347_out.pdbqt
Reading input ... done.


Parse error on line 26 in file ""/kaggle/working/masive_als_tdp43v4/ligandos/CHEMBL1204347.pdbqt"": Unknown or inappropriate tag
No valid ligands in the input directory
 | returncode=1 king/masive_als_tdp43v4/ligandos/CHEMBL1204347_out.pdbqt
Reading input ... done.


Parse error on line 26 in file ""/kaggle/working/masive_als_tdp43v4/ligandos/CHEMBL1204347.pdbqt"": Unknown or inappropriate tag
No valid ligands in the input directory
 | returncode=1 king/masive_als_tdp43v4/ligandos/CHEMBL1204347_out.pdbqt
Reading input ... done.


Parse error on line 26 in file ""/kaggle/working/masive_als_tdp43v4/ligandos/CHEMBL1204347.pdbqt"": Unknown or inappropriate tag
No valid ligands in the input directory
",2026-09-05 11:43:23
CHEMBL1204348,TDP43_v2,,,,"error:returncode=1 king/masive_als_tdp43v4/ligandos/CHEMBL1204348_out.pdbqt
Reading input ... done.


Parse error on line 68 in file ""/kaggle/working/masive_als_tdp43v4/ligandos/CHEMBL1204348.pdbqt"": Unknown or inappropriate tag
No valid ligands in the input directory
 | returncode=1 king/masive_als_tdp43v4/ligandos/CHEMBL1204348_out.pdbqt
Reading input ... done.


Parse error on line 68 in file ""/kaggle/working/masive_als_tdp43v4/ligandos/CHEMBL1204348.pdbqt"": Unknown or inappropriate tag
No valid ligands in the input directory
 | returncode=1 king/masive_als_tdp43v4/ligandos/CHEMBL1204348_out.pdbqt
Reading input ... done.


Parse error on line 68 in file ""/kaggle/working/masive_als_tdp43v4/ligandos/CHEMBL1204348.pdbqt"": Unknown or inappropriate tag
No valid ligands in the input directory
",2026-09-05 11:43:23
CHEMBL1204349,TDP43_v2,,,,"error:returncode=1 king/masive_als_tdp43v4/ligandos/CHEMBL1204349_out.pdbqt
Reading input ... done.


Parse error on line 71 in file ""/kaggle/working/masive_als_tdp43v4/ligandos/CHEMBL1204349.pdbqt"": Unknown or inappropriate tag
No valid ligands in the input directory
 | returncode=1 king/masive_als_tdp43v4/ligandos/CHEMBL1204349_out.pdbqt
Reading input ... done.


Parse error on line 71 in file ""/kaggle/working/masive_als_tdp43v4/ligandos/CHEMBL1204349.pdbqt"": Unknown or inappropriate tag
No valid ligands in the input directory
 | returncode=1 king/masive_als_tdp43v4/ligandos/CHEMBL1204349_out.pdbqt
Reading input ... done.


Parse error on line 71 in file ""/kaggle/working/masive_als_tdp43v4/ligandos/CHEMBL1204349.pdbqt"": Unknown or inappropriate tag
No valid ligands in the input directory
",2026-09-05 11:43:23
CHEMBL1204351,TDP43_v2,,,,"error:returncode=1 king/masive_als_tdp43v4/ligandos/CHEMBL1204351_out.pdbqt
Reading input ... done.


Parse error on line 70 in file ""/kaggle/working/masive_als_tdp43v4/ligandos/CHEMBL1204351.pdbqt"": Unknown or inappropriate tag
No valid ligands in the input directory
 | returncode=1 king/masive_als_tdp43v4/ligandos/CHEMBL1204351_out.pdbqt
Reading input ... done.


Parse error on line 70 in file ""/kaggle/working/masive_als_tdp43v4/ligandos/CHEMBL1204351.pdbqt"": Unknown or inappropriate tag
No valid ligands in the input directory
 | returncode=1 king/masive_als_tdp43v4/ligandos/CHEMBL1204351_out.pdbqt
Reading input ... done.


Parse error on line 70 in file ""/kaggle/working/masive_als_tdp43v4/ligandos/CHEMBL1204351.pdbqt"": Unknown or inappropriate tag
No valid ligands in the input directory
",2026-09-05 11:43:23
CHEMBL1204352,TDP43_v2,,,,"error:returncode=1 king/masive_als_tdp43v4/ligandos/CHEMBL1204352_out.pdbqt
Reading input ... done.


Parse error on line 68 in file ""/kaggle/working/masive_als_tdp43v4/ligandos/CHEMBL1204352.pdbqt"": Unknown or inappropriate tag
No valid ligands in the input directory
 | returncode=1 king/masive_als_tdp43v4/ligandos/CHEMBL1204352_out.pdbqt
Reading input ... done.


Parse error on line 68 in file ""/kaggle/working/masive_als_tdp43v4/ligandos/CHEMBL1204352.pdbqt"": Unknown or inappropriate tag
No valid ligands in the input directory
 | returncode=1 king/masive_als_tdp43v4/ligandos/CHEMBL1204352_out.pdbqt
Reading input ... done.


Parse error on line 68 in file ""/kaggle/working/masive_als_tdp43v4/ligandos/CHEMBL1204352.pdbqt"": Unknown or inappropriate tag
No valid ligands in the input directory
",2026-09-05 11:43:23
CHEMBL1204353,TDP43_v2,,,,"error:returncode=1 king/masive_als_tdp43v4/ligandos/CHEMBL1204353_out.pdbqt
Reading input ... done.


Parse error on line 34 in file ""/kaggle/working/masive_als_tdp43v4/ligandos/CHEMBL1204353.pdbqt"": Unknown or inappropriate tag
No valid ligands in the input directory
 | returncode=1 king/masive_als_tdp43v4/ligandos/CHEMBL1204353_out.pdbqt
Reading input ... done.


Parse error on line 34 in file ""/kaggle/working/masive_als_tdp43v4/ligandos/CHEMBL1204353.pdbqt"": Unknown or inappropriate tag
No valid ligands in the input directory
 | returncode=1 king/masive_als_tdp43v4/ligandos/CHEMBL1204353_out.pdbqt
Reading input ... done.


Parse error on line 34 in file ""/kaggle/working/masive_als_tdp43v4/ligandos/CHEMBL1204353.pdbqt"": Unknown or inappropriate tag
No valid ligands in the input directory
",2026-09-05 11:43:23
CHEMBL1204354,TDP43_v2,,,,"error:returncode=1 king/masive_als_tdp43v4/ligandos/CHEMBL1204354_out.pdbqt
Reading input ... done.


Parse error on line 26 in file ""/kaggle/working/masive_als_tdp43v4/ligandos/CHEMBL1204354.pdbqt"": Unknown or inappropriate tag
No valid ligands in the input directory
 | returncode=1 king/masive_als_tdp43v4/ligandos/CHEMBL1204354_out.pdbqt
Reading input ... done.


Parse error on line 26 in file ""/kaggle/working/masive_als_tdp43v4/ligandos/CHEMBL1204354.pdbqt"": Unknown or inappropriate tag
No valid ligands in the input directory
 | returncode=1 king/masive_als_tdp43v4/ligandos/CHEMBL1204354_out.pdbqt
Reading input ... done.


Parse error on line 26 in file ""/kaggle/working/masive_als_tdp43v4/ligandos/CHEMBL1204354.pdbqt"": Unknown or inappropriate tag
No valid ligands in the input directory
",2026-09-05 11:43:23
CHEMBL1204355,TDP43_v2,,,,"error:returncode=1 king/masive_als_tdp43v4/ligandos/CHEMBL1204355_out.pdbqt
Reading input ... done.


Parse error on line 20 in file ""/kaggle/working/masive_als_tdp43v4/ligandos/CHEMBL1204355.pdbqt"": Unknown or inappropriate tag
No valid ligands in the input directory
 | returncode=1 king/masive_als_tdp43v4/ligandos/CHEMBL1204355_out.pdbqt
Reading input ... done.


Parse error on line 20 in file ""/kaggle/working/masive_als_tdp43v4/ligandos/CHEMBL1204355.pdbqt"": Unknown or inappropriate tag
No valid ligands in the input directory
 | returncode=1 king/masive_als_tdp43v4/ligandos/CHEMBL1204355_out.pdbqt
Reading input ... done.


Parse error on line 20 in file ""/kaggle/working/masive_als_tdp43v4/ligandos/CHEMBL1204355.pdbqt"": Unknown or inappropriate tag
No valid ligands in the input directory
",2026-09-05 11:43:23
CHEMBL1204356,TDP43_v2,,,,"error:returncode=1 king/masive_als_tdp43v4/ligandos/CHEMBL1204356_out.pdbqt
Reading input ... done.


Parse error on line 61 in file ""/kaggle/working/masive_als_tdp43v4/ligandos/CHEMBL1204356.pdbqt"": Unknown or inappropriate tag
No valid ligands in the input directory
 | returncode=1 king/masive_als_tdp43v4/ligandos/CHEMBL1204356_out.pdbqt
Reading input ... done.


Parse error on line 61 in file ""/kaggle/working/masive_als_tdp43v4/ligandos/CHEMBL1204356.pdbqt"": Unknown or inappropriate tag
No valid ligands in the input directory
 | returncode=1 king/masive_als_tdp43v4/ligandos/CHEMBL1204356_out.pdbqt
Reading input ... done.


Parse error on line 61 in file ""/kaggle/working/masive_als_tdp43v4/ligandos/CHEMBL1204356.pdbqt"": Unknown or inappropriate tag
No valid ligands in the input directory
",2026-09-05 11:43:23
CHEMBL1204357,TDP43_v2,,,,"error:returncode=1 king/masive_als_tdp43v4/ligandos/CHEMBL1204357_out.pdbqt
Reading input ... done.


Parse error on line 58 in file ""/kaggle/working/masive_als_tdp43v4/ligandos/CHEMBL1204357.pdbqt"": Unknown or inappropriate tag
No valid ligands in the input directory
 | returncode=1 king/masive_als_tdp43v4/ligandos/CHEMBL1204357_out.pdbqt
Reading input ... done.


Parse error on line 58 in file ""/kaggle/working/masive_als_tdp43v4/ligandos/CHEMBL1204357.pdbqt"": Unknown or inappropriate tag
No valid ligands in the input directory
 | returncode=1 king/masive_als_tdp43v4/ligandos/CHEMBL1204357_out.pdbqt
Reading input ... done.


Parse error on line 58 in file ""/kaggle/working/masive_als_tdp43v4/ligandos/CHEMBL1204357.pdbqt"": Unknown or inappropriate tag
No valid ligands in the input directory
",2026-09-05 11:43:23
CHEMBL1204358,TDP43_v2,,,,"error:returncode=1 king/masive_als_tdp43v4/ligandos/CHEMBL1204358_out.pdbqt
Reading input ... done.


Parse error on line 66 in file ""/kaggle/working/masive_als_tdp43v4/ligandos/CHEMBL1204358.pdbqt"": Unknown or inappropriate tag
No valid ligands in the input directory
 | returncode=1 king/masive_als_tdp43v4/ligandos/CHEMBL1204358_out.pdbqt
Reading input ... done.


Parse error on line 66 in file ""/kaggle/working/masive_als_tdp43v4/ligandos/CHEMBL1204358.pdbqt"": Unknown or inappropriate tag
No valid ligands in the input directory
 | returncode=1 king/masive_als_tdp43v4/ligandos/CHEMBL1204358_out.pdbqt
Reading input ... done.


Parse error on line 66 in file ""/kaggle/working/masive_als_tdp43v4/ligandos/CHEMBL1204358.pdbqt"": Unknown or inappropriate tag
No valid ligands in the input directory
",2026-09-05 11:43:23
CHEMBL1204359,TDP43_v2,,,,"error:returncode=1 king/masive_als_tdp43v4/ligandos/CHEMBL1204359_out.pdbqt
Reading input ... done.


Parse error on line 63 in file ""/kaggle/working/masive_als_tdp43v4/ligandos/CHEMBL1204359.pdbqt"": Unknown or inappropriate tag
No valid ligands in the input directory
 | returncode=1 king/masive_als_tdp43v4/ligandos/CHEMBL1204359_out.pdbqt
Reading input ... done.


Parse error on line 63 in file ""/kaggle/working/masive_als_tdp43v4/ligandos/CHEMBL1204359.pdbqt"": Unknown or inappropriate tag
No valid ligands in the input directory
 | returncode=1 king/masive_als_tdp43v4/ligandos/CHEMBL1204359_out.pdbqt
Reading input ... done.


Parse error on line 63 in file ""/kaggle/working/masive_als_tdp43v4/ligandos/CHEMBL1204359.pdbqt"": Unknown or inappropriate tag
No valid ligands in the input directory
",2026-09-05 11:43:23
CHEMBL1204360,TDP43_v2,,,,"error:returncode=1 king/masive_als_tdp43v4/ligandos/CHEMBL1204360_out.pdbqt
Reading input ... done.


Parse error on line 53 in file ""/kaggle/working/masive_als_tdp43v4/ligandos/CHEMBL1204360.pdbqt"": Unknown or inappropriate tag
No valid ligands in the input directory
 | returncode=1 king/masive_als_tdp43v4/ligandos/CHEMBL1204360_out.pdbqt
Reading input ... done.


Parse error on line 53 in file ""/kaggle/working/masive_als_tdp43v4/ligandos/CHEMBL1204360.pdbqt"": Unknown or inappropriate tag
No valid ligands in the input directory
 | returncode=1 king/masive_als_tdp43v4/ligandos/CHEMBL1204360_out.pdbqt
Reading input ... done.


Parse error on line 53 in file ""/kaggle/working/masive_als_tdp43v4/ligandos/CHEMBL1204360.pdbqt"": Unknown or inappropriate tag
No valid ligands in the input directory
",2026-09-05 11:43:23
CHEMBL1204361,TDP43_v2,,,,"error:returncode=1 king/masive_als_tdp43v4/ligandos/CHEMBL1204361_out.pdbqt
Reading input ... done.


Parse error on line 22 in file ""/kaggle/working/masive_als_tdp43v4/ligandos/CHEMBL1204361.pdbqt"": Unknown or inappropriate tag
No valid ligands in the input directory
 | returncode=1 king/masive_als_tdp43v4/ligandos/CHEMBL1204361_out.pdbqt
Reading input ... done.


Parse error on line 22 in file ""/kaggle/working/masive_als_tdp43v4/ligandos/CHEMBL1204361.pdbqt"": Unknown or inappropriate tag
No valid ligands in the input directory
 | returncode=1 king/masive_als_tdp43v4/ligandos/CHEMBL1204361_out.pdbqt
Reading input ... done.


Parse error on line 22 in file ""/kaggle/working/masive_als_tdp43v4/ligandos/CHEMBL1204361.pdbqt"": Unknown or inappropriate tag
No valid ligands in the input directory
",2026-09-05 11:43:23
CHEMBL1204362,TDP43_v2,,,,"error:returncode=1 king/masive_als_tdp43v4/ligandos/CHEMBL1204362_out.pdbqt
Reading input ... done.


Parse error on line 82 in file ""/kaggle/working/masive_als_tdp43v4/ligandos/CHEMBL1204362.pdbqt"": Unknown or inappropriate tag
No valid ligands in the input directory
 | returncode=1 king/masive_als_tdp43v4/ligandos/CHEMBL1204362_out.pdbqt
Reading input ... done.


Parse error on line 82 in file ""/kaggle/working/masive_als_tdp43v4/ligandos/CHEMBL1204362.pdbqt"": Unknown or inappropriate tag
No valid ligands in the input directory
 | returncode=1 king/masive_als_tdp43v4/ligandos/CHEMBL1204362_out.pdbqt
Reading input ... done.


Parse error on line 82 in file ""/kaggle/working/masive_als_tdp43v4/ligandos/CHEMBL1204362.pdbqt"": Unknown or inappropriate tag
No valid ligands in the input directory
",2026-09-05 11:43:24
CHEMBL1204365,TDP43_v2,,,,"error:returncode=1 king/masive_als_tdp43v4/ligandos/CHEMBL1204365_out.pdbqt
Reading input ... done.


Parse error on line 67 in file ""/kaggle/working/masive_als_tdp43v4/ligandos/CHEMBL1204365.pdbqt"": Unknown or inappropriate tag
No valid ligands in the input directory
 | returncode=1 king/masive_als_tdp43v4/ligandos/CHEMBL1204365_out.pdbqt
Reading input ... done.


Parse error on line 67 in file ""/kaggle/working/masive_als_tdp43v4/ligandos/CHEMBL1204365.pdbqt"": Unknown or inappropriate tag
No valid ligands in the input directory
 | returncode=1 king/masive_als_tdp43v4/ligandos/CHEMBL1204365_out.pdbqt
Reading input ... done.


Parse error on line 67 in file ""/kaggle/working/masive_als_tdp43v4/ligandos/CHEMBL1204365.pdbqt"": Unknown or inappropriate tag
No valid ligands in the input directory
",2026-09-05 11:43:24
CHEMBL1204366,TDP43_v2,,,,"error:returncode=1 king/masive_als_tdp43v4/ligandos/CHEMBL1204366_out.pdbqt
Reading input ... done.


Parse error on line 57 in file ""/kaggle/working/masive_als_tdp43v4/ligandos/CHEMBL1204366.pdbqt"": Unknown or inappropriate tag
No valid ligands in the input directory
 | returncode=1 king/masive_als_tdp43v4/ligandos/CHEMBL1204366_out.pdbqt
Reading input ... done.


Parse error on line 57 in file ""/kaggle/working/masive_als_tdp43v4/ligandos/CHEMBL1204366.pdbqt"": Unknown or inappropriate tag
No valid ligands in the input directory
 | returncode=1 king/masive_als_tdp43v4/ligandos/CHEMBL1204366_out.pdbqt
Reading input ... done.


Parse error on line 57 in file ""/kaggle/working/masive_als_tdp43v4/ligandos/CHEMBL1204366.pdbqt"": Unknown or inappropriate tag
No valid ligands in the input directory
",2026-09-05 11:43:24
CHEMBL1204367,TDP43_v2,,,,"error:returncode=1 king/masive_als_tdp43v4/ligandos/CHEMBL1204367_out.pdbqt
Reading input ... done.


Parse error on line 71 in file ""/kaggle/working/masive_als_tdp43v4/ligandos/CHEMBL1204367.pdbqt"": Unknown or inappropriate tag
No valid ligands in the input directory
 | returncode=1 king/masive_als_tdp43v4/ligandos/CHEMBL1204367_out.pdbqt
Reading input ... done.


Parse error on line 71 in file ""/kaggle/working/masive_als_tdp43v4/ligandos/CHEMBL1204367.pdbqt"": Unknown or inappropriate tag
No valid ligands in the input directory
 | returncode=1 king/masive_als_tdp43v4/ligandos/CHEMBL1204367_out.pdbqt
Reading input ... done.


Parse error on line 71 in file ""/kaggle/working/masive_als_tdp43v4/ligandos/CHEMBL1204367.pdbqt"": Unknown or inappropriate tag
No valid ligands in the input directory
",2026-09-05 11:43:24
CHEMBL1204368,TDP43_v2,,,,"error:returncode=1 king/masive_als_tdp43v4/ligandos/CHEMBL1204368_out.pdbqt
Reading input ... done.


Parse error on line 20 in file ""/kaggle/working/masive_als_tdp43v4/ligandos/CHEMBL1204368.pdbqt"": Unknown or inappropriate tag
No valid ligands in the input directory
 | returncode=1 king/masive_als_tdp43v4/ligandos/CHEMBL1204368_out.pdbqt
Reading input ... done.


Parse error on line 20 in file ""/kaggle/working/masive_als_tdp43v4/ligandos/CHEMBL1204368.pdbqt"": Unknown or inappropriate tag
No valid ligands in the input directory
 | returncode=1 king/masive_als_tdp43v4/ligandos/CHEMBL1204368_out.pdbqt
Reading input ... done.


Parse error on line 20 in file ""/kaggle/working/masive_als_tdp43v4/ligandos/CHEMBL1204368.pdbqt"": Unknown or inappropriate tag
No valid ligands in the input directory
",2026-09-05 11:43:24
CHEMBL1204369,TDP43_v2,,,,"error:returncode=1 king/masive_als_tdp43v4/ligandos/CHEMBL1204369_out.pdbqt
Reading input ... done.


Parse error on line 26 in file ""/kaggle/working/masive_als_tdp43v4/ligandos/CHEMBL1204369.pdbqt"": Unknown or inappropriate tag
No valid ligands in the input directory
 | returncode=1 king/masive_als_tdp43v4/ligandos/CHEMBL1204369_out.pdbqt
Reading input ... done.


Parse error on line 26 in file ""/kaggle/working/masive_als_tdp43v4/ligandos/CHEMBL1204369.pdbqt"": Unknown or inappropriate tag
No valid ligands in the input directory
 | returncode=1 king/masive_als_tdp43v4/ligandos/CHEMBL1204369_out.pdbqt
Reading input ... done.


Parse error on line 26 in file ""/kaggle/working/masive_als_tdp43v4/ligandos/CHEMBL1204369.pdbqt"": Unknown or inappropriate tag
No valid ligands in the input directory
",2026-09-05 11:43:24
CHEMBL1204370,TDP43_v2,,,,"error:returncode=1 king/masive_als_tdp43v4/ligandos/CHEMBL1204370_out.pdbqt
Reading input ... done.


Parse error on line 50 in file ""/kaggle/working/masive_als_tdp43v4/ligandos/CHEMBL1204370.pdbqt"": Unknown or inappropriate tag
No valid ligands in the input directory
 | returncode=1 king/masive_als_tdp43v4/ligandos/CHEMBL1204370_out.pdbqt
Reading input ... done.


Parse error on line 50 in file ""/kaggle/working/masive_als_tdp43v4/ligandos/CHEMBL1204370.pdbqt"": Unknown or inappropriate tag
No valid ligands in the input directory
 | returncode=1 king/masive_als_tdp43v4/ligandos/CHEMBL1204370_out.pdbqt
Reading input ... done.


Parse error on line 50 in file ""/kaggle/working/masive_als_tdp43v4/ligandos/CHEMBL1204370.pdbqt"": Unknown or inappropriate tag
No valid ligands in the input directory
",2026-09-05 11:43:24
CHEMBL1204371,TDP43_v2,,,,"error:returncode=1 king/masive_als_tdp43v4/ligandos/CHEMBL1204371_out.pdbqt
Reading input ... done.


Parse error on line 87 in file ""/kaggle/working/masive_als_tdp43v4/ligandos/CHEMBL1204371.pdbqt"": Unknown or inappropriate tag
No valid ligands in the input directory
 | returncode=1 king/masive_als_tdp43v4/ligandos/CHEMBL1204371_out.pdbqt
Reading input ... done.


Parse error on line 87 in file ""/kaggle/working/masive_als_tdp43v4/ligandos/CHEMBL1204371.pdbqt"": Unknown or inappropriate tag
No valid ligands in the input directory
 | returncode=1 king/masive_als_tdp43v4/ligandos/CHEMBL1204371_out.pdbqt
Reading input ... done.


Parse error on line 87 in file ""/kaggle/working/masive_als_tdp43v4/ligandos/CHEMBL1204371.pdbqt"": Unknown or inappropriate tag
No valid ligands in the input directory
",2026-09-05 11:43:24
CHEMBL1204372,TDP43_v2,,,,"error:returncode=1 king/masive_als_tdp43v4/ligandos/CHEMBL1204372_out.pdbqt
Reading input ... done.


Parse error on line 87 in file ""/kaggle/working/masive_als_tdp43v4/ligandos/CHEMBL1204372.pdbqt"": Unknown or inappropriate tag
No valid ligands in the input directory
 | returncode=1 king/masive_als_tdp43v4/ligandos/CHEMBL1204372_out.pdbqt
Reading input ... done.


Parse error on line 87 in file ""/kaggle/working/masive_als_tdp43v4/ligandos/CHEMBL1204372.pdbqt"": Unknown or inappropriate tag
No valid ligands in the input directory
 | returncode=1 king/masive_als_tdp43v4/ligandos/CHEMBL1204372_out.pdbqt
Reading input ... done.


Parse error on line 87 in file ""/kaggle/working/masive_als_tdp43v4/ligandos/CHEMBL1204372.pdbqt"": Unknown or inappropriate tag
No valid ligands in the input directory
",2026-09-05 11:43:24
CHEMBL1204373,TDP43_v2,,,,"error:returncode=1 king/masive_als_tdp43v4/ligandos/CHEMBL1204373_out.pdbqt
Reading input ... done.


Parse error on line 86 in file ""/kaggle/working/masive_als_tdp43v4/ligandos/CHEMBL1204373.pdbqt"": Unknown or inappropriate tag
No valid ligands in the input directory
 | returncode=1 king/masive_als_tdp43v4/ligandos/CHEMBL1204373_out.pdbqt
Reading input ... done.


Parse error on line 86 in file ""/kaggle/working/masive_als_tdp43v4/ligandos/CHEMBL1204373.pdbqt"": Unknown or inappropriate tag
No valid ligands in the input directory
 | returncode=1 king/masive_als_tdp43v4/ligandos/CHEMBL1204373_out.pdbqt
Reading input ... done.


Parse error on line 86 in file ""/kaggle/working/masive_als_tdp43v4/ligandos/CHEMBL1204373.pdbqt"": Unknown or inappropriate tag
No valid ligands in the input directory
",2026-09-05 11:43:24
CHEMBL1204375,TDP43_v2,,,,"error:returncode=1 king/masive_als_tdp43v4/ligandos/CHEMBL1204375_out.pdbqt
Reading input ... done.


Parse error on line 77 in file ""/kaggle/working/masive_als_tdp43v4/ligandos/CHEMBL1204375.pdbqt"": Unknown or inappropriate tag
No valid ligands in the input directory
 | returncode=1 king/masive_als_tdp43v4/ligandos/CHEMBL1204375_out.pdbqt
Reading input ... done.


Parse error on line 77 in file ""/kaggle/working/masive_als_tdp43v4/ligandos/CHEMBL1204375.pdbqt"": Unknown or inappropriate tag
No valid ligands in the input directory
 | returncode=1 king/masive_als_tdp43v4/ligandos/CHEMBL1204375_out.pdbqt
Reading input ... done.


Parse error on line 77 in file ""/kaggle/working/masive_als_tdp43v4/ligandos/CHEMBL1204375.pdbqt"": Unknown or inappropriate tag
No valid ligands in the input directory
",2026-09-05 11:43:24
CHEMBL1204376,TDP43_v2,,,,"error:returncode=1 king/masive_als_tdp43v4/ligandos/CHEMBL1204376_out.pdbqt
Reading input ... done.


Parse error on line 76 in file ""/kaggle/working/masive_als_tdp43v4/ligandos/CHEMBL1204376.pdbqt"": Unknown or inappropriate tag
No valid ligands in the input directory
 | returncode=1 king/masive_als_tdp43v4/ligandos/CHEMBL1204376_out.pdbqt
Reading input ... done.


Parse error on line 76 in file ""/kaggle/working/masive_als_tdp43v4/ligandos/CHEMBL1204376.pdbqt"": Unknown or inappropriate tag
No valid ligands in the input directory
 | returncode=1 king/masive_als_tdp43v4/ligandos/CHEMBL1204376_out.pdbqt
Reading input ... done.


Parse error on line 76 in file ""/kaggle/working/masive_als_tdp43v4/ligandos/CHEMBL1204376.pdbqt"": Unknown or inappropriate tag
No valid ligands in the input directory
",2026-09-05 11:43:24
CHEMBL1204377,TDP43_v2,,,,"error:returncode=1 king/masive_als_tdp43v4/ligandos/CHEMBL1204377_out.pdbqt
Reading input ... done.


Parse error on line 78 in file ""/kaggle/working/masive_als_tdp43v4/ligandos/CHEMBL1204377.pdbqt"": Unknown or inappropriate tag
No valid ligands in the input directory
 | returncode=1 king/masive_als_tdp43v4/ligandos/CHEMBL1204377_out.pdbqt
Reading input ... done.


Parse error on line 78 in file ""/kaggle/working/masive_als_tdp43v4/ligandos/CHEMBL1204377.pdbqt"": Unknown or inappropriate tag
No valid ligands in the input directory
 | returncode=1 king/masive_als_tdp43v4/ligandos/CHEMBL1204377_out.pdbqt
Reading input ... done.


Parse error on line 78 in file ""/kaggle/working/masive_als_tdp43v4/ligandos/CHEMBL1204377.pdbqt"": Unknown or inappropriate tag
No valid ligands in the input directory
",2026-09-05 11:43:24
CHEMBL1204378,TDP43_v2,,,,"error:returncode=1 king/masive_als_tdp43v4/ligandos/CHEMBL1204378_out.pdbqt
Reading input ... done.


Parse error on line 76 in file ""/kaggle/working/masive_als_tdp43v4/ligandos/CHEMBL1204378.pdbqt"": Unknown or inappropriate tag
No valid ligands in the input directory
 | returncode=1 king/masive_als_tdp43v4/ligandos/CHEMBL1204378_out.pdbqt
Reading input ... done.


Parse error on line 76 in file ""/kaggle/working/masive_als_tdp43v4/ligandos/CHEMBL1204378.pdbqt"": Unknown or inappropriate tag
No valid ligands in the input directory
 | returncode=1 king/masive_als_tdp43v4/ligandos/CHEMBL1204378_out.pdbqt
Reading input ... done.


Parse error on line 76 in file ""/kaggle/working/masive_als_tdp43v4/ligandos/CHEMBL1204378.pdbqt"": Unknown or inappropriate tag
No valid ligands in the input directory
",2026-09-05 11:43:24
CHEMBL1204379,TDP43_v2,,,,"error:returncode=1 king/masive_als_tdp43v4/ligandos/CHEMBL1204379_out.pdbqt
Reading input ... done.


Parse error on line 81 in file ""/kaggle/working/masive_als_tdp43v4/ligandos/CHEMBL1204379.pdbqt"": Unknown or inappropriate tag
No valid ligands in the input directory
 | returncode=1 king/masive_als_tdp43v4/ligandos/CHEMBL1204379_out.pdbqt
Reading input ... done.


Parse error on line 81 in file ""/kaggle/working/masive_als_tdp43v4/ligandos/CHEMBL1204379.pdbqt"": Unknown or inappropriate tag
No valid ligands in the input directory
 | returncode=1 king/masive_als_tdp43v4/ligandos/CHEMBL1204379_out.pdbqt
Reading input ... done.


Parse error on line 81 in file ""/kaggle/working/masive_als_tdp43v4/ligandos/CHEMBL1204379.pdbqt"": Unknown or inappropriate tag
No valid ligands in the input directory
",2026-09-05 11:43:24
CHEMBL1204380,TDP43_v2,,,,"error:returncode=1 king/masive_als_tdp43v4/ligandos/CHEMBL1204380_out.pdbqt
Reading input ... done.


Parse error on line 48 in file ""/kaggle/working/masive_als_tdp43v4/ligandos/CHEMBL1204380.pdbqt"": Unknown or inappropriate tag
No valid ligands in the input directory
 | returncode=1 king/masive_als_tdp43v4/ligandos/CHEMBL1204380_out.pdbqt
Reading input ... done.


Parse error on line 48 in file ""/kaggle/working/masive_als_tdp43v4/ligandos/CHEMBL1204380.pdbqt"": Unknown or inappropriate tag
No valid ligands in the input directory
 | returncode=1 king/masive_als_tdp43v4/ligandos/CHEMBL1204380_out.pdbqt
Reading input ... done.


Parse error on line 48 in file ""/kaggle/working/masive_als_tdp43v4/ligandos/CHEMBL1204380.pdbqt"": Unknown or inappropriate tag
No valid ligands in the input directory
",2026-09-05 11:43:24
CHEMBL1204382,TDP43_v2,,,,"error:returncode=1 king/masive_als_tdp43v4/ligandos/CHEMBL1204382_out.pdbqt
Reading input ... done.


Parse error on line 28 in file ""/kaggle/working/masive_als_tdp43v4/ligandos/CHEMBL1204382.pdbqt"": Unknown or inappropriate tag
No valid ligands in the input directory
 | returncode=1 king/masive_als_tdp43v4/ligandos/CHEMBL1204382_out.pdbqt
Reading input ... done.


Parse error on line 28 in file ""/kaggle/working/masive_als_tdp43v4/ligandos/CHEMBL1204382.pdbqt"": Unknown or inappropriate tag
No valid ligands in the input directory
 | returncode=1 king/masive_als_tdp43v4/ligandos/CHEMBL1204382_out.pdbqt
Reading input ... done.


Parse error on line 28 in file ""/kaggle/working/masive_als_tdp43v4/ligandos/CHEMBL1204382.pdbqt"": Unknown or inappropriate tag
No valid ligands in the input directory
",2026-09-05 11:43:24
CHEMBL1204383,TDP43_v2,,,,"error:returncode=1 king/masive_als_tdp43v4/ligandos/CHEMBL1204383_out.pdbqt
Reading input ... done.


Parse error on line 38 in file ""/kaggle/working/masive_als_tdp43v4/ligandos/CHEMBL1204383.pdbqt"": Unknown or inappropriate tag
No valid ligands in the input directory
 | returncode=1 king/masive_als_tdp43v4/ligandos/CHEMBL1204383_out.pdbqt
Reading input ... done.


Parse error on line 38 in file ""/kaggle/working/masive_als_tdp43v4/ligandos/CHEMBL1204383.pdbqt"": Unknown or inappropriate tag
No valid ligands in the input directory
 | returncode=1 king/masive_als_tdp43v4/ligandos/CHEMBL1204383_out.pdbqt
Reading input ... done.


Parse error on line 38 in file ""/kaggle/working/masive_als_tdp43v4/ligandos/CHEMBL1204383.pdbqt"": Unknown or inappropriate tag
No valid ligands in the input directory
",2026-09-05 11:43:24
CHEMBL1204384,TDP43_v2,,,,"error:returncode=1 king/masive_als_tdp43v4/ligandos/CHEMBL1204384_out.pdbqt
Reading input ... done.


Parse error on line 18 in file ""/kaggle/working/masive_als_tdp43v4/ligandos/CHEMBL1204384.pdbqt"": Unknown or inappropriate tag
No valid ligands in the input directory
 | returncode=1 king/masive_als_tdp43v4/ligandos/CHEMBL1204384_out.pdbqt
Reading input ... done.


Parse error on line 18 in file ""/kaggle/working/masive_als_tdp43v4/ligandos/CHEMBL1204384.pdbqt"": Unknown or inappropriate tag
No valid ligands in the input directory
 | returncode=1 king/masive_als_tdp43v4/ligandos/CHEMBL1204384_out.pdbqt
Reading input ... done.


Parse error on line 18 in file ""/kaggle/working/masive_als_tdp43v4/ligandos/CHEMBL1204384.pdbqt"": Unknown or inappropriate tag
No valid ligands in the input directory
",2026-09-05 11:43:24
CHEMBL1204385,TDP43_v2,,,,"error:returncode=1 king/masive_als_tdp43v4/ligandos/CHEMBL1204385_out.pdbqt
Reading input ... done.


Parse error on line 75 in file ""/kaggle/working/masive_als_tdp43v4/ligandos/CHEMBL1204385.pdbqt"": Unknown or inappropriate tag
No valid ligands in the input directory
 | returncode=1 king/masive_als_tdp43v4/ligandos/CHEMBL1204385_out.pdbqt
Reading input ... done.


Parse error on line 75 in file ""/kaggle/working/masive_als_tdp43v4/ligandos/CHEMBL1204385.pdbqt"": Unknown or inappropriate tag
No valid ligands in the input directory
 | returncode=1 king/masive_als_tdp43v4/ligandos/CHEMBL1204385_out.pdbqt
Reading input ... done.


Parse error on line 75 in file ""/kaggle/working/masive_als_tdp43v4/ligandos/CHEMBL1204385.pdbqt"": Unknown or inappropriate tag
No valid ligands in the input directory
",2026-09-05 11:43:24
CHEMBL1204386,TDP43_v2,,,,"error:returncode=1 king/masive_als_tdp43v4/ligandos/CHEMBL1204386_out.pdbqt
Reading input ... done.


Parse error on line 22 in file ""/kaggle/working/masive_als_tdp43v4/ligandos/CHEMBL1204386.pdbqt"": Unknown or inappropriate tag
No valid ligands in the input directory
 | returncode=1 king/masive_als_tdp43v4/ligandos/CHEMBL1204386_out.pdbqt
Reading input ... done.


Parse error on line 22 in file ""/kaggle/working/masive_als_tdp43v4/ligandos/CHEMBL1204386.pdbqt"": Unknown or inappropriate tag
No valid ligands in the input directory
 | returncode=1 king/masive_als_tdp43v4/ligandos/CHEMBL1204386_out.pdbqt
Reading input ... done.


Parse error on line 22 in file ""/kaggle/working/masive_als_tdp43v4/ligandos/CHEMBL1204386.pdbqt"": Unknown or inappropriate tag
No valid ligands in the input directory
",2026-09-05 11:43:24
CHEMBL1204387,TDP43_v2,,,,"error:returncode=1 king/masive_als_tdp43v4/ligandos/CHEMBL1204387_out.pdbqt
Reading input ... done.


Parse error on line 65 in file ""/kaggle/working/masive_als_tdp43v4/ligandos/CHEMBL1204387.pdbqt"": Unknown or inappropriate tag
No valid ligands in the input directory
 | returncode=1 king/masive_als_tdp43v4/ligandos/CHEMBL1204387_out.pdbqt
Reading input ... done.


Parse error on line 65 in file ""/kaggle/working/masive_als_tdp43v4/ligandos/CHEMBL1204387.pdbqt"": Unknown or inappropriate tag
No valid ligands in the input directory
 | returncode=1 king/masive_als_tdp43v4/ligandos/CHEMBL1204387_out.pdbqt
Reading input ... done.


Parse error on line 65 in file ""/kaggle/working/masive_als_tdp43v4/ligandos/CHEMBL1204387.pdbqt"": Unknown or inappropriate tag
No valid ligands in the input directory
",2026-09-05 11:43:24
CHEMBL1204388,TDP43_v2,,,,"error:returncode=1 king/masive_als_tdp43v4/ligandos/CHEMBL1204388_out.pdbqt
Reading input ... done.


Parse error on line 43 in file ""/kaggle/working/masive_als_tdp43v4/ligandos/CHEMBL1204388.pdbqt"": Unknown or inappropriate tag
No valid ligands in the input directory
 | returncode=1 king/masive_als_tdp43v4/ligandos/CHEMBL1204388_out.pdbqt
Reading input ... done.


Parse error on line 43 in file ""/kaggle/working/masive_als_tdp43v4/ligandos/CHEMBL1204388.pdbqt"": Unknown or inappropriate tag
No valid ligands in the input directory
 | returncode=1 king/masive_als_tdp43v4/ligandos/CHEMBL1204388_out.pdbqt
Reading input ... done.


Parse error on line 43 in file ""/kaggle/working/masive_als_tdp43v4/ligandos/CHEMBL1204388.pdbqt"": Unknown or inappropriate tag
No valid ligands in the input directory
",2026-09-05 11:43:24
CHEMBL1204389,TDP43_v2,,,,"error:returncode=1 king/masive_als_tdp43v4/ligandos/CHEMBL1204389_out.pdbqt
Reading input ... done.


Parse error on line 73 in file ""/kaggle/working/masive_als_tdp43v4/ligandos/CHEMBL1204389.pdbqt"": Unknown or inappropriate tag
No valid ligands in the input directory
 | returncode=1 king/masive_als_tdp43v4/ligandos/CHEMBL1204389_out.pdbqt
Reading input ... done.


Parse error on line 73 in file ""/kaggle/working/masive_als_tdp43v4/ligandos/CHEMBL1204389.pdbqt"": Unknown or inappropriate tag
No valid ligands in the input directory
 | returncode=1 king/masive_als_tdp43v4/ligandos/CHEMBL1204389_out.pdbqt
Reading input ... done.


Parse error on line 73 in file ""/kaggle/working/masive_als_tdp43v4/ligandos/CHEMBL1204389.pdbqt"": Unknown or inappropriate tag
No valid ligands in the input directory
",2026-09-05 11:43:24
CHEMBL1204390,TDP43_v2,,,,"error:returncode=1 king/masive_als_tdp43v4/ligandos/CHEMBL1204390_out.pdbqt
Reading input ... done.


Parse error on line 51 in file ""/kaggle/working/masive_als_tdp43v4/ligandos/CHEMBL1204390.pdbqt"": Unknown or inappropriate tag
No valid ligands in the input directory
 | returncode=1 king/masive_als_tdp43v4/ligandos/CHEMBL1204390_out.pdbqt
Reading input ... done.


Parse error on line 51 in file ""/kaggle/working/masive_als_tdp43v4/ligandos/CHEMBL1204390.pdbqt"": Unknown or inappropriate tag
No valid ligands in the input directory
 | returncode=1 king/masive_als_tdp43v4/ligandos/CHEMBL1204390_out.pdbqt
Reading input ... done.


Parse error on line 51 in file ""/kaggle/working/masive_als_tdp43v4/ligandos/CHEMBL1204390.pdbqt"": Unknown or inappropriate tag
No valid ligands in the input directory
",2026-09-05 11:43:24
CHEMBL1204391,TDP43_v2,,,,"error:returncode=1 king/masive_als_tdp43v4/ligandos/CHEMBL1204391_out.pdbqt
Reading input ... done.


Parse error on line 38 in file ""/kaggle/working/masive_als_tdp43v4/ligandos/CHEMBL1204391.pdbqt"": Unknown or inappropriate tag
No valid ligands in the input directory
 | returncode=1 king/masive_als_tdp43v4/ligandos/CHEMBL1204391_out.pdbqt
Reading input ... done.


Parse error on line 38 in file ""/kaggle/working/masive_als_tdp43v4/ligandos/CHEMBL1204391.pdbqt"": Unknown or inappropriate tag
No valid ligands in the input directory
 | returncode=1 king/masive_als_tdp43v4/ligandos/CHEMBL1204391_out.pdbqt
Reading input ... done.


Parse error on line 38 in file ""/kaggle/working/masive_als_tdp43v4/ligandos/CHEMBL1204391.pdbqt"": Unknown or inappropriate tag
No valid ligands in the input directory
",2026-09-05 11:43:24
CHEMBL1204392,TDP43_v2,,,,"error:returncode=1 king/masive_als_tdp43v4/ligandos/CHEMBL1204392_out.pdbqt
Reading input ... done.


Parse error on line 38 in file ""/kaggle/working/masive_als_tdp43v4/ligandos/CHEMBL1204392.pdbqt"": Unknown or inappropriate tag
No valid ligands in the input directory
 | returncode=1 king/masive_als_tdp43v4/ligandos/CHEMBL1204392_out.pdbqt
Reading input ... done.


Parse error on line 38 in file ""/kaggle/working/masive_als_tdp43v4/ligandos/CHEMBL1204392.pdbqt"": Unknown or inappropriate tag
No valid ligands in the input directory
 | returncode=1 king/masive_als_tdp43v4/ligandos/CHEMBL1204392_out.pdbqt
Reading input ... done.


Parse error on line 38 in file ""/kaggle/working/masive_als_tdp43v4/ligandos/CHEMBL1204392.pdbqt"": Unknown or inappropriate tag
No valid ligands in the input directory
",2026-09-05 11:43:24
CHEMBL1204393,TDP43_v2,,,,"error:returncode=1 king/masive_als_tdp43v4/ligandos/CHEMBL1204393_out.pdbqt
Reading input ... done.


Parse error on line 18 in file ""/kaggle/working/masive_als_tdp43v4/ligandos/CHEMBL1204393.pdbqt"": Unknown or inappropriate tag
No valid ligands in the input directory
 | returncode=1 king/masive_als_tdp43v4/ligandos/CHEMBL1204393_out.pdbqt
Reading input ... done.


Parse error on line 18 in file ""/kaggle/working/masive_als_tdp43v4/ligandos/CHEMBL1204393.pdbqt"": Unknown or inappropriate tag
No valid ligands in the input directory
 | returncode=1 king/masive_als_tdp43v4/ligandos/CHEMBL1204393_out.pdbqt
Reading input ... done.


Parse error on line 18 in file ""/kaggle/working/masive_als_tdp43v4/ligandos/CHEMBL1204393.pdbqt"": Unknown or inappropriate tag
No valid ligands in the input directory
",2026-09-05 11:43:24
CHEMBL1204394,TDP43_v2,,,,"error:returncode=1 king/masive_als_tdp43v4/ligandos/CHEMBL1204394_out.pdbqt
Reading input ... done.


Parse error on line 18 in file ""/kaggle/working/masive_als_tdp43v4/ligandos/CHEMBL1204394.pdbqt"": Unknown or inappropriate tag
No valid ligands in the input directory
 | returncode=1 king/masive_als_tdp43v4/ligandos/CHEMBL1204394_out.pdbqt
Reading input ... done.


Parse error on line 18 in file ""/kaggle/working/masive_als_tdp43v4/ligandos/CHEMBL1204394.pdbqt"": Unknown or inappropriate tag
No valid ligands in the input directory
 | returncode=1 king/masive_als_tdp43v4/ligandos/CHEMBL1204394_out.pdbqt
Reading input ... done.


Parse error on line 18 in file ""/kaggle/working/masive_als_tdp43v4/ligandos/CHEMBL1204394.pdbqt"": Unknown or inappropriate tag
No valid ligands in the input directory
",2026-09-05 11:43:25
CHEMBL1204395,TDP43_v2,,,,"error:returncode=1 king/masive_als_tdp43v4/ligandos/CHEMBL1204395_out.pdbqt
Reading input ... done.


Parse error on line 35 in file ""/kaggle/working/masive_als_tdp43v4/ligandos/CHEMBL1204395.pdbqt"": Unknown or inappropriate tag
No valid ligands in the input directory
 | returncode=1 king/masive_als_tdp43v4/ligandos/CHEMBL1204395_out.pdbqt
Reading input ... done.


Parse error on line 35 in file ""/kaggle/working/masive_als_tdp43v4/ligandos/CHEMBL1204395.pdbqt"": Unknown or inappropriate tag
No valid ligands in the input directory
 | returncode=1 king/masive_als_tdp43v4/ligandos/CHEMBL1204395_out.pdbqt
Reading input ... done.


Parse error on line 35 in file ""/kaggle/working/masive_als_tdp43v4/ligandos/CHEMBL1204395.pdbqt"": Unknown or inappropriate tag
No valid ligands in the input directory
",2026-09-05 11:43:25
CHEMBL1204396,TDP43_v2,,,,"error:returncode=1 king/masive_als_tdp43v4/ligandos/CHEMBL1204396_out.pdbqt
Reading input ... done.


Parse error on line 40 in file ""/kaggle/working/masive_als_tdp43v4/ligandos/CHEMBL1204396.pdbqt"": Unknown or inappropriate tag
No valid ligands in the input directory
 | returncode=1 king/masive_als_tdp43v4/ligandos/CHEMBL1204396_out.pdbqt
Reading input ... done.


Parse error on line 40 in file ""/kaggle/working/masive_als_tdp43v4/ligandos/CHEMBL1204396.pdbqt"": Unknown or inappropriate tag
No valid ligands in the input directory
 | returncode=1 king/masive_als_tdp43v4/ligandos/CHEMBL1204396_out.pdbqt
Reading input ... done.


Parse error on line 40 in file ""/kaggle/working/masive_als_tdp43v4/ligandos/CHEMBL1204396.pdbqt"": Unknown or inappropriate tag
No valid ligands in the input directory
",2026-09-05 11:43:25
CHEMBL1204397,TDP43_v2,,,,"error:returncode=1 king/masive_als_tdp43v4/ligandos/CHEMBL1204397_out.pdbqt
Reading input ... done.


Parse error on line 22 in file ""/kaggle/working/masive_als_tdp43v4/ligandos/CHEMBL1204397.pdbqt"": Unknown or inappropriate tag
No valid ligands in the input directory
 | returncode=1 king/masive_als_tdp43v4/ligandos/CHEMBL1204397_out.pdbqt
Reading input ... done.


Parse error on line 22 in file ""/kaggle/working/masive_als_tdp43v4/ligandos/CHEMBL1204397.pdbqt"": Unknown or inappropriate tag
No valid ligands in the input directory
 | returncode=1 king/masive_als_tdp43v4/ligandos/CHEMBL1204397_out.pdbqt
Reading input ... done.


Parse error on line 22 in file ""/kaggle/working/masive_als_tdp43v4/ligandos/CHEMBL1204397.pdbqt"": Unknown or inappropriate tag
No valid ligands in the input directory
",2026-09-05 11:43:25
CHEMBL1204398,TDP43_v2,,,,"error:returncode=1 king/masive_als_tdp43v4/ligandos/CHEMBL1204398_out.pdbqt
Reading input ... done.


Parse error on line 18 in file ""/kaggle/working/masive_als_tdp43v4/ligandos/CHEMBL1204398.pdbqt"": Unknown or inappropriate tag
No valid ligands in the input directory
 | returncode=1 king/masive_als_tdp43v4/ligandos/CHEMBL1204398_out.pdbqt
Reading input ... done.


Parse error on line 18 in file ""/kaggle/working/masive_als_tdp43v4/ligandos/CHEMBL1204398.pdbqt"": Unknown or inappropriate tag
No valid ligands in the input directory
 | returncode=1 king/masive_als_tdp43v4/ligandos/CHEMBL1204398_out.pdbqt
Reading input ... done.


Parse error on line 18 in file ""/kaggle/working/masive_als_tdp43v4/ligandos/CHEMBL1204398.pdbqt"": Unknown or inappropriate tag
No valid ligands in the input directory
",2026-09-05 11:43:25
CHEMBL1204399,TDP43_v2,,,,"error:returncode=1 king/masive_als_tdp43v4/ligandos/CHEMBL1204399_out.pdbqt
Reading input ... done.


Parse error on line 60 in file ""/kaggle/working/masive_als_tdp43v4/ligandos/CHEMBL1204399.pdbqt"": Unknown or inappropriate tag
No valid ligands in the input directory
 | returncode=1 king/masive_als_tdp43v4/ligandos/CHEMBL1204399_out.pdbqt
Reading input ... done.


Parse error on line 60 in file ""/kaggle/working/masive_als_tdp43v4/ligandos/CHEMBL1204399.pdbqt"": Unknown or inappropriate tag
No valid ligands in the input directory
 | returncode=1 king/masive_als_tdp43v4/ligandos/CHEMBL1204399_out.pdbqt
Reading input ... done.


Parse error on line 60 in file ""/kaggle/working/masive_als_tdp43v4/ligandos/CHEMBL1204399.pdbqt"": Unknown or inappropriate tag
No valid ligands in the input directory
",2026-09-05 11:43:25
CHEMBL1204400,TDP43_v2,,,,"error:returncode=1 king/masive_als_tdp43v4/ligandos/CHEMBL1204400_out.pdbqt
Reading input ... done.


Parse error on line 28 in file ""/kaggle/working/masive_als_tdp43v4/ligandos/CHEMBL1204400.pdbqt"": Unknown or inappropriate tag
No valid ligands in the input directory
 | returncode=1 king/masive_als_tdp43v4/ligandos/CHEMBL1204400_out.pdbqt
Reading input ... done.


Parse error on line 28 in file ""/kaggle/working/masive_als_tdp43v4/ligandos/CHEMBL1204400.pdbqt"": Unknown or inappropriate tag
No valid ligands in the input directory
 | returncode=1 king/masive_als_tdp43v4/ligandos/CHEMBL1204400_out.pdbqt
Reading input ... done.


Parse error on line 28 in file ""/kaggle/working/masive_als_tdp43v4/ligandos/CHEMBL1204400.pdbqt"": Unknown or inappropriate tag
No valid ligands in the input directory
",2026-09-05 11:43:25
CHEMBL1204401,TDP43_v2,,,,"error:returncode=1 king/masive_als_tdp43v4/ligandos/CHEMBL1204401_out.pdbqt
Reading input ... done.


Parse error on line 26 in file ""/kaggle/working/masive_als_tdp43v4/ligandos/CHEMBL1204401.pdbqt"": Unknown or inappropriate tag
No valid ligands in the input directory
 | returncode=1 king/masive_als_tdp43v4/ligandos/CHEMBL1204401_out.pdbqt
Reading input ... done.


Parse error on line 26 in file ""/kaggle/working/masive_als_tdp43v4/ligandos/CHEMBL1204401.pdbqt"": Unknown or inappropriate tag
No valid ligands in the input directory
 | returncode=1 king/masive_als_tdp43v4/ligandos/CHEMBL1204401_out.pdbqt
Reading input ... done.


Parse error on line 26 in file ""/kaggle/working/masive_als_tdp43v4/ligandos/CHEMBL1204401.pdbqt"": Unknown or inappropriate tag
No valid ligands in the input directory
",2026-09-05 11:43:25
CHEMBL1204402,TDP43_v2,,,,"error:returncode=1 king/masive_als_tdp43v4/ligandos/CHEMBL1204402_out.pdbqt
Reading input ... done.


Parse error on line 18 in file ""/kaggle/working/masive_als_tdp43v4/ligandos/CHEMBL1204402.pdbqt"": Unknown or inappropriate tag
No valid ligands in the input directory
 | returncode=1 king/masive_als_tdp43v4/ligandos/CHEMBL1204402_out.pdbqt
Reading input ... done.


Parse error on line 18 in file ""/kaggle/working/masive_als_tdp43v4/ligandos/CHEMBL1204402.pdbqt"": Unknown or inappropriate tag
No valid ligands in the input directory
 | returncode=1 king/masive_als_tdp43v4/ligandos/CHEMBL1204402_out.pdbqt
Reading input ... done.


Parse error on line 18 in file ""/kaggle/working/masive_als_tdp43v4/ligandos/CHEMBL1204402.pdbqt"": Unknown or inappropriate tag
No valid ligands in the input directory
",2026-09-05 11:43:25
CHEMBL1204404,TDP43_v2,,,,"error:returncode=1 king/masive_als_tdp43v4/ligandos/CHEMBL1204404_out.pdbqt
Reading input ... done.


Parse error on line 74 in file ""/kaggle/working/masive_als_tdp43v4/ligandos/CHEMBL1204404.pdbqt"": Unknown or inappropriate tag
No valid ligands in the input directory
 | returncode=1 king/masive_als_tdp43v4/ligandos/CHEMBL1204404_out.pdbqt
Reading input ... done.


Parse error on line 74 in file ""/kaggle/working/masive_als_tdp43v4/ligandos/CHEMBL1204404.pdbqt"": Unknown or inappropriate tag
No valid ligands in the input directory
 | returncode=1 king/masive_als_tdp43v4/ligandos/CHEMBL1204404_out.pdbqt
Reading input ... done.


Parse error on line 74 in file ""/kaggle/working/masive_als_tdp43v4/ligandos/CHEMBL1204404.pdbqt"": Unknown or inappropriate tag
No valid ligands in the input directory
",2026-09-05 11:43:25
CHEMBL1204405,TDP43_v2,,,,"error:returncode=1 ing/masive_als_tdp43v4/ligandos/CHEMBL1204405_out.pdbqt
Reading input ... done.


Parse error on line 100 in file ""/kaggle/working/masive_als_tdp43v4/ligandos/CHEMBL1204405.pdbqt"": Unknown or inappropriate tag
No valid ligands in the input directory
 | returncode=1 ing/masive_als_tdp43v4/ligandos/CHEMBL1204405_out.pdbqt
Reading input ... done.


Parse error on line 100 in file ""/kaggle/working/masive_als_tdp43v4/ligandos/CHEMBL1204405.pdbqt"": Unknown or inappropriate tag
No valid ligands in the input directory
 | returncode=1 ing/masive_als_tdp43v4/ligandos/CHEMBL1204405_out.pdbqt
Reading input ... done.


Parse error on line 100 in file ""/kaggle/working/masive_als_tdp43v4/ligandos/CHEMBL1204405.pdbqt"": Unknown or inappropriate tag
No valid ligands in the input directory
",2026-09-05 11:43:25
CHEMBL1204406,TDP43_v2,,,,"error:returncode=1 ing/masive_als_tdp43v4/ligandos/CHEMBL1204406_out.pdbqt
Reading input ... done.


Parse error on line 104 in file ""/kaggle/working/masive_als_tdp43v4/ligandos/CHEMBL1204406.pdbqt"": Unknown or inappropriate tag
No valid ligands in the input directory
 | returncode=1 ing/masive_als_tdp43v4/ligandos/CHEMBL1204406_out.pdbqt
Reading input ... done.


Parse error on line 104 in file ""/kaggle/working/masive_als_tdp43v4/ligandos/CHEMBL1204406.pdbqt"": Unknown or inappropriate tag
No valid ligands in the input directory
 | returncode=1 ing/masive_als_tdp43v4/ligandos/CHEMBL1204406_out.pdbqt
Reading input ... done.


Parse error on line 104 in file ""/kaggle/working/masive_als_tdp43v4/ligandos/CHEMBL1204406.pdbqt"": Unknown or inappropriate tag
No valid ligands in the input directory
",2026-09-05 11:43:25
CHEMBL1204409,TDP43_v2,,,,"error:returncode=1 king/masive_als_tdp43v4/ligandos/CHEMBL1204409_out.pdbqt
Reading input ... done.


Parse error on line 83 in file ""/kaggle/working/masive_als_tdp43v4/ligandos/CHEMBL1204409.pdbqt"": Unknown or inappropriate tag
No valid ligands in the input directory
 | returncode=1 king/masive_als_tdp43v4/ligandos/CHEMBL1204409_out.pdbqt
Reading input ... done.


Parse error on line 83 in file ""/kaggle/working/masive_als_tdp43v4/ligandos/CHEMBL1204409.pdbqt"": Unknown or inappropriate tag
No valid ligands in the input directory
 | returncode=1 king/masive_als_tdp43v4/ligandos/CHEMBL1204409_out.pdbqt
Reading input ... done.


Parse error on line 83 in file ""/kaggle/working/masive_als_tdp43v4/ligandos/CHEMBL1204409.pdbqt"": Unknown or inappropriate tag
No valid ligands in the input directory
",2026-09-05 11:43:25
CHEMBL1204410,TDP43_v2,,,,"error:returncode=1 king/masive_als_tdp43v4/ligandos/CHEMBL1204410_out.pdbqt
Reading input ... done.


Parse error on line 60 in file ""/kaggle/working/masive_als_tdp43v4/ligandos/CHEMBL1204410.pdbqt"": Unknown or inappropriate tag
No valid ligands in the input directory
 | returncode=1 king/masive_als_tdp43v4/ligandos/CHEMBL1204410_out.pdbqt
Reading input ... done.


Parse error on line 60 in file ""/kaggle/working/masive_als_tdp43v4/ligandos/CHEMBL1204410.pdbqt"": Unknown or inappropriate tag
No valid ligands in the input directory
 | returncode=1 king/masive_als_tdp43v4/ligandos/CHEMBL1204410_out.pdbqt
Reading input ... done.


Parse error on line 60 in file ""/kaggle/working/masive_als_tdp43v4/ligandos/CHEMBL1204410.pdbqt"": Unknown or inappropriate tag
No valid ligands in the input directory
",2026-09-05 11:43:25
CHEMBL1204411,TDP43_v2,,,,"error:returncode=1 king/masive_als_tdp43v4/ligandos/CHEMBL1204411_out.pdbqt
Reading input ... done.


Parse error on line 61 in file ""/kaggle/working/masive_als_tdp43v4/ligandos/CHEMBL1204411.pdbqt"": Unknown or inappropriate tag
No valid ligands in the input directory
 | returncode=1 king/masive_als_tdp43v4/ligandos/CHEMBL1204411_out.pdbqt
Reading input ... done.


Parse error on line 61 in file ""/kaggle/working/masive_als_tdp43v4/ligandos/CHEMBL1204411.pdbqt"": Unknown or inappropriate tag
No valid ligands in the input directory
 | returncode=1 king/masive_als_tdp43v4/ligandos/CHEMBL1204411_out.pdbqt
Reading input ... done.


Parse error on line 61 in file ""/kaggle/working/masive_als_tdp43v4/ligandos/CHEMBL1204411.pdbqt"": Unknown or inappropriate tag
No valid ligands in the input directory
",2026-09-05 11:43:25
CHEMBL1204412,TDP43_v2,,,,"error:returncode=1 king/masive_als_tdp43v4/ligandos/CHEMBL1204412_out.pdbqt
Reading input ... done.


Parse error on line 62 in file ""/kaggle/working/masive_als_tdp43v4/ligandos/CHEMBL1204412.pdbqt"": Unknown or inappropriate tag
No valid ligands in the input directory
 | returncode=1 king/masive_als_tdp43v4/ligandos/CHEMBL1204412_out.pdbqt
Reading input ... done.


Parse error on line 62 in file ""/kaggle/working/masive_als_tdp43v4/ligandos/CHEMBL1204412.pdbqt"": Unknown or inappropriate tag
No valid ligands in the input directory
 | returncode=1 king/masive_als_tdp43v4/ligandos/CHEMBL1204412_out.pdbqt
Reading input ... done.


Parse error on line 62 in file ""/kaggle/working/masive_als_tdp43v4/ligandos/CHEMBL1204412.pdbqt"": Unknown or inappropriate tag
No valid ligands in the input directory
",2026-09-05 11:43:25
CHEMBL1204413,TDP43_v2,,,,"error:returncode=1 king/masive_als_tdp43v4/ligandos/CHEMBL1204413_out.pdbqt
Reading input ... done.


Parse error on line 61 in file ""/kaggle/working/masive_als_tdp43v4/ligandos/CHEMBL1204413.pdbqt"": Unknown or inappropriate tag
No valid ligands in the input directory
 | returncode=1 king/masive_als_tdp43v4/ligandos/CHEMBL1204413_out.pdbqt
Reading input ... done.


Parse error on line 61 in file ""/kaggle/working/masive_als_tdp43v4/ligandos/CHEMBL1204413.pdbqt"": Unknown or inappropriate tag
No valid ligands in the input directory
 | returncode=1 king/masive_als_tdp43v4/ligandos/CHEMBL1204413_out.pdbqt
Reading input ... done.


Parse error on line 61 in file ""/kaggle/working/masive_als_tdp43v4/ligandos/CHEMBL1204413.pdbqt"": Unknown or inappropriate tag
No valid ligands in the input directory
",2026-09-05 11:43:25
CHEMBL1204414,TDP43_v2,,,,"error:returncode=1 king/masive_als_tdp43v4/ligandos/CHEMBL1204414_out.pdbqt
Reading input ... done.


Parse error on line 62 in file ""/kaggle/working/masive_als_tdp43v4/ligandos/CHEMBL1204414.pdbqt"": Unknown or inappropriate tag
No valid ligands in the input directory
 | returncode=1 king/masive_als_tdp43v4/ligandos/CHEMBL1204414_out.pdbqt
Reading input ... done.


Parse error on line 62 in file ""/kaggle/working/masive_als_tdp43v4/ligandos/CHEMBL1204414.pdbqt"": Unknown or inappropriate tag
No valid ligands in the input directory
 | returncode=1 king/masive_als_tdp43v4/ligandos/CHEMBL1204414_out.pdbqt
Reading input ... done.


Parse error on line 62 in file ""/kaggle/working/masive_als_tdp43v4/ligandos/CHEMBL1204414.pdbqt"": Unknown or inappropriate tag
No valid ligands in the input directory
",2026-09-05 11:43:25
CHEMBL1204415,TDP43_v2,,,,"error:returncode=1 king/masive_als_tdp43v4/ligandos/CHEMBL1204415_out.pdbqt
Reading input ... done.


Parse error on line 63 in file ""/kaggle/working/masive_als_tdp43v4/ligandos/CHEMBL1204415.pdbqt"": Unknown or inappropriate tag
No valid ligands in the input directory
 | returncode=1 king/masive_als_tdp43v4/ligandos/CHEMBL1204415_out.pdbqt
Reading input ... done.


Parse error on line 63 in file ""/kaggle/working/masive_als_tdp43v4/ligandos/CHEMBL1204415.pdbqt"": Unknown or inappropriate tag
No valid ligands in the input directory
 | returncode=1 king/masive_als_tdp43v4/ligandos/CHEMBL1204415_out.pdbqt
Reading input ... done.


Parse error on line 63 in file ""/kaggle/working/masive_als_tdp43v4/ligandos/CHEMBL1204415.pdbqt"": Unknown or inappropriate tag
No valid ligands in the input directory
",2026-09-05 11:43:25
CHEMBL1204416,TDP43_v2,,,,"error:returncode=1 king/masive_als_tdp43v4/ligandos/CHEMBL1204416_out.pdbqt
Reading input ... done.


Parse error on line 87 in file ""/kaggle/working/masive_als_tdp43v4/ligandos/CHEMBL1204416.pdbqt"": Unknown or inappropriate tag
No valid ligands in the input directory
 | returncode=1 king/masive_als_tdp43v4/ligandos/CHEMBL1204416_out.pdbqt
Reading input ... done.


Parse error on line 87 in file ""/kaggle/working/masive_als_tdp43v4/ligandos/CHEMBL1204416.pdbqt"": Unknown or inappropriate tag
No valid ligands in the input directory
 | returncode=1 king/masive_als_tdp43v4/ligandos/CHEMBL1204416_out.pdbqt
Reading input ... done.


Parse error on line 87 in file ""/kaggle/working/masive_als_tdp43v4/ligandos/CHEMBL1204416.pdbqt"": Unknown or inappropriate tag
No valid ligands in the input directory
",2026-09-05 11:43:25
CHEMBL1204417,TDP43_v2,,,,"error:returncode=1 king/masive_als_tdp43v4/ligandos/CHEMBL1204417_out.pdbqt
Reading input ... done.


Parse error on line 82 in file ""/kaggle/working/masive_als_tdp43v4/ligandos/CHEMBL1204417.pdbqt"": Unknown or inappropriate tag
No valid ligands in the input directory
 | returncode=1 king/masive_als_tdp43v4/ligandos/CHEMBL1204417_out.pdbqt
Reading input ... done.


Parse error on line 82 in file ""/kaggle/working/masive_als_tdp43v4/ligandos/CHEMBL1204417.pdbqt"": Unknown or inappropriate tag
No valid ligands in the input directory
 | returncode=1 king/masive_als_tdp43v4/ligandos/CHEMBL1204417_out.pdbqt
Reading input ... done.


Parse error on line 82 in file ""/kaggle/working/masive_als_tdp43v4/ligandos/CHEMBL1204417.pdbqt"": Unknown or inappropriate tag
No valid ligands in the input directory
",2026-09-05 11:43:25
CHEMBL1204418,TDP43_v2,,,,"error:returncode=1 king/masive_als_tdp43v4/ligandos/CHEMBL1204418_out.pdbqt
Reading input ... done.


Parse error on line 84 in file ""/kaggle/working/masive_als_tdp43v4/ligandos/CHEMBL1204418.pdbqt"": Unknown or inappropriate tag
No valid ligands in the input directory
 | returncode=1 king/masive_als_tdp43v4/ligandos/CHEMBL1204418_out.pdbqt
Reading input ... done.


Parse error on line 84 in file ""/kaggle/working/masive_als_tdp43v4/ligandos/CHEMBL1204418.pdbqt"": Unknown or inappropriate tag
No valid ligands in the input directory
 | returncode=1 king/masive_als_tdp43v4/ligandos/CHEMBL1204418_out.pdbqt
Reading input ... done.


Parse error on line 84 in file ""/kaggle/working/masive_als_tdp43v4/ligandos/CHEMBL1204418.pdbqt"": Unknown or inappropriate tag
No valid ligands in the input directory
",2026-09-05 11:43:25
CHEMBL1204419,TDP43_v2,,,,"error:returncode=1 king/masive_als_tdp43v4/ligandos/CHEMBL1204419_out.pdbqt
Reading input ... done.


Parse error on line 40 in file ""/kaggle/working/masive_als_tdp43v4/ligandos/CHEMBL1204419.pdbqt"": Unknown or inappropriate tag
No valid ligands in the input directory
 | returncode=1 king/masive_als_tdp43v4/ligandos/CHEMBL1204419_out.pdbqt
Reading input ... done.


Parse error on line 40 in file ""/kaggle/working/masive_als_tdp43v4/ligandos/CHEMBL1204419.pdbqt"": Unknown or inappropriate tag
No valid ligands in the input directory
 | returncode=1 king/masive_als_tdp43v4/ligandos/CHEMBL1204419_out.pdbqt
Reading input ... done.


Parse error on line 40 in file ""/kaggle/working/masive_als_tdp43v4/ligandos/CHEMBL1204419.pdbqt"": Unknown or inappropriate tag
No valid ligands in the input directory
",2026-09-05 11:43:25
CHEMBL1204421,TDP43_v2,,,,"error:returncode=1 ing/masive_als_tdp43v4/ligandos/CHEMBL1204421_out.pdbqt
Reading input ... done.


Parse error on line 102 in file ""/kaggle/working/masive_als_tdp43v4/ligandos/CHEMBL1204421.pdbqt"": Unknown or inappropriate tag
No valid ligands in the input directory
 | returncode=1 ing/masive_als_tdp43v4/ligandos/CHEMBL1204421_out.pdbqt
Reading input ... done.


Parse error on line 102 in file ""/kaggle/working/masive_als_tdp43v4/ligandos/CHEMBL1204421.pdbqt"": Unknown or inappropriate tag
No valid ligands in the input directory
 | returncode=1 ing/masive_als_tdp43v4/ligandos/CHEMBL1204421_out.pdbqt
Reading input ... done.


Parse error on line 102 in file ""/kaggle/working/masive_als_tdp43v4/ligandos/CHEMBL1204421.pdbqt"": Unknown or inappropriate tag
No valid ligands in the input directory
",2026-09-05 11:43:25
CHEMBL1204423,TDP43_v2,,,,"error:returncode=1 ing/masive_als_tdp43v4/ligandos/CHEMBL1204423_out.pdbqt
Reading input ... done.


Parse error on line 108 in file ""/kaggle/working/masive_als_tdp43v4/ligandos/CHEMBL1204423.pdbqt"": Unknown or inappropriate tag
No valid ligands in the input directory
 | returncode=1 ing/masive_als_tdp43v4/ligandos/CHEMBL1204423_out.pdbqt
Reading input ... done.


Parse error on line 108 in file ""/kaggle/working/masive_als_tdp43v4/ligandos/CHEMBL1204423.pdbqt"": Unknown or inappropriate tag
No valid ligands in the input directory
 | returncode=1 ing/masive_als_tdp43v4/ligandos/CHEMBL1204423_out.pdbqt
Reading input ... done.


Parse error on line 108 in file ""/kaggle/working/masive_als_tdp43v4/ligandos/CHEMBL1204423.pdbqt"": Unknown or inappropriate tag
No valid ligands in the input directory
",2026-09-05 11:43:25
CHEMBL1204424,TDP43_v2,,,,"error:returncode=1 ing/masive_als_tdp43v4/ligandos/CHEMBL1204424_out.pdbqt
Reading input ... done.


Parse error on line 101 in file ""/kaggle/working/masive_als_tdp43v4/ligandos/CHEMBL1204424.pdbqt"": Unknown or inappropriate tag
No valid ligands in the input directory
 | returncode=1 ing/masive_als_tdp43v4/ligandos/CHEMBL1204424_out.pdbqt
Reading input ... done.


Parse error on line 101 in file ""/kaggle/working/masive_als_tdp43v4/ligandos/CHEMBL1204424.pdbqt"": Unknown or inappropriate tag
No valid ligands in the input directory
 | returncode=1 ing/masive_als_tdp43v4/ligandos/CHEMBL1204424_out.pdbqt
Reading input ... done.


Parse error on line 101 in file ""/kaggle/working/masive_als_tdp43v4/ligandos/CHEMBL1204424.pdbqt"": Unknown or inappropriate tag
No valid ligands in the input directory
",2026-09-05 11:43:25
CHEMBL1204425,TDP43_v2,,,,"error:returncode=1 ing/masive_als_tdp43v4/ligandos/CHEMBL1204425_out.pdbqt
Reading input ... done.


Parse error on line 101 in file ""/kaggle/working/masive_als_tdp43v4/ligandos/CHEMBL1204425.pdbqt"": Unknown or inappropriate tag
No valid ligands in the input directory
 | returncode=1 ing/masive_als_tdp43v4/ligandos/CHEMBL1204425_out.pdbqt
Reading input ... done.


Parse error on line 101 in file ""/kaggle/working/masive_als_tdp43v4/ligandos/CHEMBL1204425.pdbqt"": Unknown or inappropriate tag
No valid ligands in the input directory
 | returncode=1 ing/masive_als_tdp43v4/ligandos/CHEMBL1204425_out.pdbqt
Reading input ... done.


Parse error on line 101 in file ""/kaggle/working/masive_als_tdp43v4/ligandos/CHEMBL1204425.pdbqt"": Unknown or inappropriate tag
No valid ligands in the input directory
",2026-09-05 11:43:25
CHEMBL1204426,TDP43_v2,,,,"error:returncode=1 king/masive_als_tdp43v4/ligandos/CHEMBL1204426_out.pdbqt
Reading input ... done.


Parse error on line 93 in file ""/kaggle/working/masive_als_tdp43v4/ligandos/CHEMBL1204426.pdbqt"": Unknown or inappropriate tag
No valid ligands in the input directory
 | returncode=1 king/masive_als_tdp43v4/ligandos/CHEMBL1204426_out.pdbqt
Reading input ... done.


Parse error on line 93 in file ""/kaggle/working/masive_als_tdp43v4/ligandos/CHEMBL1204426.pdbqt"": Unknown or inappropriate tag
No valid ligands in the input directory
 | returncode=1 king/masive_als_tdp43v4/ligandos/CHEMBL1204426_out.pdbqt
Reading input ... done.


Parse error on line 93 in file ""/kaggle/working/masive_als_tdp43v4/ligandos/CHEMBL1204426.pdbqt"": Unknown or inappropriate tag
No valid ligands in the input directory
",2026-09-05 11:43:25
CHEMBL1204428,TDP43_v2,-5.6,777,-5.5000;-5.3000;-5.6000,ok,2026-09-05 11:43:56
CHEMBL1204430,TDP43_v2,-5.8,42,-5.8000;-5.7000;-5.1000,ok,2026-09-05 11:44:27
CHEMBL1204431,TDP43_v2,-5.8,2026,-5.7000;-5.8000;-5.3000,ok,2026-09-05 11:44:55
CHEMBL1204432,TDP43_v2,-5.7,42,-5.7000;-5.1000;-5.4000,ok,2026-09-05 11:45:21
CHEMBL1204434,TDP43_v2,-5.5,42,-5.5000;-4.8000;-5.1000,ok,2026-09-05 11:45:48
CHEMBL1204435,TDP43_v2,-5.6,42,-5.6000;-4.8000;-5.6000,ok,2026-09-05 11:46:16
CHEMBL1204436,TDP43_v2,-6.0,2026,-5.7000;-6.0000;-5.1000,ok,2026-09-05 11:46:44
CHEMBL1204439,TDP43_v2,-5.9,42,-5.9000;-5.1000;-5.2000,ok,2026-09-05 11:47:16
CHEMBL1204440,TDP43_v2,-4.3,777,-4.2000;-4.2000;-4.3000,ok,2026-09-05 11:47:22
CHEMBL1204442,TDP43_v2,-6.4,42,-6.4000;-6.1000;-5.8000,ok,2026-09-05 11:47:32
CHEMBL1204445,TDP43_v2,-5.6,42,-5.6000;-4.8000;-5.4000,ok,2026-09-05 11:47:44
CHEMBL1204446,TDP43_v2,-5.7,42,-5.7000;-5.4000;-5.3000,ok,2026-09-05 11:47:54
CHEMBL1204450,TDP43_v2,-6.4,42,-6.4000;-5.6000;-4.6000,ok,2026-09-05 11:48:09
CHEMBL1204454,TDP43_v2,-5.7,42,-5.7000;-5.7000;-5.4000,ok,2026-09-05 11:48:19
CHEMBL1204455,TDP43_v2,-5.5,42,-5.5000;-5.4000;-5.3000,ok,2026-09-05 11:48:28
CHEMBL1204456,TDP43_v2,-6.1,42,-6.1000;-5.7000;-5.8000,ok,2026-09-05 11:48:37
CHEMBL1204457,TDP43_v2,-6.1,42,-6.1000;-5.8000;-5.9000,ok,2026-09-05 11:48:50
CHEMBL1204458,TDP43_v2,-5.8,42,-5.8000;-5.1000;-5.4000,ok,2026-09-05 11:49:03
CHEMBL1204459,TDP43_v2,-6.7,777,-6.3000;-6.5000;-6.7000,ok,2026-09-05 11:49:15
CHEMBL1204460,TDP43_v2,-6.2,2026,-5.9000;-6.2000;-6.1000,ok,2026-09-05 11:49:28
CHEMBL1204461,TDP43_v2,-6.6,2026,-6.3000;-6.6000;-6.6000,ok,2026-09-05 11:49:43
CHEMBL1204462,TDP43_v2,-5.9,42,-5.9000;-5.8000;-5.6000,ok,2026-09-05 11:49:53
CHEMBL1204463,TDP43_v2,-5.8,42,-5.8000;-5.6000;-5.8000,ok,2026-09-05 11:50:05
CHEMBL1204464,TDP43_v2,-6.0,42,-6.0000;-5.8000;-5.8000,ok,2026-09-05 11:50:15
CHEMBL1204465,TDP43_v2,-5.8,777,-5.5000;-5.4000;-5.8000,ok,2026-09-05 11:50:27
CHEMBL1204468,TDP43_v2,-6.6,42,-6.6000;-6.2000;-6.6000,ok,2026-09-05 11:50:40
CHEMBL1204470,TDP43_v2,-7.2,42,-7.2000;-7.1000;-7.1000,ok,2026-09-05 11:50:52
CHEMBL1204471,TDP43_v2,-6.5,42,-6.5000;-6.3000;-6.3000,ok,2026-09-05 11:51:02
CHEMBL1204472,TDP43_v2,-6.7,2026,-6.4000;-6.7000;-6.5000,ok,2026-09-05 11:51:14
CHEMBL1204473,TDP43_v2,-5.7,42,-5.7000;-5.5000;-5.1000,ok,2026-09-05 11:51:24
CHEMBL1204475,TDP43_v2,-5.9,42,-5.9000;-5.7000;-5.7000,ok,2026-09-05 11:51:36
CHEMBL1204476,TDP43_v2,-5.0,777,-4.9000;-4.8000;-5.0000,ok,2026-09-05 11:51:43
CHEMBL1204478,TDP43_v2,-5.4,777,-5.0000;-5.1000;-5.4000,ok,2026-09-05 11:52:02
CHEMBL1204479,TDP43_v2,-4.5,42,-4.5000;-4.2000;-4.5000,ok,2026-09-05 11:52:09
CHEMBL1204480,TDP43_v2,-5.1,2026,-5.0000;-5.1000;-5.1000,ok,2026-09-05 11:52:27
CHEMBL1204481,TDP43_v2,-5.7,777,-5.3000;-5.6000;-5.7000,ok,2026-09-05 11:52:47
CHEMBL1204482,TDP43_v2,-6.0,2026,-5.9000;-6.0000;-5.4000,ok,2026-09-05 11:53:08
CHEMBL1204483,TDP43_v2,-4.4,777,-4.2000;-4.2000;-4.4000,ok,2026-09-05 11:53:15
CHEMBL1204485,TDP43_v2,-5.8,2026,-5.7000;-5.8000;-5.8000,ok,2026-09-05 11:53:36
CHEMBL1204487,TDP43_v2,-5.7,42,-5.7000;-5.5000;-5.4000,ok,2026-09-05 11:53:57
CHEMBL1204488,TDP43_v2,-5.6,2026,-4.9000;-5.6000;-5.6000,ok,2026-09-05 11:54:28
CHEMBL1204490,TDP43_v2,-5.5,777,-4.8000;-5.3000;-5.5000,ok,2026-09-05 11:54:59
CHEMBL1204491,TDP43_v2,-6.7,42,-6.7000;-5.2000;-5.2000,ok,2026-09-05 11:55:27
CHEMBL1204492,TDP43_v2,-6.2,2026,-5.8000;-6.2000;-5.6000,ok,2026-09-05 11:55:49
CHEMBL1204493,TDP43_v2,-5.2,42,-5.2000;-4.9000;-4.9000,ok,2026-09-05 11:56:10
CHEMBL1204494,TDP43_v2,-6.4,42,-6.4000;-6.0000;-6.3000,ok,2026-09-05 11:56:29
CHEMBL1204495,TDP43_v2,-6.6,2026,-6.3000;-6.6000;-5.7000,ok,2026-09-05 11:56:47
CHEMBL1204496,TDP43_v2,-7.1,2026,-5.9000;-7.1000;-6.4000,ok,2026-09-05 11:57:12
CHEMBL1204497,TDP43_v2,-6.4,2026,-4.9000;-6.4000;-5.5000,ok,2026-09-05 11:57:30
CHEMBL1204498,TDP43_v2,-6.7,42,-6.7000;-6.7000;-6.6000,ok,2026-09-05 11:57:40
CHEMBL1204499,TDP43_v2,-6.2,42,-6.2000;-6.0000;-6.1000,ok,2026-09-05 11:57:53
CHEMBL1204500,TDP43_v2,-6.3,42,-6.3000;-6.3000;-6.3000,ok,2026-09-05 11:58:02
CHEMBL1204501,TDP43_v2,-6.7,2026,-6.6000;-6.7000;-6.7000,ok,2026-09-05 11:58:15
CHEMBL1204502,TDP43_v2,-6.3,42,-6.3000;-6.3000;-6.3000,ok,2026-09-05 11:58:24
CHEMBL1204503,TDP43_v2,-6.8,777,-6.7000;-6.7000;-6.8000,ok,2026-09-05 11:58:37
CHEMBL1204504,TDP43_v2,-7.0,42,-7.0000;-7.0000;-7.0000,ok,2026-09-05 11:58:49
CHEMBL1204505,TDP43_v2,-6.3,2026,-5.7000;-6.3000;-6.2000,ok,2026-09-05 11:59:02
CHEMBL1204506,TDP43_v2,-5.6,42,-5.6000;-5.5000;-4.9000,ok,2026-09-05 11:59:11
CHEMBL1204507,TDP43_v2,-6.1,2026,-5.7000;-6.1000;-5.9000,ok,2026-09-05 11:59:27
CHEMBL1204508,TDP43_v2,-6.4,2026,-5.7000;-6.4000;-6.2000,ok,2026-09-05 11:59:39
CHEMBL1204509,TDP43_v2,-4.5,42,-4.5000;-4.4000;-4.4000,ok,2026-09-05 11:59:49
CHEMBL1204510,TDP43_v2,-4.8,42,-4.8000;-4.8000;-4.8000,ok,2026-09-05 12:00:19
CHEMBL1204511,TDP43_v2,-5.3,42,-5.3000;-5.2000;-4.8000,ok,2026-09-05 12:00:41
CHEMBL1204512,TDP43_v2,-4.4,777,-4.3000;-4.3000;-4.4000,ok,2026-09-05 12:00:50
CHEMBL1204514,TDP43_v2,-4.9,2026,-4.3000;-4.9000;-4.8000,ok,2026-09-05 12:01:15
CHEMBL1204515,TDP43_v2,-4.6,2026,-4.4000;-4.6000;-4.3000,ok,2026-09-05 12:01:24
CHEMBL1204516,TDP43_v2,-4.7,2026,-4.5000;-4.7000;-4.5000,ok,2026-09-05 12:01:37
CHEMBL1204517,TDP43_v2,-4.8,42,-4.8000;-4.6000;-4.6000,ok,2026-09-05 12:01:55
CHEMBL1204519,TDP43_v2,-4.6,777,-4.3000;-4.5000;-4.6000,ok,2026-09-05 12:02:14
CHEMBL1204520,TDP43_v2,-5.7,2026,-4.0000;-5.7000;-5.6000,ok,2026-09-05 12:02:44
CHEMBL1204521,TDP43_v2,-4.6,2026,-4.4000;-4.6000;-4.6000,ok,2026-09-05 12:03:06
CHEMBL1204523,TDP43_v2,-6.3,777,-5.8000;-6.1000;-6.3000,ok,2026-09-05 12:03:21
CHEMBL1204524,TDP43_v2,-5.1,2026,-4.8000;-5.1000;-5.0000,ok,2026-09-05 12:03:37
CHEMBL1204525,TDP43_v2,-5.7,2026,-5.5000;-5.7000;-5.6000,ok,2026-09-05 12:03:52
CHEMBL1204526,TDP43_v2,-5.5,42,-5.5000;-4.7000;-5.3000,ok,2026-09-05 12:04:14
CHEMBL1204527,TDP43_v2,-5.8,2026,-5.5000;-5.8000;-5.4000,ok,2026-09-05 12:04:39
CHEMBL1204528,TDP43_v2,-5.7,2026,-5.6000;-5.7000;-5.1000,ok,2026-09-05 12:05:12
CHEMBL1204529,TDP43_v2,-5.6,777,-4.8000;-5.5000;-5.6000,ok,2026-09-05 12:05:37
CHEMBL1204530,TDP43_v2,-5.3,42,-5.3000;-5.2000;-4.4000,ok,2026-09-05 12:06:08
CHEMBL1204531,TDP43_v2,-6.0,2026,-5.6000;-6.0000;-5.7000,ok,2026-09-05 12:06:41
CHEMBL1204532,TDP43_v2,-5.4,42,-5.4000;-5.4000;-5.4000,ok,2026-09-05 12:07:15
CHEMBL1204533,TDP43_v2,-5.2,2026,-5.1000;-5.2000;-4.8000,ok,2026-09-05 12:08:12
CHEMBL1204536,TDP43_v2,,,,"error:returncode=1 king/masive_als_tdp43v4/ligandos/CHEMBL1204536_out.pdbqt
Reading input ... done.


Parse error on line 52 in file ""/kaggle/working/masive_als_tdp43v4/ligandos/CHEMBL1204536.pdbqt"": Unknown or inappropriate tag
No valid ligands in the input directory
 | returncode=1 king/masive_als_tdp43v4/ligandos/CHEMBL1204536_out.pdbqt
Reading input ... done.


Parse error on line 52 in file ""/kaggle/working/masive_als_tdp43v4/ligandos/CHEMBL1204536.pdbqt"": Unknown or inappropriate tag
No valid ligands in the input directory
 | returncode=1 king/masive_als_tdp43v4/ligandos/CHEMBL1204536_out.pdbqt
Reading input ... done.


Parse error on line 52 in file ""/kaggle/working/masive_als_tdp43v4/ligandos/CHEMBL1204536.pdbqt"": Unknown or inappropriate tag
No valid ligands in the input directory
",2026-09-05 12:08:12
CHEMBL1204537,TDP43_v2,-6.0,777,-5.9000;-5.9000;-6.0000,ok,2026-09-05 12:08:21
CHEMBL1204538,TDP43_v2,-4.9,42,-4.9000;-4.5000;-4.7000,ok,2026-09-05 12:08:34
CHEMBL1204539,TDP43_v2,-6.0,777,-5.7000;-5.7000;-6.0000,ok,2026-09-05 12:09:05
CHEMBL1204540,TDP43_v2,-6.0,42,-6.0000;-5.5000;-5.6000,ok,2026-09-05 12:09:38
CHEMBL1204541,TDP43_v2,-5.7,42,-5.7000;-4.6000;-4.8000,ok,2026-09-05 12:10:06
CHEMBL1204542,TDP43_v2,-6.0,777,-5.5000;-5.5000;-6.0000,ok,2026-09-05 12:10:37
CHEMBL1204544,TDP43_v2,-6.1,2026,-5.4000;-6.1000;-5.9000,ok,2026-09-05 12:11:10
CHEMBL1204545,TDP43_v2,-5.6,2026,-5.4000;-5.6000;-5.5000,ok,2026-09-05 12:11:20
CHEMBL1204546,TDP43_v2,-4.7,2026,-4.5000;-4.7000;-4.7000,ok,2026-09-05 12:11:26
CHEMBL1204547,TDP43_v2,-5.5,42,-5.5000;-5.5000;-5.1000,ok,2026-09-05 12:11:42
CHEMBL1204548,TDP43_v2,-6.0,42,-6.0000;-5.6000;-6.0000,ok,2026-09-05 12:11:57
CHEMBL1204549,TDP43_v2,-6.0,42,-6.0000;-6.0000;-5.1000,ok,2026-09-05 12:12:07
CHEMBL1204550,TDP43_v2,,,,"error:returncode=1 king/masive_als_tdp43v4/ligandos/CHEMBL1204550_out.pdbqt
Reading input ... done.


Parse error on line 98 in file ""/kaggle/working/masive_als_tdp43v4/ligandos/CHEMBL1204550.pdbqt"": Unknown or inappropriate tag
No valid ligands in the input directory
 | returncode=1 king/masive_als_tdp43v4/ligandos/CHEMBL1204550_out.pdbqt
Reading input ... done.


Parse error on line 98 in file ""/kaggle/working/masive_als_tdp43v4/ligandos/CHEMBL1204550.pdbqt"": Unknown or inappropriate tag
No valid ligands in the input directory
 | returncode=1 king/masive_als_tdp43v4/ligandos/CHEMBL1204550_out.pdbqt
Reading input ... done.


Parse error on line 98 in file ""/kaggle/working/masive_als_tdp43v4/ligandos/CHEMBL1204550.pdbqt"": Unknown or inappropriate tag
No valid ligands in the input directory
",2026-09-05 12:12:07
CHEMBL1204551,TDP43_v2,-5.7,42,-5.7000;-5.7000;-5.5000,ok,2026-09-05 12:12:22
CHEMBL1204552,TDP43_v2,-6.0,777,-5.3000;-5.7000;-6.0000,ok,2026-09-05 12:12:35
CHEMBL1204553,TDP43_v2,-7.0,42,-7.0000;-6.2000;-6.3000,ok,2026-09-05 12:12:47
CHEMBL1204554,TDP43_v2,-6.5,2026,-6.3000;-6.5000;-6.2000,ok,2026-09-05 12:12:57
CHEMBL1204555,TDP43_v2,-5.2,2026,-5.0000;-5.2000;-5.0000,ok,2026-09-05 12:13:03
CHEMBL1204558,TDP43_v2,-5.6,42,-5.6000;-5.5000;-5.5000,ok,2026-09-05 12:13:25
CHEMBL1204559,TDP43_v2,-5.7,42,-5.7000;-5.3000;-4.9000,ok,2026-09-05 12:14:00
CHEMBL1204560,TDP43_v2,-6.7,42,-6.7000;-6.7000;-6.7000,ok,2026-09-05 12:14:12
CHEMBL1204561,TDP43_v2,-6.6,42,-6.6000;-4.7000;-4.7000,ok,2026-09-05 12:14:34
CHEMBL1204562,TDP43_v2,-5.9,777,-5.7000;-5.5000;-5.9000,ok,2026-09-05 12:14:52
CHEMBL1204563,TDP43_v2,-6.9,42,-6.9000;-6.5000;-6.8000,ok,2026-09-05 12:15:05
CHEMBL1204564,TDP43_v2,-5.5,42,-5.5000;-5.4000;-5.5000,ok,2026-09-05 12:15:21
